profile_id,age,annual_income,state,occupation,education_level,social_category,gender,disability_status,employment_status,user_type,scheme_id,scheme_category,beneficiary_level,matched_conditions,failed_conditions,missing_conditions,match_percentage,required_documents_count,manual_verification_required,has_failed_condition,has_missing_information,is_individual_scheme,status,relevance_label,is_relevant
P01,20,150000,Delhi,student,undergraduate,general,female,0,student,student,MED001,Health / Social Welfare,individual,10,4,0,0.7142857142857143,9,1,1,0,1,not_eligible,0,0
P01,20,150000,Delhi,student,undergraduate,general,female,0,student,student,CUL001,Culture / Pension,individual,10,4,0,0.7142857142857143,8,1,1,0,1,not_eligible,0,0
P01,20,150000,Delhi,student,undergraduate,general,female,0,student,student,SOC001,Social Security / Pension,individual,10,4,0,0.7142857142857143,6,0,1,0,1,not_eligible,0,0
P01,20,150000,Delhi,student,undergraduate,general,female,0,student,student,HOU001,Housing / LGBTQ+ Welfare,individual,11,3,0,0.7857142857142857,3,1,1,0,1,not_eligible,0,0
P01,20,150000,Delhi,student,undergraduate,general,female,0,student,student,EXT001,External Affairs / Overseas Welfare,individual,14,0,0,1.0,4,1,0,0,1,eligible,2,1
P01,20,150000,Delhi,student,undergraduate,general,female,0,student,student,RUR001,Rural Infrastructure / Energy,community,11,3,0,0.7857142857142857,3,1,1,0,0,not_eligible,0,0
P01,20,150000,Delhi,student,undergraduate,general,female,0,student,student,EDU001,Education / Disability,institution,11,3,0,0.7857142857142857,6,1,1,0,0,not_eligible,0,0
P01,20,150000,Delhi,student,undergraduate,general,female,0,student,student,EDU002,Scholarship / Education,individual,10,4,0,0.7142857142857143,7,0,1,0,1,not_eligible,0,0
P01,20,150000,Delhi,student,undergraduate,general,female,0,student,student,RES001,Research & Development,institution,10,4,0,0.7142857142857143,5,1,1,0,0,not_eligible,0,0
P01,20,150000,Delhi,student,undergraduate,general,female,0,student,student,FIN001,Financial Inclusion / Insurance,individual,13,1,0,0.9285714285714286,4,0,1,0,1,not_eligible,0,0
P01,20,150000,Delhi,student,undergraduate,general,female,0,student,student,AGR001,Fisheries / Social Security,individual,11,3,0,0.7857142857142857,8,1,1,0,1,not_eligible,0,0
P01,20,150000,Delhi,student,undergraduate,general,female,0,student,student,MED002,Health / Financial Assistance,individual,12,2,0,0.8571428571428571,5,1,1,0,1,not_eligible,0,0
P01,20,150000,Delhi,student,undergraduate,general,female,0,student,student,SOC002,Social Security / Healthcare,individual,10,4,0,0.7142857142857143,6,1,1,0,1,not_eligible,0,0
P01,20,150000,Delhi,student,undergraduate,general,female,0,student,student,EMP001,Entrepreneurship / Minority Welfare,individual,8,6,0,0.5714285714285714,6,0,1,0,1,not_eligible,0,0
P01,20,150000,Delhi,student,undergraduate,general,female,0,student,student,SKL001,Skill Development / Agriculture,organization,11,3,0,0.7857142857142857,4,0,1,0,0,not_eligible,0,0
P01,20,150000,Delhi,student,undergraduate,general,female,0,student,student,AGR002,Agriculture / Export Promotion,organization,12,2,0,0.8571428571428571,4,1,1,0,0,not_eligible,0,0
P01,20,150000,Delhi,student,undergraduate,general,female,0,student,student,AGR003,Agriculture / Farm Mechanization,individual,12,2,1,0.8,5,0,1,1,1,not_eligible,0,0
P01,20,150000,Delhi,student,undergraduate,general,female,0,student,student,RUR002,Rural Development / Land Ownership,individual,13,1,0,0.9285714285714286,3,1,1,0,1,not_eligible,0,0
P01,20,150000,Delhi,student,undergraduate,general,female,0,student,student,DIS001,Disability Welfare / Transport Aid,individual,8,6,0,0.5714285714285714,7,0,1,0,1,not_eligible,0,0
P01,20,150000,Delhi,student,undergraduate,general,female,0,student,student,SKL002,Skill Development / Entrepreneurship,individual,9,5,0,0.6428571428571429,5,1,1,0,1,not_eligible,0,0
P01,20,150000,Delhi,student,undergraduate,general,female,0,student,student,SOC003,Minority Welfare / Financial Assistance,individual,9,5,0,0.6428571428571429,6,0,1,0,1,not_eligible,0,0
P01,20,150000,Delhi,student,undergraduate,general,female,0,student,student,MIN001,Minority Welfare / Skill & Livelihood,individual,11,3,0,0.7857142857142857,4,0,1,0,1,not_eligible,0,0
P01,20,150000,Delhi,student,undergraduate,general,female,0,student,student,COM001,Commerce & Industry / Recognition,individual,12,2,0,0.8571428571428571,3,1,1,0,1,not_eligible,0,0
P01,20,150000,Delhi,student,undergraduate,general,female,0,student,student,SCI001,Science & Technology / Innovation,individual,12,2,0,0.8571428571428571,5,1,1,0,1,not_eligible,0,0
P01,20,150000,Delhi,student,undergraduate,general,female,0,student,student,FIN002,Financial Inclusion / Entrepreneurship,individual,12,2,0,0.8571428571428571,6,1,1,0,1,not_eligible,0,0
P01,20,150000,Delhi,student,undergraduate,general,female,0,student,student,MED003,Health / Financial Assistance,individual,12,2,0,0.8571428571428571,5,1,1,0,1,not_eligible,0,0
P01,20,150000,Delhi,student,undergraduate,general,female,0,student,student,MED004,Healthcare / Financial Assistance,individual,13,1,0,0.9285714285714286,5,1,1,0,1,not_eligible,0,0
P01,20,150000,Delhi,student,undergraduate,general,female,0,student,student,MED005,Healthcare / Insurance,individual,12,2,0,0.8571428571428571,4,0,1,0,1,not_eligible,0,0
P01,20,150000,Delhi,student,undergraduate,general,female,0,student,student,WOM001,Women & Child Development / Nutrition,individual,11,3,0,0.7857142857142857,3,0,1,0,1,not_eligible,0,0
P01,20,150000,Delhi,student,undergraduate,general,female,0,student,student,HEA001,Healthcare / Pharmaceuticals,individual,12,2,0,0.8571428571428571,5,0,1,0,1,not_eligible,0,0
P01,20,150000,Delhi,student,undergraduate,general,female,0,student,student,EDU003,Education / Nutrition,individual,11,3,0,0.7857142857142857,2,0,1,0,1,not_eligible,0,0
P01,20,150000,Delhi,student,undergraduate,general,female,0,student,student,EDU004,Scholarship / Disability Welfare,individual,11,3,0,0.7857142857142857,6,0,1,0,1,not_eligible,0,0
P01,20,150000,Delhi,student,undergraduate,general,female,0,student,student,EDU005,Scholarship / Social Justice,individual,11,3,0,0.7857142857142857,6,0,1,0,1,not_eligible,0,0
P01,20,150000,Delhi,student,undergraduate,general,female,0,student,student,EDU006,Scholarship / Women Education,individual,12,2,1,0.8,5,1,1,1,1,not_eligible,0,0
P01,20,150000,Delhi,student,undergraduate,general,female,0,student,student,RES002,Higher Education / Research Fellowship,individual,9,5,0,0.6428571428571429,6,1,1,0,1,not_eligible,0,0
P01,20,150000,Delhi,student,undergraduate,general,female,0,student,student,SKI001,Skill Development / Minority Affairs,individual,10,4,0,0.7142857142857143,4,0,1,0,1,not_eligible,0,0
P01,20,150000,Delhi,student,undergraduate,general,female,0,student,student,WOM002,Women & Child Development / Justice,individual,13,1,0,0.9285714285714286,2,0,1,0,1,not_eligible,0,0
P01,20,150000,Delhi,student,undergraduate,general,female,0,student,student,EDU007,Scholarship / Education,individual,11,3,0,0.7857142857142857,6,0,1,0,1,not_eligible,0,0
P01,20,150000,Delhi,student,undergraduate,general,female,0,student,student,RES003,Science & Technology / Research Fellowship,individual,8,6,0,0.5714285714285714,5,1,1,0,1,not_eligible,0,0
P01,20,150000,Delhi,student,undergraduate,general,female,0,student,student,EDU008,Higher Education / Electronics & IT Research,individual,10,4,0,0.7142857142857143,4,1,1,0,1,not_eligible,0,0
P01,20,150000,Delhi,student,undergraduate,general,female,0,student,student,RES004,Science & Technology / Engineering Fellowship,individual,9,5,0,0.6428571428571429,4,1,1,0,1,not_eligible,0,0
P01,20,150000,Delhi,student,undergraduate,general,female,0,student,student,CUL002,Culture / Arts & Performing Arts,individual,11,3,0,0.7857142857142857,5,1,1,0,1,not_eligible,0,0
P01,20,150000,Delhi,student,undergraduate,general,female,0,student,student,CUL003,Culture / State Recognition,individual,10,4,0,0.7142857142857143,5,1,1,0,1,not_eligible,0,0
P01,20,150000,Delhi,student,undergraduate,general,female,0,student,student,CUL004,Culture / Infrastructure Support,individual,11,3,0,0.7857142857142857,5,1,1,0,1,not_eligible,0,0
P02,24,200000,Maharashtra,student,postgraduate,general,female,0,student,student,MED001,Health / Social Welfare,individual,10,4,0,0.7142857142857143,9,1,1,0,1,not_eligible,0,0
P02,24,200000,Maharashtra,student,postgraduate,general,female,0,student,student,CUL001,Culture / Pension,individual,10,4,0,0.7142857142857143,8,1,1,0,1,not_eligible,0,0
P02,24,200000,Maharashtra,student,postgraduate,general,female,0,student,student,SOC001,Social Security / Pension,individual,10,4,0,0.7142857142857143,6,0,1,0,1,not_eligible,0,0
P02,24,200000,Maharashtra,student,postgraduate,general,female,0,student,student,HOU001,Housing / LGBTQ+ Welfare,individual,11,3,0,0.7857142857142857,3,1,1,0,1,not_eligible,0,0
P02,24,200000,Maharashtra,student,postgraduate,general,female,0,student,student,EXT001,External Affairs / Overseas Welfare,individual,14,0,0,1.0,4,1,0,0,1,eligible,2,1
P02,24,200000,Maharashtra,student,postgraduate,general,female,0,student,student,RUR001,Rural Infrastructure / Energy,community,11,3,0,0.7857142857142857,3,1,1,0,0,not_eligible,0,0
P02,24,200000,Maharashtra,student,postgraduate,general,female,0,student,student,EDU001,Education / Disability,institution,11,3,0,0.7857142857142857,6,1,1,0,0,not_eligible,0,0
P02,24,200000,Maharashtra,student,postgraduate,general,female,0,student,student,EDU002,Scholarship / Education,individual,12,2,0,0.8571428571428571,7,0,1,0,1,not_eligible,0,0
P02,24,200000,Maharashtra,student,postgraduate,general,female,0,student,student,RES001,Research & Development,institution,9,5,0,0.6428571428571429,5,1,1,0,0,not_eligible,0,0
P02,24,200000,Maharashtra,student,postgraduate,general,female,0,student,student,FIN001,Financial Inclusion / Insurance,individual,13,1,0,0.9285714285714286,4,0,1,0,1,not_eligible,0,0
P02,24,200000,Maharashtra,student,postgraduate,general,female,0,student,student,AGR001,Fisheries / Social Security,individual,11,3,0,0.7857142857142857,8,1,1,0,1,not_eligible,0,0
P02,24,200000,Maharashtra,student,postgraduate,general,female,0,student,student,MED002,Health / Financial Assistance,individual,12,2,0,0.8571428571428571,5,1,1,0,1,not_eligible,0,0
P02,24,200000,Maharashtra,student,postgraduate,general,female,0,student,student,SOC002,Social Security / Healthcare,individual,10,4,0,0.7142857142857143,6,1,1,0,1,not_eligible,0,0
P02,24,200000,Maharashtra,student,postgraduate,general,female,0,student,student,EMP001,Entrepreneurship / Minority Welfare,individual,8,6,0,0.5714285714285714,6,0,1,0,1,not_eligible,0,0
P02,24,200000,Maharashtra,student,postgraduate,general,female,0,student,student,SKL001,Skill Development / Agriculture,organization,11,3,0,0.7857142857142857,4,0,1,0,0,not_eligible,0,0
P02,24,200000,Maharashtra,student,postgraduate,general,female,0,student,student,AGR002,Agriculture / Export Promotion,organization,12,2,0,0.8571428571428571,4,1,1,0,0,not_eligible,0,0
P02,24,200000,Maharashtra,student,postgraduate,general,female,0,student,student,AGR003,Agriculture / Farm Mechanization,individual,12,2,1,0.8,5,0,1,1,1,not_eligible,0,0
P02,24,200000,Maharashtra,student,postgraduate,general,female,0,student,student,RUR002,Rural Development / Land Ownership,individual,13,1,0,0.9285714285714286,3,1,1,0,1,not_eligible,0,0
P02,24,200000,Maharashtra,student,postgraduate,general,female,0,student,student,DIS001,Disability Welfare / Transport Aid,individual,8,6,0,0.5714285714285714,7,0,1,0,1,not_eligible,0,0
P02,24,200000,Maharashtra,student,postgraduate,general,female,0,student,student,SKL002,Skill Development / Entrepreneurship,individual,9,5,0,0.6428571428571429,5,1,1,0,1,not_eligible,0,0
P02,24,200000,Maharashtra,student,postgraduate,general,female,0,student,student,SOC003,Minority Welfare / Financial Assistance,individual,9,5,0,0.6428571428571429,6,0,1,0,1,not_eligible,0,0
P02,24,200000,Maharashtra,student,postgraduate,general,female,0,student,student,MIN001,Minority Welfare / Skill & Livelihood,individual,11,3,0,0.7857142857142857,4,0,1,0,1,not_eligible,0,0
P02,24,200000,Maharashtra,student,postgraduate,general,female,0,student,student,COM001,Commerce & Industry / Recognition,individual,12,2,0,0.8571428571428571,3,1,1,0,1,not_eligible,0,0
P02,24,200000,Maharashtra,student,postgraduate,general,female,0,student,student,SCI001,Science & Technology / Innovation,individual,12,2,0,0.8571428571428571,5,1,1,0,1,not_eligible,0,0
P02,24,200000,Maharashtra,student,postgraduate,general,female,0,student,student,FIN002,Financial Inclusion / Entrepreneurship,individual,12,2,0,0.8571428571428571,6,1,1,0,1,not_eligible,0,0
P02,24,200000,Maharashtra,student,postgraduate,general,female,0,student,student,MED003,Health / Financial Assistance,individual,12,2,0,0.8571428571428571,5,1,1,0,1,not_eligible,0,0
P02,24,200000,Maharashtra,student,postgraduate,general,female,0,student,student,MED004,Healthcare / Financial Assistance,individual,12,2,0,0.8571428571428571,5,1,1,0,1,not_eligible,0,0
P02,24,200000,Maharashtra,student,postgraduate,general,female,0,student,student,MED005,Healthcare / Insurance,individual,12,2,0,0.8571428571428571,4,0,1,0,1,not_eligible,0,0
P02,24,200000,Maharashtra,student,postgraduate,general,female,0,student,student,WOM001,Women & Child Development / Nutrition,individual,11,3,0,0.7857142857142857,3,0,1,0,1,not_eligible,0,0
P02,24,200000,Maharashtra,student,postgraduate,general,female,0,student,student,HEA001,Healthcare / Pharmaceuticals,individual,12,2,0,0.8571428571428571,5,0,1,0,1,not_eligible,0,0
P02,24,200000,Maharashtra,student,postgraduate,general,female,0,student,student,EDU003,Education / Nutrition,individual,11,3,0,0.7857142857142857,2,0,1,0,1,not_eligible,0,0
P02,24,200000,Maharashtra,student,postgraduate,general,female,0,student,student,EDU004,Scholarship / Disability Welfare,individual,11,3,0,0.7857142857142857,6,0,1,0,1,not_eligible,0,0
P02,24,200000,Maharashtra,student,postgraduate,general,female,0,student,student,EDU005,Scholarship / Social Justice,individual,11,3,0,0.7857142857142857,6,0,1,0,1,not_eligible,0,0
P02,24,200000,Maharashtra,student,postgraduate,general,female,0,student,student,EDU006,Scholarship / Women Education,individual,13,1,1,0.8666666666666667,5,1,1,1,1,not_eligible,0,0
P02,24,200000,Maharashtra,student,postgraduate,general,female,0,student,student,RES002,Higher Education / Research Fellowship,individual,10,4,0,0.7142857142857143,6,1,1,0,1,not_eligible,0,0
P02,24,200000,Maharashtra,student,postgraduate,general,female,0,student,student,SKI001,Skill Development / Minority Affairs,individual,10,4,0,0.7142857142857143,4,0,1,0,1,not_eligible,0,0
P02,24,200000,Maharashtra,student,postgraduate,general,female,0,student,student,WOM002,Women & Child Development / Justice,individual,13,1,0,0.9285714285714286,2,0,1,0,1,not_eligible,0,0
P02,24,200000,Maharashtra,student,postgraduate,general,female,0,student,student,EDU007,Scholarship / Education,individual,11,3,0,0.7857142857142857,6,0,1,0,1,not_eligible,0,0
P02,24,200000,Maharashtra,student,postgraduate,general,female,0,student,student,RES003,Science & Technology / Research Fellowship,individual,9,5,0,0.6428571428571429,5,1,1,0,1,not_eligible,0,0
P02,24,200000,Maharashtra,student,postgraduate,general,female,0,student,student,EDU008,Higher Education / Electronics & IT Research,individual,11,3,0,0.7857142857142857,4,1,1,0,1,not_eligible,0,0
P02,24,200000,Maharashtra,student,postgraduate,general,female,0,student,student,RES004,Science & Technology / Engineering Fellowship,individual,9,5,0,0.6428571428571429,4,1,1,0,1,not_eligible,0,0
P02,24,200000,Maharashtra,student,postgraduate,general,female,0,student,student,CUL002,Culture / Arts & Performing Arts,individual,11,3,0,0.7857142857142857,5,1,1,0,1,not_eligible,0,0
P02,24,200000,Maharashtra,student,postgraduate,general,female,0,student,student,CUL003,Culture / State Recognition,individual,10,4,0,0.7142857142857143,5,1,1,0,1,not_eligible,0,0
P02,24,200000,Maharashtra,student,postgraduate,general,female,0,student,student,CUL004,Culture / Infrastructure Support,individual,11,3,0,0.7857142857142857,5,1,1,0,1,not_eligible,0,0
P03,28,300000,Maharashtra,researcher,phd,general,male,0,student,researcher,MED001,Health / Social Welfare,individual,10,4,0,0.7142857142857143,9,1,1,0,1,not_eligible,0,0
P03,28,300000,Maharashtra,researcher,phd,general,male,0,student,researcher,CUL001,Culture / Pension,individual,10,4,0,0.7142857142857143,8,1,1,0,1,not_eligible,0,0
P03,28,300000,Maharashtra,researcher,phd,general,male,0,student,researcher,SOC001,Social Security / Pension,individual,10,4,0,0.7142857142857143,6,0,1,0,1,not_eligible,0,0
P03,28,300000,Maharashtra,researcher,phd,general,male,0,student,researcher,HOU001,Housing / LGBTQ+ Welfare,individual,11,3,0,0.7857142857142857,3,1,1,0,1,not_eligible,0,0
P03,28,300000,Maharashtra,researcher,phd,general,male,0,student,researcher,EXT001,External Affairs / Overseas Welfare,individual,12,2,0,0.8571428571428571,4,1,1,0,1,not_eligible,0,0
P03,28,300000,Maharashtra,researcher,phd,general,male,0,student,researcher,RUR001,Rural Infrastructure / Energy,community,11,3,0,0.7857142857142857,3,1,1,0,0,not_eligible,0,0
P03,28,300000,Maharashtra,researcher,phd,general,male,0,student,researcher,EDU001,Education / Disability,institution,9,5,0,0.6428571428571429,6,1,1,0,0,not_eligible,0,0
P03,28,300000,Maharashtra,researcher,phd,general,male,0,student,researcher,EDU002,Scholarship / Education,individual,10,4,0,0.7142857142857143,7,0,1,0,1,not_eligible,0,0
P03,28,300000,Maharashtra,researcher,phd,general,male,0,student,researcher,RES001,Research & Development,institution,11,3,0,0.7857142857142857,5,1,1,0,0,not_eligible,0,0
P03,28,300000,Maharashtra,researcher,phd,general,male,0,student,researcher,FIN001,Financial Inclusion / Insurance,individual,13,1,0,0.9285714285714286,4,0,1,0,1,not_eligible,0,0
P03,28,300000,Maharashtra,researcher,phd,general,male,0,student,researcher,AGR001,Fisheries / Social Security,individual,11,3,0,0.7857142857142857,8,1,1,0,1,not_eligible,0,0
P03,28,300000,Maharashtra,researcher,phd,general,male,0,student,researcher,MED002,Health / Financial Assistance,individual,12,2,0,0.8571428571428571,5,1,1,0,1,not_eligible,0,0
P03,28,300000,Maharashtra,researcher,phd,general,male,0,student,researcher,SOC002,Social Security / Healthcare,individual,10,4,0,0.7142857142857143,6,1,1,0,1,not_eligible,0,0
P03,28,300000,Maharashtra,researcher,phd,general,male,0,student,researcher,EMP001,Entrepreneurship / Minority Welfare,individual,8,6,0,0.5714285714285714,6,0,1,0,1,not_eligible,0,0
P03,28,300000,Maharashtra,researcher,phd,general,male,0,student,researcher,SKL001,Skill Development / Agriculture,organization,11,3,0,0.7857142857142857,4,0,1,0,0,not_eligible,0,0
P03,28,300000,Maharashtra,researcher,phd,general,male,0,student,researcher,AGR002,Agriculture / Export Promotion,organization,12,2,0,0.8571428571428571,4,1,1,0,0,not_eligible,0,0
P03,28,300000,Maharashtra,researcher,phd,general,male,0,student,researcher,AGR003,Agriculture / Farm Mechanization,individual,12,2,1,0.8,5,0,1,1,1,not_eligible,0,0
P03,28,300000,Maharashtra,researcher,phd,general,male,0,student,researcher,RUR002,Rural Development / Land Ownership,individual,13,1,0,0.9285714285714286,3,1,1,0,1,not_eligible,0,0
P03,28,300000,Maharashtra,researcher,phd,general,male,0,student,researcher,DIS001,Disability Welfare / Transport Aid,individual,8,6,0,0.5714285714285714,7,0,1,0,1,not_eligible,0,0
P03,28,300000,Maharashtra,researcher,phd,general,male,0,student,researcher,SKL002,Skill Development / Entrepreneurship,individual,9,5,0,0.6428571428571429,5,1,1,0,1,not_eligible,0,0
P03,28,300000,Maharashtra,researcher,phd,general,male,0,student,researcher,SOC003,Minority Welfare / Financial Assistance,individual,9,5,0,0.6428571428571429,6,0,1,0,1,not_eligible,0,0
P03,28,300000,Maharashtra,researcher,phd,general,male,0,student,researcher,MIN001,Minority Welfare / Skill & Livelihood,individual,11,3,0,0.7857142857142857,4,0,1,0,1,not_eligible,0,0
P03,28,300000,Maharashtra,researcher,phd,general,male,0,student,researcher,COM001,Commerce & Industry / Recognition,individual,12,2,0,0.8571428571428571,3,1,1,0,1,not_eligible,0,0
P03,28,300000,Maharashtra,researcher,phd,general,male,0,student,researcher,SCI001,Science & Technology / Innovation,individual,13,1,0,0.9285714285714286,5,1,1,0,1,not_eligible,0,0
P03,28,300000,Maharashtra,researcher,phd,general,male,0,student,researcher,FIN002,Financial Inclusion / Entrepreneurship,individual,12,2,0,0.8571428571428571,6,1,1,0,1,not_eligible,0,0
P03,28,300000,Maharashtra,researcher,phd,general,male,0,student,researcher,MED003,Health / Financial Assistance,individual,11,3,0,0.7857142857142857,5,1,1,0,1,not_eligible,0,0
P03,28,300000,Maharashtra,researcher,phd,general,male,0,student,researcher,MED004,Healthcare / Financial Assistance,individual,12,2,0,0.8571428571428571,5,1,1,0,1,not_eligible,0,0
P03,28,300000,Maharashtra,researcher,phd,general,male,0,student,researcher,MED005,Healthcare / Insurance,individual,12,2,0,0.8571428571428571,4,0,1,0,1,not_eligible,0,0
P03,28,300000,Maharashtra,researcher,phd,general,male,0,student,researcher,WOM001,Women & Child Development / Nutrition,individual,11,3,0,0.7857142857142857,3,0,1,0,1,not_eligible,0,0
P03,28,300000,Maharashtra,researcher,phd,general,male,0,student,researcher,HEA001,Healthcare / Pharmaceuticals,individual,12,2,0,0.8571428571428571,5,0,1,0,1,not_eligible,0,0
P03,28,300000,Maharashtra,researcher,phd,general,male,0,student,researcher,EDU003,Education / Nutrition,individual,9,5,0,0.6428571428571429,2,0,1,0,1,not_eligible,0,0
P03,28,300000,Maharashtra,researcher,phd,general,male,0,student,researcher,EDU004,Scholarship / Disability Welfare,individual,7,7,0,0.5,6,0,1,0,1,not_eligible,0,0
P03,28,300000,Maharashtra,researcher,phd,general,male,0,student,researcher,EDU005,Scholarship / Social Justice,individual,8,6,0,0.5714285714285714,6,0,1,0,1,not_eligible,0,0
P03,28,300000,Maharashtra,researcher,phd,general,male,0,student,researcher,EDU006,Scholarship / Women Education,individual,10,4,1,0.6666666666666666,5,1,1,1,1,not_eligible,0,0
P03,28,300000,Maharashtra,researcher,phd,general,male,0,student,researcher,RES002,Higher Education / Research Fellowship,individual,9,5,0,0.6428571428571429,6,1,1,0,1,not_eligible,0,0
P03,28,300000,Maharashtra,researcher,phd,general,male,0,student,researcher,SKI001,Skill Development / Minority Affairs,individual,10,4,0,0.7142857142857143,4,0,1,0,1,not_eligible,0,0
P03,28,300000,Maharashtra,researcher,phd,general,male,0,student,researcher,WOM002,Women & Child Development / Justice,individual,13,1,0,0.9285714285714286,2,0,1,0,1,not_eligible,0,0
P03,28,300000,Maharashtra,researcher,phd,general,male,0,student,researcher,EDU007,Scholarship / Education,individual,9,5,0,0.6428571428571429,6,0,1,0,1,not_eligible,0,0
P03,28,300000,Maharashtra,researcher,phd,general,male,0,student,researcher,RES003,Science & Technology / Research Fellowship,individual,12,2,0,0.8571428571428571,5,1,1,0,1,not_eligible,0,0
P03,28,300000,Maharashtra,researcher,phd,general,male,0,student,researcher,EDU008,Higher Education / Electronics & IT Research,individual,10,4,0,0.7142857142857143,4,1,1,0,1,not_eligible,0,0
P03,28,300000,Maharashtra,researcher,phd,general,male,0,student,researcher,RES004,Science & Technology / Engineering Fellowship,individual,11,3,0,0.7857142857142857,4,1,1,0,1,not_eligible,0,0
P03,28,300000,Maharashtra,researcher,phd,general,male,0,student,researcher,CUL002,Culture / Arts & Performing Arts,individual,10,4,0,0.7142857142857143,5,1,1,0,1,not_eligible,0,0
P03,28,300000,Maharashtra,researcher,phd,general,male,0,student,researcher,CUL003,Culture / State Recognition,individual,11,3,0,0.7857142857142857,5,1,1,0,1,not_eligible,0,0
P03,28,300000,Maharashtra,researcher,phd,general,male,0,student,researcher,CUL004,Culture / Infrastructure Support,individual,11,3,0,0.7857142857142857,5,1,1,0,1,not_eligible,0,0
P04,35,120000,Jharkhand,construction worker,secondary,general,male,0,employed,construction_worker,MED001,Health / Social Welfare,individual,14,0,0,1.0,9,1,0,0,1,eligible,2,1
P04,35,120000,Jharkhand,construction worker,secondary,general,male,0,employed,construction_worker,CUL001,Culture / Pension,individual,10,4,0,0.7142857142857143,8,1,1,0,1,not_eligible,0,0
P04,35,120000,Jharkhand,construction worker,secondary,general,male,0,employed,construction_worker,SOC001,Social Security / Pension,individual,10,4,0,0.7142857142857143,6,0,1,0,1,not_eligible,0,0
P04,35,120000,Jharkhand,construction worker,secondary,general,male,0,employed,construction_worker,HOU001,Housing / LGBTQ+ Welfare,individual,12,2,0,0.8571428571428571,3,1,1,0,1,not_eligible,0,0
P04,35,120000,Jharkhand,construction worker,secondary,general,male,0,employed,construction_worker,EXT001,External Affairs / Overseas Welfare,individual,12,2,0,0.8571428571428571,4,1,1,0,1,not_eligible,0,0
P04,35,120000,Jharkhand,construction worker,secondary,general,male,0,employed,construction_worker,RUR001,Rural Infrastructure / Energy,community,11,3,0,0.7857142857142857,3,1,1,0,0,not_eligible,0,0
P04,35,120000,Jharkhand,construction worker,secondary,general,male,0,employed,construction_worker,EDU001,Education / Disability,institution,10,3,1,0.7142857142857143,6,1,1,1,0,not_eligible,0,0
P04,35,120000,Jharkhand,construction worker,secondary,general,male,0,employed,construction_worker,EDU002,Scholarship / Education,individual,9,5,0,0.6428571428571429,7,0,1,0,1,not_eligible,0,0
P04,35,120000,Jharkhand,construction worker,secondary,general,male,0,employed,construction_worker,RES001,Research & Development,institution,10,3,1,0.7142857142857143,5,1,1,1,0,not_eligible,0,0
P04,35,120000,Jharkhand,construction worker,secondary,general,male,0,employed,construction_worker,FIN001,Financial Inclusion / Insurance,individual,13,1,0,0.9285714285714286,4,0,1,0,1,not_eligible,0,0
P04,35,120000,Jharkhand,construction worker,secondary,general,male,0,employed,construction_worker,AGR001,Fisheries / Social Security,individual,11,3,0,0.7857142857142857,8,1,1,0,1,not_eligible,0,0
P04,35,120000,Jharkhand,construction worker,secondary,general,male,0,employed,construction_worker,MED002,Health / Financial Assistance,individual,12,2,0,0.8571428571428571,5,1,1,0,1,not_eligible,0,0
P04,35,120000,Jharkhand,construction worker,secondary,general,male,0,employed,construction_worker,SOC002,Social Security / Healthcare,individual,10,4,0,0.7142857142857143,6,1,1,0,1,not_eligible,0,0
P04,35,120000,Jharkhand,construction worker,secondary,general,male,0,employed,construction_worker,EMP001,Entrepreneurship / Minority Welfare,individual,9,5,0,0.6428571428571429,6,0,1,0,1,not_eligible,0,0
P04,35,120000,Jharkhand,construction worker,secondary,general,male,0,employed,construction_worker,SKL001,Skill Development / Agriculture,organization,11,3,0,0.7857142857142857,4,0,1,0,0,not_eligible,0,0
P04,35,120000,Jharkhand,construction worker,secondary,general,male,0,employed,construction_worker,AGR002,Agriculture / Export Promotion,organization,12,2,0,0.8571428571428571,4,1,1,0,0,not_eligible,0,0
P04,35,120000,Jharkhand,construction worker,secondary,general,male,0,employed,construction_worker,AGR003,Agriculture / Farm Mechanization,individual,12,2,1,0.8,5,0,1,1,1,not_eligible,0,0
P04,35,120000,Jharkhand,construction worker,secondary,general,male,0,employed,construction_worker,RUR002,Rural Development / Land Ownership,individual,13,1,0,0.9285714285714286,3,1,1,0,1,not_eligible,0,0
P04,35,120000,Jharkhand,construction worker,secondary,general,male,0,employed,construction_worker,DIS001,Disability Welfare / Transport Aid,individual,8,6,0,0.5714285714285714,7,0,1,0,1,not_eligible,0,0
P04,35,120000,Jharkhand,construction worker,secondary,general,male,0,employed,construction_worker,SKL002,Skill Development / Entrepreneurship,individual,10,4,0,0.7142857142857143,5,1,1,0,1,not_eligible,0,0
P04,35,120000,Jharkhand,construction worker,secondary,general,male,0,employed,construction_worker,SOC003,Minority Welfare / Financial Assistance,individual,10,4,0,0.7142857142857143,6,0,1,0,1,not_eligible,0,0
P04,35,120000,Jharkhand,construction worker,secondary,general,male,0,employed,construction_worker,MIN001,Minority Welfare / Skill & Livelihood,individual,11,3,0,0.7857142857142857,4,0,1,0,1,not_eligible,0,0
P04,35,120000,Jharkhand,construction worker,secondary,general,male,0,employed,construction_worker,COM001,Commerce & Industry / Recognition,individual,12,2,0,0.8571428571428571,3,1,1,0,1,not_eligible,0,0
P04,35,120000,Jharkhand,construction worker,secondary,general,male,0,employed,construction_worker,SCI001,Science & Technology / Innovation,individual,12,2,0,0.8571428571428571,5,1,1,0,1,not_eligible,0,0
P04,35,120000,Jharkhand,construction worker,secondary,general,male,0,employed,construction_worker,FIN002,Financial Inclusion / Entrepreneurship,individual,12,2,0,0.8571428571428571,6,1,1,0,1,not_eligible,0,0
P04,35,120000,Jharkhand,construction worker,secondary,general,male,0,employed,construction_worker,MED003,Health / Financial Assistance,individual,12,2,0,0.8571428571428571,5,1,1,0,1,not_eligible,0,0
P04,35,120000,Jharkhand,construction worker,secondary,general,male,0,employed,construction_worker,MED004,Healthcare / Financial Assistance,individual,12,2,0,0.8571428571428571,5,1,1,0,1,not_eligible,0,0
P04,35,120000,Jharkhand,construction worker,secondary,general,male,0,employed,construction_worker,MED005,Healthcare / Insurance,individual,12,2,0,0.8571428571428571,4,0,1,0,1,not_eligible,0,0
P04,35,120000,Jharkhand,construction worker,secondary,general,male,0,employed,construction_worker,WOM001,Women & Child Development / Nutrition,individual,11,3,0,0.7857142857142857,3,0,1,0,1,not_eligible,0,0
P04,35,120000,Jharkhand,construction worker,secondary,general,male,0,employed,construction_worker,HEA001,Healthcare / Pharmaceuticals,individual,12,2,0,0.8571428571428571,5,0,1,0,1,not_eligible,0,0
P04,35,120000,Jharkhand,construction worker,secondary,general,male,0,employed,construction_worker,EDU003,Education / Nutrition,individual,9,4,1,0.6428571428571429,2,0,1,1,1,not_eligible,0,0
P04,35,120000,Jharkhand,construction worker,secondary,general,male,0,employed,construction_worker,EDU004,Scholarship / Disability Welfare,individual,8,5,1,0.5714285714285714,6,0,1,1,1,not_eligible,0,0
P04,35,120000,Jharkhand,construction worker,secondary,general,male,0,employed,construction_worker,EDU005,Scholarship / Social Justice,individual,8,5,1,0.5714285714285714,6,0,1,1,1,not_eligible,0,0
P04,35,120000,Jharkhand,construction worker,secondary,general,male,0,employed,construction_worker,EDU006,Scholarship / Women Education,individual,7,5,3,0.4666666666666667,5,1,1,1,1,not_eligible,0,0
P04,35,120000,Jharkhand,construction worker,secondary,general,male,0,employed,construction_worker,RES002,Higher Education / Research Fellowship,individual,9,3,2,0.6428571428571429,6,1,1,1,1,not_eligible,0,0
P04,35,120000,Jharkhand,construction worker,secondary,general,male,0,employed,construction_worker,SKI001,Skill Development / Minority Affairs,individual,10,4,0,0.7142857142857143,4,0,1,0,1,not_eligible,0,0
P04,35,120000,Jharkhand,construction worker,secondary,general,male,0,employed,construction_worker,WOM002,Women & Child Development / Justice,individual,13,1,0,0.9285714285714286,2,0,1,0,1,not_eligible,0,0
P04,35,120000,Jharkhand,construction worker,secondary,general,male,0,employed,construction_worker,EDU007,Scholarship / Education,individual,8,5,1,0.5714285714285714,6,0,1,1,1,not_eligible,0,0
P04,35,120000,Jharkhand,construction worker,secondary,general,male,0,employed,construction_worker,RES003,Science & Technology / Research Fellowship,individual,8,5,1,0.5714285714285714,5,1,1,1,1,not_eligible,0,0
P04,35,120000,Jharkhand,construction worker,secondary,general,male,0,employed,construction_worker,EDU008,Higher Education / Electronics & IT Research,individual,9,3,2,0.6428571428571429,4,1,1,1,1,not_eligible,0,0
P04,35,120000,Jharkhand,construction worker,secondary,general,male,0,employed,construction_worker,RES004,Science & Technology / Engineering Fellowship,individual,10,3,1,0.7142857142857143,4,1,1,1,1,not_eligible,0,0
P04,35,120000,Jharkhand,construction worker,secondary,general,male,0,employed,construction_worker,CUL002,Culture / Arts & Performing Arts,individual,10,4,0,0.7142857142857143,5,1,1,0,1,not_eligible,0,0
P04,35,120000,Jharkhand,construction worker,secondary,general,male,0,employed,construction_worker,CUL003,Culture / State Recognition,individual,11,3,0,0.7857142857142857,5,1,1,0,1,not_eligible,0,0
P04,35,120000,Jharkhand,construction worker,secondary,general,male,0,employed,construction_worker,CUL004,Culture / Infrastructure Support,individual,11,2,1,0.7857142857142857,5,1,1,1,1,not_eligible,0,0
P05,45,180000,Rajasthan,farmer,secondary,obc,male,0,self_employed,farmer,MED001,Health / Social Welfare,individual,11,3,0,0.7857142857142857,9,1,1,0,1,not_eligible,0,0
P05,45,180000,Rajasthan,farmer,secondary,obc,male,0,self_employed,farmer,CUL001,Culture / Pension,individual,10,4,0,0.7142857142857143,8,1,1,0,1,not_eligible,0,0
P05,45,180000,Rajasthan,farmer,secondary,obc,male,0,self_employed,farmer,SOC001,Social Security / Pension,individual,10,4,0,0.7142857142857143,6,0,1,0,1,not_eligible,0,0
P05,45,180000,Rajasthan,farmer,secondary,obc,male,0,self_employed,farmer,HOU001,Housing / LGBTQ+ Welfare,individual,11,3,0,0.7857142857142857,3,1,1,0,1,not_eligible,0,0
P05,45,180000,Rajasthan,farmer,secondary,obc,male,0,self_employed,farmer,EXT001,External Affairs / Overseas Welfare,individual,12,2,0,0.8571428571428571,4,1,1,0,1,not_eligible,0,0
P05,45,180000,Rajasthan,farmer,secondary,obc,male,0,self_employed,farmer,RUR001,Rural Infrastructure / Energy,community,11,3,0,0.7857142857142857,3,1,1,0,0,not_eligible,0,0
P05,45,180000,Rajasthan,farmer,secondary,obc,male,0,self_employed,farmer,EDU001,Education / Disability,institution,10,3,1,0.7142857142857143,6,1,1,1,0,not_eligible,0,0
P05,45,180000,Rajasthan,farmer,secondary,obc,male,0,self_employed,farmer,EDU002,Scholarship / Education,individual,8,6,0,0.5714285714285714,7,0,1,0,1,not_eligible,0,0
P05,45,180000,Rajasthan,farmer,secondary,obc,male,0,self_employed,farmer,RES001,Research & Development,institution,9,4,1,0.6428571428571429,5,1,1,1,0,not_eligible,0,0
P05,45,180000,Rajasthan,farmer,secondary,obc,male,0,self_employed,farmer,FIN001,Financial Inclusion / Insurance,individual,13,1,0,0.9285714285714286,4,0,1,0,1,not_eligible,0,0
P05,45,180000,Rajasthan,farmer,secondary,obc,male,0,self_employed,farmer,AGR001,Fisheries / Social Security,individual,11,3,0,0.7857142857142857,8,1,1,0,1,not_eligible,0,0
P05,45,180000,Rajasthan,farmer,secondary,obc,male,0,self_employed,farmer,MED002,Health / Financial Assistance,individual,12,2,0,0.8571428571428571,5,1,1,0,1,not_eligible,0,0
P05,45,180000,Rajasthan,farmer,secondary,obc,male,0,self_employed,farmer,SOC002,Social Security / Healthcare,individual,10,4,0,0.7142857142857143,6,1,1,0,1,not_eligible,0,0
P05,45,180000,Rajasthan,farmer,secondary,obc,male,0,self_employed,farmer,EMP001,Entrepreneurship / Minority Welfare,individual,8,6,0,0.5714285714285714,6,0,1,0,1,not_eligible,0,0
P05,45,180000,Rajasthan,farmer,secondary,obc,male,0,self_employed,farmer,SKL001,Skill Development / Agriculture,organization,11,3,0,0.7857142857142857,4,0,1,0,0,not_eligible,0,0
P05,45,180000,Rajasthan,farmer,secondary,obc,male,0,self_employed,farmer,AGR002,Agriculture / Export Promotion,organization,14,0,0,1.0,4,1,0,0,0,eligible,0,1
P05,45,180000,Rajasthan,farmer,secondary,obc,male,0,self_employed,farmer,AGR003,Agriculture / Farm Mechanization,individual,13,1,1,0.8666666666666667,5,0,1,1,1,not_eligible,0,0
P05,45,180000,Rajasthan,farmer,secondary,obc,male,0,self_employed,farmer,RUR002,Rural Development / Land Ownership,individual,13,1,0,0.9285714285714286,3,1,1,0,1,not_eligible,0,0
P05,45,180000,Rajasthan,farmer,secondary,obc,male,0,self_employed,farmer,DIS001,Disability Welfare / Transport Aid,individual,8,6,0,0.5714285714285714,7,0,1,0,1,not_eligible,0,0
P05,45,180000,Rajasthan,farmer,secondary,obc,male,0,self_employed,farmer,SKL002,Skill Development / Entrepreneurship,individual,8,6,0,0.5714285714285714,5,1,1,0,1,not_eligible,0,0
P05,45,180000,Rajasthan,farmer,secondary,obc,male,0,self_employed,farmer,SOC003,Minority Welfare / Financial Assistance,individual,10,4,0,0.7142857142857143,6,0,1,0,1,not_eligible,0,0
P05,45,180000,Rajasthan,farmer,secondary,obc,male,0,self_employed,farmer,MIN001,Minority Welfare / Skill & Livelihood,individual,11,3,0,0.7857142857142857,4,0,1,0,1,not_eligible,0,0
P05,45,180000,Rajasthan,farmer,secondary,obc,male,0,self_employed,farmer,COM001,Commerce & Industry / Recognition,individual,12,2,0,0.8571428571428571,3,1,1,0,1,not_eligible,0,0
P05,45,180000,Rajasthan,farmer,secondary,obc,male,0,self_employed,farmer,SCI001,Science & Technology / Innovation,individual,12,2,0,0.8571428571428571,5,1,1,0,1,not_eligible,0,0
P05,45,180000,Rajasthan,farmer,secondary,obc,male,0,self_employed,farmer,FIN002,Financial Inclusion / Entrepreneurship,individual,11,3,0,0.7857142857142857,6,1,1,0,1,not_eligible,0,0
P05,45,180000,Rajasthan,farmer,secondary,obc,male,0,self_employed,farmer,MED003,Health / Financial Assistance,individual,13,1,0,0.9285714285714286,5,1,1,0,1,not_eligible,0,0
P05,45,180000,Rajasthan,farmer,secondary,obc,male,0,self_employed,farmer,MED004,Healthcare / Financial Assistance,individual,12,2,0,0.8571428571428571,5,1,1,0,1,not_eligible,0,0
P05,45,180000,Rajasthan,farmer,secondary,obc,male,0,self_employed,farmer,MED005,Healthcare / Insurance,individual,12,2,0,0.8571428571428571,4,0,1,0,1,not_eligible,0,0
P05,45,180000,Rajasthan,farmer,secondary,obc,male,0,self_employed,farmer,WOM001,Women & Child Development / Nutrition,individual,11,3,0,0.7857142857142857,3,0,1,0,1,not_eligible,0,0
P05,45,180000,Rajasthan,farmer,secondary,obc,male,0,self_employed,farmer,HEA001,Healthcare / Pharmaceuticals,individual,12,2,0,0.8571428571428571,5,0,1,0,1,not_eligible,0,0
P05,45,180000,Rajasthan,farmer,secondary,obc,male,0,self_employed,farmer,EDU003,Education / Nutrition,individual,9,4,1,0.6428571428571429,2,0,1,1,1,not_eligible,0,0
P05,45,180000,Rajasthan,farmer,secondary,obc,male,0,self_employed,farmer,EDU004,Scholarship / Disability Welfare,individual,7,6,1,0.5,6,0,1,1,1,not_eligible,0,0
P05,45,180000,Rajasthan,farmer,secondary,obc,male,0,self_employed,farmer,EDU005,Scholarship / Social Justice,individual,8,5,1,0.5714285714285714,6,0,1,1,1,not_eligible,0,0
P05,45,180000,Rajasthan,farmer,secondary,obc,male,0,self_employed,farmer,EDU006,Scholarship / Women Education,individual,7,5,3,0.4666666666666667,5,1,1,1,1,not_eligible,0,0
P05,45,180000,Rajasthan,farmer,secondary,obc,male,0,self_employed,farmer,RES002,Higher Education / Research Fellowship,individual,6,6,2,0.42857142857142855,6,1,1,1,1,not_eligible,0,0
P05,45,180000,Rajasthan,farmer,secondary,obc,male,0,self_employed,farmer,SKI001,Skill Development / Minority Affairs,individual,10,4,0,0.7142857142857143,4,0,1,0,1,not_eligible,0,0
P05,45,180000,Rajasthan,farmer,secondary,obc,male,0,self_employed,farmer,WOM002,Women & Child Development / Justice,individual,13,1,0,0.9285714285714286,2,0,1,0,1,not_eligible,0,0
P05,45,180000,Rajasthan,farmer,secondary,obc,male,0,self_employed,farmer,EDU007,Scholarship / Education,individual,8,5,1,0.5714285714285714,6,0,1,1,1,not_eligible,0,0
P05,45,180000,Rajasthan,farmer,secondary,obc,male,0,self_employed,farmer,RES003,Science & Technology / Research Fellowship,individual,8,5,1,0.5714285714285714,5,1,1,1,1,not_eligible,0,0
P05,45,180000,Rajasthan,farmer,secondary,obc,male,0,self_employed,farmer,EDU008,Higher Education / Electronics & IT Research,individual,9,3,2,0.6428571428571429,4,1,1,1,1,not_eligible,0,0
P05,45,180000,Rajasthan,farmer,secondary,obc,male,0,self_employed,farmer,RES004,Science & Technology / Engineering Fellowship,individual,9,4,1,0.6428571428571429,4,1,1,1,1,not_eligible,0,0
P05,45,180000,Rajasthan,farmer,secondary,obc,male,0,self_employed,farmer,CUL002,Culture / Arts & Performing Arts,individual,10,4,0,0.7142857142857143,5,1,1,0,1,not_eligible,0,0
P05,45,180000,Rajasthan,farmer,secondary,obc,male,0,self_employed,farmer,CUL003,Culture / State Recognition,individual,10,4,0,0.7142857142857143,5,1,1,0,1,not_eligible,0,0
P05,45,180000,Rajasthan,farmer,secondary,obc,male,0,self_employed,farmer,CUL004,Culture / Infrastructure Support,individual,11,2,1,0.7857142857142857,5,1,1,1,1,not_eligible,0,0
P06,38,100000,Odisha,farmer,secondary,general,female,0,self_employed,shg_member,MED001,Health / Social Welfare,individual,11,3,0,0.7857142857142857,9,1,1,0,1,not_eligible,0,0
P06,38,100000,Odisha,farmer,secondary,general,female,0,self_employed,shg_member,CUL001,Culture / Pension,individual,10,4,0,0.7142857142857143,8,1,1,0,1,not_eligible,0,0
P06,38,100000,Odisha,farmer,secondary,general,female,0,self_employed,shg_member,SOC001,Social Security / Pension,individual,10,4,0,0.7142857142857143,6,0,1,0,1,not_eligible,0,0
P06,38,100000,Odisha,farmer,secondary,general,female,0,self_employed,shg_member,HOU001,Housing / LGBTQ+ Welfare,individual,11,3,0,0.7857142857142857,3,1,1,0,1,not_eligible,0,0
P06,38,100000,Odisha,farmer,secondary,general,female,0,self_employed,shg_member,EXT001,External Affairs / Overseas Welfare,individual,12,2,0,0.8571428571428571,4,1,1,0,1,not_eligible,0,0
P06,38,100000,Odisha,farmer,secondary,general,female,0,self_employed,shg_member,RUR001,Rural Infrastructure / Energy,community,11,3,0,0.7857142857142857,3,1,1,0,0,not_eligible,0,0
P06,38,100000,Odisha,farmer,secondary,general,female,0,self_employed,shg_member,EDU001,Education / Disability,institution,10,3,1,0.7142857142857143,6,1,1,1,0,not_eligible,0,0
P06,38,100000,Odisha,farmer,secondary,general,female,0,self_employed,shg_member,EDU002,Scholarship / Education,individual,8,6,0,0.5714285714285714,7,0,1,0,1,not_eligible,0,0
P06,38,100000,Odisha,farmer,secondary,general,female,0,self_employed,shg_member,RES001,Research & Development,institution,9,4,1,0.6428571428571429,5,1,1,1,0,not_eligible,0,0
P06,38,100000,Odisha,farmer,secondary,general,female,0,self_employed,shg_member,FIN001,Financial Inclusion / Insurance,individual,13,1,0,0.9285714285714286,4,0,1,0,1,not_eligible,0,0
P06,38,100000,Odisha,farmer,secondary,general,female,0,self_employed,shg_member,AGR001,Fisheries / Social Security,individual,11,3,0,0.7857142857142857,8,1,1,0,1,not_eligible,0,0
P06,38,100000,Odisha,farmer,secondary,general,female,0,self_employed,shg_member,MED002,Health / Financial Assistance,individual,12,2,0,0.8571428571428571,5,1,1,0,1,not_eligible,0,0
P06,38,100000,Odisha,farmer,secondary,general,female,0,self_employed,shg_member,SOC002,Social Security / Healthcare,individual,10,4,0,0.7142857142857143,6,1,1,0,1,not_eligible,0,0
P06,38,100000,Odisha,farmer,secondary,general,female,0,self_employed,shg_member,EMP001,Entrepreneurship / Minority Welfare,individual,8,6,0,0.5714285714285714,6,0,1,0,1,not_eligible,0,0
P06,38,100000,Odisha,farmer,secondary,general,female,0,self_employed,shg_member,SKL001,Skill Development / Agriculture,organization,12,2,0,0.8571428571428571,4,0,1,0,0,not_eligible,0,0
P06,38,100000,Odisha,farmer,secondary,general,female,0,self_employed,shg_member,AGR002,Agriculture / Export Promotion,organization,14,0,0,1.0,4,1,0,0,0,eligible,0,1
P06,38,100000,Odisha,farmer,secondary,general,female,0,self_employed,shg_member,AGR003,Agriculture / Farm Mechanization,individual,13,1,1,0.8666666666666667,5,0,1,1,1,not_eligible,0,0
P06,38,100000,Odisha,farmer,secondary,general,female,0,self_employed,shg_member,RUR002,Rural Development / Land Ownership,individual,13,1,0,0.9285714285714286,3,1,1,0,1,not_eligible,0,0
P06,38,100000,Odisha,farmer,secondary,general,female,0,self_employed,shg_member,DIS001,Disability Welfare / Transport Aid,individual,8,6,0,0.5714285714285714,7,0,1,0,1,not_eligible,0,0
P06,38,100000,Odisha,farmer,secondary,general,female,0,self_employed,shg_member,SKL002,Skill Development / Entrepreneurship,individual,9,5,0,0.6428571428571429,5,1,1,0,1,not_eligible,0,0
P06,38,100000,Odisha,farmer,secondary,general,female,0,self_employed,shg_member,SOC003,Minority Welfare / Financial Assistance,individual,10,4,0,0.7142857142857143,6,0,1,0,1,not_eligible,0,0
P06,38,100000,Odisha,farmer,secondary,general,female,0,self_employed,shg_member,MIN001,Minority Welfare / Skill & Livelihood,individual,11,3,0,0.7857142857142857,4,0,1,0,1,not_eligible,0,0
P06,38,100000,Odisha,farmer,secondary,general,female,0,self_employed,shg_member,COM001,Commerce & Industry / Recognition,individual,12,2,0,0.8571428571428571,3,1,1,0,1,not_eligible,0,0
P06,38,100000,Odisha,farmer,secondary,general,female,0,self_employed,shg_member,SCI001,Science & Technology / Innovation,individual,12,2,0,0.8571428571428571,5,1,1,0,1,not_eligible,0,0
P06,38,100000,Odisha,farmer,secondary,general,female,0,self_employed,shg_member,FIN002,Financial Inclusion / Entrepreneurship,individual,12,2,0,0.8571428571428571,6,1,1,0,1,not_eligible,0,0
P06,38,100000,Odisha,farmer,secondary,general,female,0,self_employed,shg_member,MED003,Health / Financial Assistance,individual,12,2,0,0.8571428571428571,5,1,1,0,1,not_eligible,0,0
P06,38,100000,Odisha,farmer,secondary,general,female,0,self_employed,shg_member,MED004,Healthcare / Financial Assistance,individual,12,2,0,0.8571428571428571,5,1,1,0,1,not_eligible,0,0
P06,38,100000,Odisha,farmer,secondary,general,female,0,self_employed,shg_member,MED005,Healthcare / Insurance,individual,12,2,0,0.8571428571428571,4,0,1,0,1,not_eligible,0,0
P06,38,100000,Odisha,farmer,secondary,general,female,0,self_employed,shg_member,WOM001,Women & Child Development / Nutrition,individual,11,3,0,0.7857142857142857,3,0,1,0,1,not_eligible,0,0
P06,38,100000,Odisha,farmer,secondary,general,female,0,self_employed,shg_member,HEA001,Healthcare / Pharmaceuticals,individual,12,2,0,0.8571428571428571,5,0,1,0,1,not_eligible,0,0
P06,38,100000,Odisha,farmer,secondary,general,female,0,self_employed,shg_member,EDU003,Education / Nutrition,individual,9,4,1,0.6428571428571429,2,0,1,1,1,not_eligible,0,0
P06,38,100000,Odisha,farmer,secondary,general,female,0,self_employed,shg_member,EDU004,Scholarship / Disability Welfare,individual,7,6,1,0.5,6,0,1,1,1,not_eligible,0,0
P06,38,100000,Odisha,farmer,secondary,general,female,0,self_employed,shg_member,EDU005,Scholarship / Social Justice,individual,8,5,1,0.5714285714285714,6,0,1,1,1,not_eligible,0,0
P06,38,100000,Odisha,farmer,secondary,general,female,0,self_employed,shg_member,EDU006,Scholarship / Women Education,individual,7,5,3,0.4666666666666667,5,1,1,1,1,not_eligible,0,0
P06,38,100000,Odisha,farmer,secondary,general,female,0,self_employed,shg_member,RES002,Higher Education / Research Fellowship,individual,7,5,2,0.5,6,1,1,1,1,not_eligible,0,0
P06,38,100000,Odisha,farmer,secondary,general,female,0,self_employed,shg_member,SKI001,Skill Development / Minority Affairs,individual,10,4,0,0.7142857142857143,4,0,1,0,1,not_eligible,0,0
P06,38,100000,Odisha,farmer,secondary,general,female,0,self_employed,shg_member,WOM002,Women & Child Development / Justice,individual,13,1,0,0.9285714285714286,2,0,1,0,1,not_eligible,0,0
P06,38,100000,Odisha,farmer,secondary,general,female,0,self_employed,shg_member,EDU007,Scholarship / Education,individual,8,5,1,0.5714285714285714,6,0,1,1,1,not_eligible,0,0
P06,38,100000,Odisha,farmer,secondary,general,female,0,self_employed,shg_member,RES003,Science & Technology / Research Fellowship,individual,8,5,1,0.5714285714285714,5,1,1,1,1,not_eligible,0,0
P06,38,100000,Odisha,farmer,secondary,general,female,0,self_employed,shg_member,EDU008,Higher Education / Electronics & IT Research,individual,9,3,2,0.6428571428571429,4,1,1,1,1,not_eligible,0,0
P06,38,100000,Odisha,farmer,secondary,general,female,0,self_employed,shg_member,RES004,Science & Technology / Engineering Fellowship,individual,9,4,1,0.6428571428571429,4,1,1,1,1,not_eligible,0,0
P06,38,100000,Odisha,farmer,secondary,general,female,0,self_employed,shg_member,CUL002,Culture / Arts & Performing Arts,individual,10,4,0,0.7142857142857143,5,1,1,0,1,not_eligible,0,0
P06,38,100000,Odisha,farmer,secondary,general,female,0,self_employed,shg_member,CUL003,Culture / State Recognition,individual,11,3,0,0.7857142857142857,5,1,1,0,1,not_eligible,0,0
P06,38,100000,Odisha,farmer,secondary,general,female,0,self_employed,shg_member,CUL004,Culture / Infrastructure Support,individual,11,2,1,0.7857142857142857,5,1,1,1,1,not_eligible,0,0
P07,22,200000,Goa,artist,,general,female,0,self_employed,young_artist,MED001,Health / Social Welfare,individual,11,3,0,0.7857142857142857,9,1,1,0,1,not_eligible,0,0
P07,22,200000,Goa,artist,,general,female,0,self_employed,young_artist,CUL001,Culture / Pension,individual,12,2,0,0.8571428571428571,8,1,1,0,1,not_eligible,0,0
P07,22,200000,Goa,artist,,general,female,0,self_employed,young_artist,SOC001,Social Security / Pension,individual,10,4,0,0.7142857142857143,6,0,1,0,1,not_eligible,0,0
P07,22,200000,Goa,artist,,general,female,0,self_employed,young_artist,HOU001,Housing / LGBTQ+ Welfare,individual,11,3,0,0.7857142857142857,3,1,1,0,1,not_eligible,0,0
P07,22,200000,Goa,artist,,general,female,0,self_employed,young_artist,EXT001,External Affairs / Overseas Welfare,individual,12,2,0,0.8571428571428571,4,1,1,0,1,not_eligible,0,0
P07,22,200000,Goa,artist,,general,female,0,self_employed,young_artist,RUR001,Rural Infrastructure / Energy,community,11,3,0,0.7857142857142857,3,1,1,0,0,not_eligible,0,0
P07,22,200000,Goa,artist,,general,female,0,self_employed,young_artist,EDU001,Education / Disability,institution,9,3,2,0.6428571428571429,6,1,1,1,0,not_eligible,0,0
P07,22,200000,Goa,artist,,general,female,0,self_employed,young_artist,EDU002,Scholarship / Education,individual,8,5,1,0.5714285714285714,7,0,1,1,1,not_eligible,0,0
P07,22,200000,Goa,artist,,general,female,0,self_employed,young_artist,RES001,Research & Development,institution,9,3,2,0.6428571428571429,5,1,1,1,0,not_eligible,0,0
P07,22,200000,Goa,artist,,general,female,0,self_employed,young_artist,FIN001,Financial Inclusion / Insurance,individual,13,1,0,0.9285714285714286,4,0,1,0,1,not_eligible,0,0
P07,22,200000,Goa,artist,,general,female,0,self_employed,young_artist,AGR001,Fisheries / Social Security,individual,11,3,0,0.7857142857142857,8,1,1,0,1,not_eligible,0,0
P07,22,200000,Goa,artist,,general,female,0,self_employed,young_artist,MED002,Health / Financial Assistance,individual,12,2,0,0.8571428571428571,5,1,1,0,1,not_eligible,0,0
P07,22,200000,Goa,artist,,general,female,0,self_employed,young_artist,SOC002,Social Security / Healthcare,individual,10,4,0,0.7142857142857143,6,1,1,0,1,not_eligible,0,0
P07,22,200000,Goa,artist,,general,female,0,self_employed,young_artist,EMP001,Entrepreneurship / Minority Welfare,individual,8,5,1,0.5714285714285714,6,0,1,1,1,not_eligible,0,0
P07,22,200000,Goa,artist,,general,female,0,self_employed,young_artist,SKL001,Skill Development / Agriculture,organization,11,3,0,0.7857142857142857,4,0,1,0,0,not_eligible,0,0
P07,22,200000,Goa,artist,,general,female,0,self_employed,young_artist,AGR002,Agriculture / Export Promotion,organization,12,2,0,0.8571428571428571,4,1,1,0,0,not_eligible,0,0
P07,22,200000,Goa,artist,,general,female,0,self_employed,young_artist,AGR003,Agriculture / Farm Mechanization,individual,12,2,1,0.8,5,0,1,1,1,not_eligible,0,0
P07,22,200000,Goa,artist,,general,female,0,self_employed,young_artist,RUR002,Rural Development / Land Ownership,individual,13,1,0,0.9285714285714286,3,1,1,0,1,not_eligible,0,0
P07,22,200000,Goa,artist,,general,female,0,self_employed,young_artist,DIS001,Disability Welfare / Transport Aid,individual,8,5,1,0.5714285714285714,7,0,1,1,1,not_eligible,0,0
P07,22,200000,Goa,artist,,general,female,0,self_employed,young_artist,SKL002,Skill Development / Entrepreneurship,individual,9,4,1,0.6428571428571429,5,1,1,1,1,not_eligible,0,0
P07,22,200000,Goa,artist,,general,female,0,self_employed,young_artist,SOC003,Minority Welfare / Financial Assistance,individual,10,4,0,0.7142857142857143,6,0,1,0,1,not_eligible,0,0
P07,22,200000,Goa,artist,,general,female,0,self_employed,young_artist,MIN001,Minority Welfare / Skill & Livelihood,individual,11,3,0,0.7857142857142857,4,0,1,0,1,not_eligible,0,0
P07,22,200000,Goa,artist,,general,female,0,self_employed,young_artist,COM001,Commerce & Industry / Recognition,individual,12,2,0,0.8571428571428571,3,1,1,0,1,not_eligible,0,0
P07,22,200000,Goa,artist,,general,female,0,self_employed,young_artist,SCI001,Science & Technology / Innovation,individual,12,2,0,0.8571428571428571,5,1,1,0,1,not_eligible,0,0
P07,22,200000,Goa,artist,,general,female,0,self_employed,young_artist,FIN002,Financial Inclusion / Entrepreneurship,individual,12,2,0,0.8571428571428571,6,1,1,0,1,not_eligible,0,0
P07,22,200000,Goa,artist,,general,female,0,self_employed,young_artist,MED003,Health / Financial Assistance,individual,12,2,0,0.8571428571428571,5,1,1,0,1,not_eligible,0,0
P07,22,200000,Goa,artist,,general,female,0,self_employed,young_artist,MED004,Healthcare / Financial Assistance,individual,12,2,0,0.8571428571428571,5,1,1,0,1,not_eligible,0,0
P07,22,200000,Goa,artist,,general,female,0,self_employed,young_artist,MED005,Healthcare / Insurance,individual,12,2,0,0.8571428571428571,4,0,1,0,1,not_eligible,0,0
P07,22,200000,Goa,artist,,general,female,0,self_employed,young_artist,WOM001,Women & Child Development / Nutrition,individual,11,2,1,0.7857142857142857,3,0,1,1,1,not_eligible,0,0
P07,22,200000,Goa,artist,,general,female,0,self_employed,young_artist,HEA001,Healthcare / Pharmaceuticals,individual,12,2,0,0.8571428571428571,5,0,1,0,1,not_eligible,0,0
P07,22,200000,Goa,artist,,general,female,0,self_employed,young_artist,EDU003,Education / Nutrition,individual,9,3,2,0.6428571428571429,2,0,1,1,1,not_eligible,0,0
P07,22,200000,Goa,artist,,general,female,0,self_employed,young_artist,EDU004,Scholarship / Disability Welfare,individual,7,5,2,0.5,6,0,1,1,1,not_eligible,0,0
P07,22,200000,Goa,artist,,general,female,0,self_employed,young_artist,EDU005,Scholarship / Social Justice,individual,8,4,2,0.5714285714285714,6,0,1,1,1,not_eligible,0,0
P07,22,200000,Goa,artist,,general,female,0,self_employed,young_artist,EDU006,Scholarship / Women Education,individual,8,3,4,0.5333333333333333,5,1,1,1,1,not_eligible,0,0
P07,22,200000,Goa,artist,,general,female,0,self_employed,young_artist,RES002,Higher Education / Research Fellowship,individual,8,3,3,0.5714285714285714,6,1,1,1,1,not_eligible,0,0
P07,22,200000,Goa,artist,,general,female,0,self_employed,young_artist,SKI001,Skill Development / Minority Affairs,individual,10,3,1,0.7142857142857143,4,0,1,1,1,not_eligible,0,0
P07,22,200000,Goa,artist,,general,female,0,self_employed,young_artist,WOM002,Women & Child Development / Justice,individual,13,1,0,0.9285714285714286,2,0,1,0,1,not_eligible,0,0
P07,22,200000,Goa,artist,,general,female,0,self_employed,young_artist,EDU007,Scholarship / Education,individual,8,4,2,0.5714285714285714,6,0,1,1,1,not_eligible,0,0
P07,22,200000,Goa,artist,,general,female,0,self_employed,young_artist,RES003,Science & Technology / Research Fellowship,individual,8,4,2,0.5714285714285714,5,1,1,1,1,not_eligible,0,0
P07,22,200000,Goa,artist,,general,female,0,self_employed,young_artist,EDU008,Higher Education / Electronics & IT Research,individual,9,2,3,0.6428571428571429,4,1,1,1,1,not_eligible,0,0
P07,22,200000,Goa,artist,,general,female,0,self_employed,young_artist,RES004,Science & Technology / Engineering Fellowship,individual,9,3,2,0.6428571428571429,4,1,1,1,1,not_eligible,0,0
P07,22,200000,Goa,artist,,general,female,0,self_employed,young_artist,CUL002,Culture / Arts & Performing Arts,individual,14,0,0,1.0,5,1,0,0,1,eligible,2,1
P07,22,200000,Goa,artist,,general,female,0,self_employed,young_artist,CUL003,Culture / State Recognition,individual,13,1,0,0.9285714285714286,5,1,1,0,1,not_eligible,0,0
P07,22,200000,Goa,artist,,general,female,0,self_employed,young_artist,CUL004,Culture / Infrastructure Support,individual,11,2,1,0.7857142857142857,5,1,1,1,1,not_eligible,0,0
P08,32,350000,Goa,artist,,general,male,0,self_employed,artist,MED001,Health / Social Welfare,individual,11,3,0,0.7857142857142857,9,1,1,0,1,not_eligible,0,0
P08,32,350000,Goa,artist,,general,male,0,self_employed,artist,CUL001,Culture / Pension,individual,12,2,0,0.8571428571428571,8,1,1,0,1,not_eligible,0,0
P08,32,350000,Goa,artist,,general,male,0,self_employed,artist,SOC001,Social Security / Pension,individual,10,4,0,0.7142857142857143,6,0,1,0,1,not_eligible,0,0
P08,32,350000,Goa,artist,,general,male,0,self_employed,artist,HOU001,Housing / LGBTQ+ Welfare,individual,11,3,0,0.7857142857142857,3,1,1,0,1,not_eligible,0,0
P08,32,350000,Goa,artist,,general,male,0,self_employed,artist,EXT001,External Affairs / Overseas Welfare,individual,12,2,0,0.8571428571428571,4,1,1,0,1,not_eligible,0,0
P08,32,350000,Goa,artist,,general,male,0,self_employed,artist,RUR001,Rural Infrastructure / Energy,community,11,3,0,0.7857142857142857,3,1,1,0,0,not_eligible,0,0
P08,32,350000,Goa,artist,,general,male,0,self_employed,artist,EDU001,Education / Disability,institution,9,3,2,0.6428571428571429,6,1,1,1,0,not_eligible,0,0
P08,32,350000,Goa,artist,,general,male,0,self_employed,artist,EDU002,Scholarship / Education,individual,8,5,1,0.5714285714285714,7,0,1,1,1,not_eligible,0,0
P08,32,350000,Goa,artist,,general,male,0,self_employed,artist,RES001,Research & Development,institution,9,3,2,0.6428571428571429,5,1,1,1,0,not_eligible,0,0
P08,32,350000,Goa,artist,,general,male,0,self_employed,artist,FIN001,Financial Inclusion / Insurance,individual,13,1,0,0.9285714285714286,4,0,1,0,1,not_eligible,0,0
P08,32,350000,Goa,artist,,general,male,0,self_employed,artist,AGR001,Fisheries / Social Security,individual,11,3,0,0.7857142857142857,8,1,1,0,1,not_eligible,0,0
P08,32,350000,Goa,artist,,general,male,0,self_employed,artist,MED002,Health / Financial Assistance,individual,12,2,0,0.8571428571428571,5,1,1,0,1,not_eligible,0,0
P08,32,350000,Goa,artist,,general,male,0,self_employed,artist,SOC002,Social Security / Healthcare,individual,10,4,0,0.7142857142857143,6,1,1,0,1,not_eligible,0,0
P08,32,350000,Goa,artist,,general,male,0,self_employed,artist,EMP001,Entrepreneurship / Minority Welfare,individual,8,5,1,0.5714285714285714,6,0,1,1,1,not_eligible,0,0
P08,32,350000,Goa,artist,,general,male,0,self_employed,artist,SKL001,Skill Development / Agriculture,organization,11,3,0,0.7857142857142857,4,0,1,0,0,not_eligible,0,0
P08,32,350000,Goa,artist,,general,male,0,self_employed,artist,AGR002,Agriculture / Export Promotion,organization,12,2,0,0.8571428571428571,4,1,1,0,0,not_eligible,0,0
P08,32,350000,Goa,artist,,general,male,0,self_employed,artist,AGR003,Agriculture / Farm Mechanization,individual,12,2,1,0.8,5,0,1,1,1,not_eligible,0,0
P08,32,350000,Goa,artist,,general,male,0,self_employed,artist,RUR002,Rural Development / Land Ownership,individual,13,1,0,0.9285714285714286,3,1,1,0,1,not_eligible,0,0
P08,32,350000,Goa,artist,,general,male,0,self_employed,artist,DIS001,Disability Welfare / Transport Aid,individual,8,5,1,0.5714285714285714,7,0,1,1,1,not_eligible,0,0
P08,32,350000,Goa,artist,,general,male,0,self_employed,artist,SKL002,Skill Development / Entrepreneurship,individual,9,4,1,0.6428571428571429,5,1,1,1,1,not_eligible,0,0
P08,32,350000,Goa,artist,,general,male,0,self_employed,artist,SOC003,Minority Welfare / Financial Assistance,individual,10,4,0,0.7142857142857143,6,0,1,0,1,not_eligible,0,0
P08,32,350000,Goa,artist,,general,male,0,self_employed,artist,MIN001,Minority Welfare / Skill & Livelihood,individual,11,3,0,0.7857142857142857,4,0,1,0,1,not_eligible,0,0
P08,32,350000,Goa,artist,,general,male,0,self_employed,artist,COM001,Commerce & Industry / Recognition,individual,12,2,0,0.8571428571428571,3,1,1,0,1,not_eligible,0,0
P08,32,350000,Goa,artist,,general,male,0,self_employed,artist,SCI001,Science & Technology / Innovation,individual,12,2,0,0.8571428571428571,5,1,1,0,1,not_eligible,0,0
P08,32,350000,Goa,artist,,general,male,0,self_employed,artist,FIN002,Financial Inclusion / Entrepreneurship,individual,12,2,0,0.8571428571428571,6,1,1,0,1,not_eligible,0,0
P08,32,350000,Goa,artist,,general,male,0,self_employed,artist,MED003,Health / Financial Assistance,individual,11,3,0,0.7857142857142857,5,1,1,0,1,not_eligible,0,0
P08,32,350000,Goa,artist,,general,male,0,self_employed,artist,MED004,Healthcare / Financial Assistance,individual,11,3,0,0.7857142857142857,5,1,1,0,1,not_eligible,0,0
P08,32,350000,Goa,artist,,general,male,0,self_employed,artist,MED005,Healthcare / Insurance,individual,12,2,0,0.8571428571428571,4,0,1,0,1,not_eligible,0,0
P08,32,350000,Goa,artist,,general,male,0,self_employed,artist,WOM001,Women & Child Development / Nutrition,individual,11,2,1,0.7857142857142857,3,0,1,1,1,not_eligible,0,0
P08,32,350000,Goa,artist,,general,male,0,self_employed,artist,HEA001,Healthcare / Pharmaceuticals,individual,12,2,0,0.8571428571428571,5,0,1,0,1,not_eligible,0,0
P08,32,350000,Goa,artist,,general,male,0,self_employed,artist,EDU003,Education / Nutrition,individual,9,3,2,0.6428571428571429,2,0,1,1,1,not_eligible,0,0
P08,32,350000,Goa,artist,,general,male,0,self_employed,artist,EDU004,Scholarship / Disability Welfare,individual,6,6,2,0.42857142857142855,6,0,1,1,1,not_eligible,0,0
P08,32,350000,Goa,artist,,general,male,0,self_employed,artist,EDU005,Scholarship / Social Justice,individual,7,5,2,0.5,6,0,1,1,1,not_eligible,0,0
P08,32,350000,Goa,artist,,general,male,0,self_employed,artist,EDU006,Scholarship / Women Education,individual,7,4,4,0.4666666666666667,5,1,1,1,1,not_eligible,0,0
P08,32,350000,Goa,artist,,general,male,0,self_employed,artist,RES002,Higher Education / Research Fellowship,individual,8,3,3,0.5714285714285714,6,1,1,1,1,not_eligible,0,0
P08,32,350000,Goa,artist,,general,male,0,self_employed,artist,SKI001,Skill Development / Minority Affairs,individual,10,3,1,0.7142857142857143,4,0,1,1,1,not_eligible,0,0
P08,32,350000,Goa,artist,,general,male,0,self_employed,artist,WOM002,Women & Child Development / Justice,individual,13,1,0,0.9285714285714286,2,0,1,0,1,not_eligible,0,0
P08,32,350000,Goa,artist,,general,male,0,self_employed,artist,EDU007,Scholarship / Education,individual,8,4,2,0.5714285714285714,6,0,1,1,1,not_eligible,0,0
P08,32,350000,Goa,artist,,general,male,0,self_employed,artist,RES003,Science & Technology / Research Fellowship,individual,8,4,2,0.5714285714285714,5,1,1,1,1,not_eligible,0,0
P08,32,350000,Goa,artist,,general,male,0,self_employed,artist,EDU008,Higher Education / Electronics & IT Research,individual,9,2,3,0.6428571428571429,4,1,1,1,1,not_eligible,0,0
P08,32,350000,Goa,artist,,general,male,0,self_employed,artist,RES004,Science & Technology / Engineering Fellowship,individual,9,3,2,0.6428571428571429,4,1,1,1,1,not_eligible,0,0
P08,32,350000,Goa,artist,,general,male,0,self_employed,artist,CUL002,Culture / Arts & Performing Arts,individual,13,1,0,0.9285714285714286,5,1,1,0,1,not_eligible,0,0
P08,32,350000,Goa,artist,,general,male,0,self_employed,artist,CUL003,Culture / State Recognition,individual,14,0,0,1.0,5,1,0,0,1,eligible,2,1
P08,32,350000,Goa,artist,,general,male,0,self_employed,artist,CUL004,Culture / Infrastructure Support,individual,11,2,1,0.7857142857142857,5,1,1,1,1,not_eligible,0,0
P09,30,300000,Delhi,employee,graduate,general,female,1,employed,person_with_disability,MED001,Health / Social Welfare,individual,11,3,0,0.7857142857142857,9,1,1,0,1,not_eligible,0,0
P09,30,300000,Delhi,employee,graduate,general,female,1,employed,person_with_disability,CUL001,Culture / Pension,individual,10,4,0,0.7142857142857143,8,1,1,0,1,not_eligible,0,0
P09,30,300000,Delhi,employee,graduate,general,female,1,employed,person_with_disability,SOC001,Social Security / Pension,individual,12,2,0,0.8571428571428571,6,0,1,0,1,not_eligible,0,0
P09,30,300000,Delhi,employee,graduate,general,female,1,employed,person_with_disability,HOU001,Housing / LGBTQ+ Welfare,individual,12,2,0,0.8571428571428571,3,1,1,0,1,not_eligible,0,0
P09,30,300000,Delhi,employee,graduate,general,female,1,employed,person_with_disability,EXT001,External Affairs / Overseas Welfare,individual,12,2,0,0.8571428571428571,4,1,1,0,1,not_eligible,0,0
P09,30,300000,Delhi,employee,graduate,general,female,1,employed,person_with_disability,RUR001,Rural Infrastructure / Energy,community,11,3,0,0.7857142857142857,3,1,1,0,0,not_eligible,0,0
P09,30,300000,Delhi,employee,graduate,general,female,1,employed,person_with_disability,EDU001,Education / Disability,institution,11,2,1,0.7857142857142857,6,1,1,1,0,not_eligible,0,0
P09,30,300000,Delhi,employee,graduate,general,female,1,employed,person_with_disability,EDU002,Scholarship / Education,individual,10,4,0,0.7142857142857143,7,0,1,0,1,not_eligible,0,0
P09,30,300000,Delhi,employee,graduate,general,female,1,employed,person_with_disability,RES001,Research & Development,institution,10,3,1,0.7142857142857143,5,1,1,1,0,not_eligible,0,0
P09,30,300000,Delhi,employee,graduate,general,female,1,employed,person_with_disability,FIN001,Financial Inclusion / Insurance,individual,13,1,0,0.9285714285714286,4,0,1,0,1,not_eligible,0,0
P09,30,300000,Delhi,employee,graduate,general,female,1,employed,person_with_disability,AGR001,Fisheries / Social Security,individual,11,3,0,0.7857142857142857,8,1,1,0,1,not_eligible,0,0
P09,30,300000,Delhi,employee,graduate,general,female,1,employed,person_with_disability,MED002,Health / Financial Assistance,individual,12,2,0,0.8571428571428571,5,1,1,0,1,not_eligible,0,0
P09,30,300000,Delhi,employee,graduate,general,female,1,employed,person_with_disability,SOC002,Social Security / Healthcare,individual,10,4,0,0.7142857142857143,6,1,1,0,1,not_eligible,0,0
P09,30,300000,Delhi,employee,graduate,general,female,1,employed,person_with_disability,EMP001,Entrepreneurship / Minority Welfare,individual,9,5,0,0.6428571428571429,6,0,1,0,1,not_eligible,0,0
P09,30,300000,Delhi,employee,graduate,general,female,1,employed,person_with_disability,SKL001,Skill Development / Agriculture,organization,11,3,0,0.7857142857142857,4,0,1,0,0,not_eligible,0,0
P09,30,300000,Delhi,employee,graduate,general,female,1,employed,person_with_disability,AGR002,Agriculture / Export Promotion,organization,12,2,0,0.8571428571428571,4,1,1,0,0,not_eligible,0,0
P09,30,300000,Delhi,employee,graduate,general,female,1,employed,person_with_disability,AGR003,Agriculture / Farm Mechanization,individual,12,2,1,0.8,5,0,1,1,1,not_eligible,0,0
P09,30,300000,Delhi,employee,graduate,general,female,1,employed,person_with_disability,RUR002,Rural Development / Land Ownership,individual,13,1,0,0.9285714285714286,3,1,1,0,1,not_eligible,0,0
P09,30,300000,Delhi,employee,graduate,general,female,1,employed,person_with_disability,DIS001,Disability Welfare / Transport Aid,individual,11,3,0,0.7857142857142857,7,0,1,0,1,not_eligible,0,0
P09,30,300000,Delhi,employee,graduate,general,female,1,employed,person_with_disability,SKL002,Skill Development / Entrepreneurship,individual,10,4,0,0.7142857142857143,5,1,1,0,1,not_eligible,0,0
P09,30,300000,Delhi,employee,graduate,general,female,1,employed,person_with_disability,SOC003,Minority Welfare / Financial Assistance,individual,10,4,0,0.7142857142857143,6,0,1,0,1,not_eligible,0,0
P09,30,300000,Delhi,employee,graduate,general,female,1,employed,person_with_disability,MIN001,Minority Welfare / Skill & Livelihood,individual,11,3,0,0.7857142857142857,4,0,1,0,1,not_eligible,0,0
P09,30,300000,Delhi,employee,graduate,general,female,1,employed,person_with_disability,COM001,Commerce & Industry / Recognition,individual,12,2,0,0.8571428571428571,3,1,1,0,1,not_eligible,0,0
P09,30,300000,Delhi,employee,graduate,general,female,1,employed,person_with_disability,SCI001,Science & Technology / Innovation,individual,12,2,0,0.8571428571428571,5,1,1,0,1,not_eligible,0,0
P09,30,300000,Delhi,employee,graduate,general,female,1,employed,person_with_disability,FIN002,Financial Inclusion / Entrepreneurship,individual,12,2,0,0.8571428571428571,6,1,1,0,1,not_eligible,0,0
P09,30,300000,Delhi,employee,graduate,general,female,1,employed,person_with_disability,MED003,Health / Financial Assistance,individual,11,3,0,0.7857142857142857,5,1,1,0,1,not_eligible,0,0
P09,30,300000,Delhi,employee,graduate,general,female,1,employed,person_with_disability,MED004,Healthcare / Financial Assistance,individual,13,1,0,0.9285714285714286,5,1,1,0,1,not_eligible,0,0
P09,30,300000,Delhi,employee,graduate,general,female,1,employed,person_with_disability,MED005,Healthcare / Insurance,individual,12,2,0,0.8571428571428571,4,0,1,0,1,not_eligible,0,0
P09,30,300000,Delhi,employee,graduate,general,female,1,employed,person_with_disability,WOM001,Women & Child Development / Nutrition,individual,11,3,0,0.7857142857142857,3,0,1,0,1,not_eligible,0,0
P09,30,300000,Delhi,employee,graduate,general,female,1,employed,person_with_disability,HEA001,Healthcare / Pharmaceuticals,individual,12,2,0,0.8571428571428571,5,0,1,0,1,not_eligible,0,0
P09,30,300000,Delhi,employee,graduate,general,female,1,employed,person_with_disability,EDU003,Education / Nutrition,individual,9,4,1,0.6428571428571429,2,0,1,1,1,not_eligible,0,0
P09,30,300000,Delhi,employee,graduate,general,female,1,employed,person_with_disability,EDU004,Scholarship / Disability Welfare,individual,11,2,1,0.7857142857142857,6,0,1,1,1,not_eligible,0,0
P09,30,300000,Delhi,employee,graduate,general,female,1,employed,person_with_disability,EDU005,Scholarship / Social Justice,individual,7,6,1,0.5,6,0,1,1,1,not_eligible,0,0
P09,30,300000,Delhi,employee,graduate,general,female,1,employed,person_with_disability,EDU006,Scholarship / Women Education,individual,9,3,3,0.6,5,1,1,1,1,not_eligible,0,0
P09,30,300000,Delhi,employee,graduate,general,female,1,employed,person_with_disability,RES002,Higher Education / Research Fellowship,individual,10,2,2,0.7142857142857143,6,1,1,1,1,not_eligible,0,0
P09,30,300000,Delhi,employee,graduate,general,female,1,employed,person_with_disability,SKI001,Skill Development / Minority Affairs,individual,10,4,0,0.7142857142857143,4,0,1,0,1,not_eligible,0,0
P09,30,300000,Delhi,employee,graduate,general,female,1,employed,person_with_disability,WOM002,Women & Child Development / Justice,individual,13,1,0,0.9285714285714286,2,0,1,0,1,not_eligible,0,0
P09,30,300000,Delhi,employee,graduate,general,female,1,employed,person_with_disability,EDU007,Scholarship / Education,individual,8,5,1,0.5714285714285714,6,0,1,1,1,not_eligible,0,0
P09,30,300000,Delhi,employee,graduate,general,female,1,employed,person_with_disability,RES003,Science & Technology / Research Fellowship,individual,8,5,1,0.5714285714285714,5,1,1,1,1,not_eligible,0,0
P09,30,300000,Delhi,employee,graduate,general,female,1,employed,person_with_disability,EDU008,Higher Education / Electronics & IT Research,individual,10,2,2,0.7142857142857143,4,1,1,1,1,not_eligible,0,0
P09,30,300000,Delhi,employee,graduate,general,female,1,employed,person_with_disability,RES004,Science & Technology / Engineering Fellowship,individual,10,3,1,0.7142857142857143,4,1,1,1,1,not_eligible,0,0
P09,30,300000,Delhi,employee,graduate,general,female,1,employed,person_with_disability,CUL002,Culture / Arts & Performing Arts,individual,10,4,0,0.7142857142857143,5,1,1,0,1,not_eligible,0,0
P09,30,300000,Delhi,employee,graduate,general,female,1,employed,person_with_disability,CUL003,Culture / State Recognition,individual,11,3,0,0.7857142857142857,5,1,1,0,1,not_eligible,0,0
P09,30,300000,Delhi,employee,graduate,general,female,1,employed,person_with_disability,CUL004,Culture / Infrastructure Support,individual,11,2,1,0.7857142857142857,5,1,1,1,1,not_eligible,0,0
P10,27,60000,Uttar Pradesh,unemployed,secondary,general,male,0,unemployed,unemployed,MED001,Health / Social Welfare,individual,11,3,0,0.7857142857142857,9,1,1,0,1,not_eligible,0,0
P10,27,60000,Uttar Pradesh,unemployed,secondary,general,male,0,unemployed,unemployed,CUL001,Culture / Pension,individual,10,4,0,0.7142857142857143,8,1,1,0,1,not_eligible,0,0
P10,27,60000,Uttar Pradesh,unemployed,secondary,general,male,0,unemployed,unemployed,SOC001,Social Security / Pension,individual,10,4,0,0.7142857142857143,6,0,1,0,1,not_eligible,0,0
P10,27,60000,Uttar Pradesh,unemployed,secondary,general,male,0,unemployed,unemployed,HOU001,Housing / LGBTQ+ Welfare,individual,12,2,0,0.8571428571428571,3,1,1,0,1,not_eligible,0,0
P10,27,60000,Uttar Pradesh,unemployed,secondary,general,male,0,unemployed,unemployed,EXT001,External Affairs / Overseas Welfare,individual,12,2,0,0.8571428571428571,4,1,1,0,1,not_eligible,0,0
P10,27,60000,Uttar Pradesh,unemployed,secondary,general,male,0,unemployed,unemployed,RUR001,Rural Infrastructure / Energy,community,11,3,0,0.7857142857142857,3,1,1,0,0,not_eligible,0,0
P10,27,60000,Uttar Pradesh,unemployed,secondary,general,male,0,unemployed,unemployed,EDU001,Education / Disability,institution,10,3,1,0.7142857142857143,6,1,1,1,0,not_eligible,0,0
P10,27,60000,Uttar Pradesh,unemployed,secondary,general,male,0,unemployed,unemployed,EDU002,Scholarship / Education,individual,9,5,0,0.6428571428571429,7,0,1,0,1,not_eligible,0,0
P10,27,60000,Uttar Pradesh,unemployed,secondary,general,male,0,unemployed,unemployed,RES001,Research & Development,institution,9,4,1,0.6428571428571429,5,1,1,1,0,not_eligible,0,0
P10,27,60000,Uttar Pradesh,unemployed,secondary,general,male,0,unemployed,unemployed,FIN001,Financial Inclusion / Insurance,individual,13,1,0,0.9285714285714286,4,0,1,0,1,not_eligible,0,0
P10,27,60000,Uttar Pradesh,unemployed,secondary,general,male,0,unemployed,unemployed,AGR001,Fisheries / Social Security,individual,11,3,0,0.7857142857142857,8,1,1,0,1,not_eligible,0,0
P10,27,60000,Uttar Pradesh,unemployed,secondary,general,male,0,unemployed,unemployed,MED002,Health / Financial Assistance,individual,12,2,0,0.8571428571428571,5,1,1,0,1,not_eligible,0,0
P10,27,60000,Uttar Pradesh,unemployed,secondary,general,male,0,unemployed,unemployed,SOC002,Social Security / Healthcare,individual,10,4,0,0.7142857142857143,6,1,1,0,1,not_eligible,0,0
P10,27,60000,Uttar Pradesh,unemployed,secondary,general,male,0,unemployed,unemployed,EMP001,Entrepreneurship / Minority Welfare,individual,10,4,0,0.7142857142857143,6,0,1,0,1,not_eligible,0,0
P10,27,60000,Uttar Pradesh,unemployed,secondary,general,male,0,unemployed,unemployed,SKL001,Skill Development / Agriculture,organization,11,3,0,0.7857142857142857,4,0,1,0,0,not_eligible,0,0
P10,27,60000,Uttar Pradesh,unemployed,secondary,general,male,0,unemployed,unemployed,AGR002,Agriculture / Export Promotion,organization,12,2,0,0.8571428571428571,4,1,1,0,0,not_eligible,0,0
P10,27,60000,Uttar Pradesh,unemployed,secondary,general,male,0,unemployed,unemployed,AGR003,Agriculture / Farm Mechanization,individual,12,2,1,0.8,5,0,1,1,1,not_eligible,0,0
P10,27,60000,Uttar Pradesh,unemployed,secondary,general,male,0,unemployed,unemployed,RUR002,Rural Development / Land Ownership,individual,13,1,0,0.9285714285714286,3,1,1,0,1,not_eligible,0,0
P10,27,60000,Uttar Pradesh,unemployed,secondary,general,male,0,unemployed,unemployed,DIS001,Disability Welfare / Transport Aid,individual,9,5,0,0.6428571428571429,7,0,1,0,1,not_eligible,0,0
P10,27,60000,Uttar Pradesh,unemployed,secondary,general,male,0,unemployed,unemployed,SKL002,Skill Development / Entrepreneurship,individual,11,3,0,0.7857142857142857,5,1,1,0,1,not_eligible,0,0
P10,27,60000,Uttar Pradesh,unemployed,secondary,general,male,0,unemployed,unemployed,SOC003,Minority Welfare / Financial Assistance,individual,9,5,0,0.6428571428571429,6,0,1,0,1,not_eligible,0,0
P10,27,60000,Uttar Pradesh,unemployed,secondary,general,male,0,unemployed,unemployed,MIN001,Minority Welfare / Skill & Livelihood,individual,11,3,0,0.7857142857142857,4,0,1,0,1,not_eligible,0,0
P10,27,60000,Uttar Pradesh,unemployed,secondary,general,male,0,unemployed,unemployed,COM001,Commerce & Industry / Recognition,individual,12,2,0,0.8571428571428571,3,1,1,0,1,not_eligible,0,0
P10,27,60000,Uttar Pradesh,unemployed,secondary,general,male,0,unemployed,unemployed,SCI001,Science & Technology / Innovation,individual,12,2,0,0.8571428571428571,5,1,1,0,1,not_eligible,0,0
P10,27,60000,Uttar Pradesh,unemployed,secondary,general,male,0,unemployed,unemployed,FIN002,Financial Inclusion / Entrepreneurship,individual,12,2,0,0.8571428571428571,6,1,1,0,1,not_eligible,0,0
P10,27,60000,Uttar Pradesh,unemployed,secondary,general,male,0,unemployed,unemployed,MED003,Health / Financial Assistance,individual,12,2,0,0.8571428571428571,5,1,1,0,1,not_eligible,0,0
P10,27,60000,Uttar Pradesh,unemployed,secondary,general,male,0,unemployed,unemployed,MED004,Healthcare / Financial Assistance,individual,12,2,0,0.8571428571428571,5,1,1,0,1,not_eligible,0,0
P10,27,60000,Uttar Pradesh,unemployed,secondary,general,male,0,unemployed,unemployed,MED005,Healthcare / Insurance,individual,12,2,0,0.8571428571428571,4,0,1,0,1,not_eligible,0,0
P10,27,60000,Uttar Pradesh,unemployed,secondary,general,male,0,unemployed,unemployed,WOM001,Women & Child Development / Nutrition,individual,11,3,0,0.7857142857142857,3,0,1,0,1,not_eligible,0,0
P10,27,60000,Uttar Pradesh,unemployed,secondary,general,male,0,unemployed,unemployed,HEA001,Healthcare / Pharmaceuticals,individual,12,2,0,0.8571428571428571,5,0,1,0,1,not_eligible,0,0
P10,27,60000,Uttar Pradesh,unemployed,secondary,general,male,0,unemployed,unemployed,EDU003,Education / Nutrition,individual,9,4,1,0.6428571428571429,2,0,1,1,1,not_eligible,0,0
P10,27,60000,Uttar Pradesh,unemployed,secondary,general,male,0,unemployed,unemployed,EDU004,Scholarship / Disability Welfare,individual,8,5,1,0.5714285714285714,6,0,1,1,1,not_eligible,0,0
P10,27,60000,Uttar Pradesh,unemployed,secondary,general,male,0,unemployed,unemployed,EDU005,Scholarship / Social Justice,individual,8,5,1,0.5714285714285714,6,0,1,1,1,not_eligible,0,0
P10,27,60000,Uttar Pradesh,unemployed,secondary,general,male,0,unemployed,unemployed,EDU006,Scholarship / Women Education,individual,8,4,3,0.5333333333333333,5,1,1,1,1,not_eligible,0,0
P10,27,60000,Uttar Pradesh,unemployed,secondary,general,male,0,unemployed,unemployed,RES002,Higher Education / Research Fellowship,individual,9,3,2,0.6428571428571429,6,1,1,1,1,not_eligible,0,0
P10,27,60000,Uttar Pradesh,unemployed,secondary,general,male,0,unemployed,unemployed,SKI001,Skill Development / Minority Affairs,individual,10,4,0,0.7142857142857143,4,0,1,0,1,not_eligible,0,0
P10,27,60000,Uttar Pradesh,unemployed,secondary,general,male,0,unemployed,unemployed,WOM002,Women & Child Development / Justice,individual,13,1,0,0.9285714285714286,2,0,1,0,1,not_eligible,0,0
P10,27,60000,Uttar Pradesh,unemployed,secondary,general,male,0,unemployed,unemployed,EDU007,Scholarship / Education,individual,8,5,1,0.5714285714285714,6,0,1,1,1,not_eligible,0,0
P10,27,60000,Uttar Pradesh,unemployed,secondary,general,male,0,unemployed,unemployed,RES003,Science & Technology / Research Fellowship,individual,8,5,1,0.5714285714285714,5,1,1,1,1,not_eligible,0,0
P10,27,60000,Uttar Pradesh,unemployed,secondary,general,male,0,unemployed,unemployed,EDU008,Higher Education / Electronics & IT Research,individual,9,3,2,0.6428571428571429,4,1,1,1,1,not_eligible,0,0
P10,27,60000,Uttar Pradesh,unemployed,secondary,general,male,0,unemployed,unemployed,RES004,Science & Technology / Engineering Fellowship,individual,9,4,1,0.6428571428571429,4,1,1,1,1,not_eligible,0,0
P10,27,60000,Uttar Pradesh,unemployed,secondary,general,male,0,unemployed,unemployed,CUL002,Culture / Arts & Performing Arts,individual,10,4,0,0.7142857142857143,5,1,1,0,1,not_eligible,0,0
P10,27,60000,Uttar Pradesh,unemployed,secondary,general,male,0,unemployed,unemployed,CUL003,Culture / State Recognition,individual,11,3,0,0.7857142857142857,5,1,1,0,1,not_eligible,0,0
P10,27,60000,Uttar Pradesh,unemployed,secondary,general,male,0,unemployed,unemployed,CUL004,Culture / Infrastructure Support,individual,11,2,1,0.7857142857142857,5,1,1,1,1,not_eligible,0,0
P11,42,900000,Karnataka,faculty,phd,general,male,0,regular_employed,faculty,MED001,Health / Social Welfare,individual,11,3,0,0.7857142857142857,9,1,1,0,1,not_eligible,0,0
P11,42,900000,Karnataka,faculty,phd,general,male,0,regular_employed,faculty,CUL001,Culture / Pension,individual,10,4,0,0.7142857142857143,8,1,1,0,1,not_eligible,0,0
P11,42,900000,Karnataka,faculty,phd,general,male,0,regular_employed,faculty,SOC001,Social Security / Pension,individual,10,4,0,0.7142857142857143,6,0,1,0,1,not_eligible,0,0
P11,42,900000,Karnataka,faculty,phd,general,male,0,regular_employed,faculty,HOU001,Housing / LGBTQ+ Welfare,individual,11,3,0,0.7857142857142857,3,1,1,0,1,not_eligible,0,0
P11,42,900000,Karnataka,faculty,phd,general,male,0,regular_employed,faculty,EXT001,External Affairs / Overseas Welfare,individual,12,2,0,0.8571428571428571,4,1,1,0,1,not_eligible,0,0
P11,42,900000,Karnataka,faculty,phd,general,male,0,regular_employed,faculty,RUR001,Rural Infrastructure / Energy,community,11,3,0,0.7857142857142857,3,1,1,0,0,not_eligible,0,0
P11,42,900000,Karnataka,faculty,phd,general,male,0,regular_employed,faculty,EDU001,Education / Disability,institution,9,5,0,0.6428571428571429,6,1,1,0,0,not_eligible,0,0
P11,42,900000,Karnataka,faculty,phd,general,male,0,regular_employed,faculty,EDU002,Scholarship / Education,individual,9,5,0,0.6428571428571429,7,0,1,0,1,not_eligible,0,0
P11,42,900000,Karnataka,faculty,phd,general,male,0,regular_employed,faculty,RES001,Research & Development,institution,13,1,0,0.9285714285714286,5,1,1,0,0,not_eligible,0,0
P11,42,900000,Karnataka,faculty,phd,general,male,0,regular_employed,faculty,FIN001,Financial Inclusion / Insurance,individual,13,1,0,0.9285714285714286,4,0,1,0,1,not_eligible,0,0
P11,42,900000,Karnataka,faculty,phd,general,male,0,regular_employed,faculty,AGR001,Fisheries / Social Security,individual,11,3,0,0.7857142857142857,8,1,1,0,1,not_eligible,0,0
P11,42,900000,Karnataka,faculty,phd,general,male,0,regular_employed,faculty,MED002,Health / Financial Assistance,individual,12,2,0,0.8571428571428571,5,1,1,0,1,not_eligible,0,0
P11,42,900000,Karnataka,faculty,phd,general,male,0,regular_employed,faculty,SOC002,Social Security / Healthcare,individual,10,4,0,0.7142857142857143,6,1,1,0,1,not_eligible,0,0
P11,42,900000,Karnataka,faculty,phd,general,male,0,regular_employed,faculty,EMP001,Entrepreneurship / Minority Welfare,individual,8,6,0,0.5714285714285714,6,0,1,0,1,not_eligible,0,0
P11,42,900000,Karnataka,faculty,phd,general,male,0,regular_employed,faculty,SKL001,Skill Development / Agriculture,organization,11,3,0,0.7857142857142857,4,0,1,0,0,not_eligible,0,0
P11,42,900000,Karnataka,faculty,phd,general,male,0,regular_employed,faculty,AGR002,Agriculture / Export Promotion,organization,12,2,0,0.8571428571428571,4,1,1,0,0,not_eligible,0,0
P11,42,900000,Karnataka,faculty,phd,general,male,0,regular_employed,faculty,AGR003,Agriculture / Farm Mechanization,individual,12,2,1,0.8,5,0,1,1,1,not_eligible,0,0
P11,42,900000,Karnataka,faculty,phd,general,male,0,regular_employed,faculty,RUR002,Rural Development / Land Ownership,individual,13,1,0,0.9285714285714286,3,1,1,0,1,not_eligible,0,0
P11,42,900000,Karnataka,faculty,phd,general,male,0,regular_employed,faculty,DIS001,Disability Welfare / Transport Aid,individual,8,6,0,0.5714285714285714,7,0,1,0,1,not_eligible,0,0
P11,42,900000,Karnataka,faculty,phd,general,male,0,regular_employed,faculty,SKL002,Skill Development / Entrepreneurship,individual,8,6,0,0.5714285714285714,5,1,1,0,1,not_eligible,0,0
P11,42,900000,Karnataka,faculty,phd,general,male,0,regular_employed,faculty,SOC003,Minority Welfare / Financial Assistance,individual,9,5,0,0.6428571428571429,6,0,1,0,1,not_eligible,0,0
P11,42,900000,Karnataka,faculty,phd,general,male,0,regular_employed,faculty,MIN001,Minority Welfare / Skill & Livelihood,individual,11,3,0,0.7857142857142857,4,0,1,0,1,not_eligible,0,0
P11,42,900000,Karnataka,faculty,phd,general,male,0,regular_employed,faculty,COM001,Commerce & Industry / Recognition,individual,12,2,0,0.8571428571428571,3,1,1,0,1,not_eligible,0,0
P11,42,900000,Karnataka,faculty,phd,general,male,0,regular_employed,faculty,SCI001,Science & Technology / Innovation,individual,12,2,0,0.8571428571428571,5,1,1,0,1,not_eligible,0,0
P11,42,900000,Karnataka,faculty,phd,general,male,0,regular_employed,faculty,FIN002,Financial Inclusion / Entrepreneurship,individual,12,2,0,0.8571428571428571,6,1,1,0,1,not_eligible,0,0
P11,42,900000,Karnataka,faculty,phd,general,male,0,regular_employed,faculty,MED003,Health / Financial Assistance,individual,11,3,0,0.7857142857142857,5,1,1,0,1,not_eligible,0,0
P11,42,900000,Karnataka,faculty,phd,general,male,0,regular_employed,faculty,MED004,Healthcare / Financial Assistance,individual,11,3,0,0.7857142857142857,5,1,1,0,1,not_eligible,0,0
P11,42,900000,Karnataka,faculty,phd,general,male,0,regular_employed,faculty,MED005,Healthcare / Insurance,individual,12,2,0,0.8571428571428571,4,0,1,0,1,not_eligible,0,0
P11,42,900000,Karnataka,faculty,phd,general,male,0,regular_employed,faculty,WOM001,Women & Child Development / Nutrition,individual,11,3,0,0.7857142857142857,3,0,1,0,1,not_eligible,0,0
P11,42,900000,Karnataka,faculty,phd,general,male,0,regular_employed,faculty,HEA001,Healthcare / Pharmaceuticals,individual,12,2,0,0.8571428571428571,5,0,1,0,1,not_eligible,0,0
P11,42,900000,Karnataka,faculty,phd,general,male,0,regular_employed,faculty,EDU003,Education / Nutrition,individual,9,5,0,0.6428571428571429,2,0,1,0,1,not_eligible,0,0
P11,42,900000,Karnataka,faculty,phd,general,male,0,regular_employed,faculty,EDU004,Scholarship / Disability Welfare,individual,6,8,0,0.42857142857142855,6,0,1,0,1,not_eligible,0,0
P11,42,900000,Karnataka,faculty,phd,general,male,0,regular_employed,faculty,EDU005,Scholarship / Social Justice,individual,7,7,0,0.5,6,0,1,0,1,not_eligible,0,0
P11,42,900000,Karnataka,faculty,phd,general,male,0,regular_employed,faculty,EDU006,Scholarship / Women Education,individual,8,5,2,0.5333333333333333,5,1,1,1,1,not_eligible,0,0
P11,42,900000,Karnataka,faculty,phd,general,male,0,regular_employed,faculty,RES002,Higher Education / Research Fellowship,individual,7,6,1,0.5,6,1,1,1,1,not_eligible,0,0
P11,42,900000,Karnataka,faculty,phd,general,male,0,regular_employed,faculty,SKI001,Skill Development / Minority Affairs,individual,10,4,0,0.7142857142857143,4,0,1,0,1,not_eligible,0,0
P11,42,900000,Karnataka,faculty,phd,general,male,0,regular_employed,faculty,WOM002,Women & Child Development / Justice,individual,13,1,0,0.9285714285714286,2,0,1,0,1,not_eligible,0,0
P11,42,900000,Karnataka,faculty,phd,general,male,0,regular_employed,faculty,EDU007,Scholarship / Education,individual,7,7,0,0.5,6,0,1,0,1,not_eligible,0,0
P11,42,900000,Karnataka,faculty,phd,general,male,0,regular_employed,faculty,RES003,Science & Technology / Research Fellowship,individual,10,4,0,0.7142857142857143,5,1,1,0,1,not_eligible,0,0
P11,42,900000,Karnataka,faculty,phd,general,male,0,regular_employed,faculty,EDU008,Higher Education / Electronics & IT Research,individual,9,4,1,0.6428571428571429,4,1,1,1,1,not_eligible,0,0
P11,42,900000,Karnataka,faculty,phd,general,male,0,regular_employed,faculty,RES004,Science & Technology / Engineering Fellowship,individual,13,1,0,0.9285714285714286,4,1,1,0,1,not_eligible,0,0
P11,42,900000,Karnataka,faculty,phd,general,male,0,regular_employed,faculty,CUL002,Culture / Arts & Performing Arts,individual,10,4,0,0.7142857142857143,5,1,1,0,1,not_eligible,0,0
P11,42,900000,Karnataka,faculty,phd,general,male,0,regular_employed,faculty,CUL003,Culture / State Recognition,individual,10,4,0,0.7142857142857143,5,1,1,0,1,not_eligible,0,0
P11,42,900000,Karnataka,faculty,phd,general,male,0,regular_employed,faculty,CUL004,Culture / Infrastructure Support,individual,11,3,0,0.7857142857142857,5,1,1,0,1,not_eligible,0,0
P12,21,0,Delhi,student,undergraduate,,female,0,student,student,MED001,Health / Social Welfare,individual,10,4,0,0.7142857142857143,9,1,1,0,1,not_eligible,0,0
P12,21,0,Delhi,student,undergraduate,,female,0,student,student,CUL001,Culture / Pension,individual,10,3,1,0.7142857142857143,8,1,1,1,1,not_eligible,0,0
P12,21,0,Delhi,student,undergraduate,,female,0,student,student,SOC001,Social Security / Pension,individual,10,1,3,0.7142857142857143,6,0,1,1,1,not_eligible,0,0
P12,21,0,Delhi,student,undergraduate,,female,0,student,student,HOU001,Housing / LGBTQ+ Welfare,individual,11,3,0,0.7857142857142857,3,1,1,0,1,not_eligible,0,0
P12,21,0,Delhi,student,undergraduate,,female,0,student,student,EXT001,External Affairs / Overseas Welfare,individual,14,0,0,1.0,4,1,0,0,1,eligible,2,1
P12,21,0,Delhi,student,undergraduate,,female,0,student,student,RUR001,Rural Infrastructure / Energy,community,11,3,0,0.7857142857142857,3,1,1,0,0,not_eligible,0,0
P12,21,0,Delhi,student,undergraduate,,female,0,student,student,EDU001,Education / Disability,institution,11,1,2,0.7857142857142857,6,1,1,1,0,not_eligible,0,0
P12,21,0,Delhi,student,undergraduate,,female,0,student,student,EDU002,Scholarship / Education,individual,10,3,1,0.7142857142857143,7,0,1,1,1,not_eligible,0,0
P12,21,0,Delhi,student,undergraduate,,female,0,student,student,RES001,Research & Development,institution,9,4,1,0.6428571428571429,5,1,1,1,0,not_eligible,0,0
P12,21,0,Delhi,student,undergraduate,,female,0,student,student,FIN001,Financial Inclusion / Insurance,individual,13,1,0,0.9285714285714286,4,0,1,0,1,not_eligible,0,0
P12,21,0,Delhi,student,undergraduate,,female,0,student,student,AGR001,Fisheries / Social Security,individual,11,3,0,0.7857142857142857,8,1,1,0,1,not_eligible,0,0
P12,21,0,Delhi,student,undergraduate,,female,0,student,student,MED002,Health / Financial Assistance,individual,12,2,0,0.8571428571428571,5,1,1,0,1,not_eligible,0,0
P12,21,0,Delhi,student,undergraduate,,female,0,student,student,SOC002,Social Security / Healthcare,individual,10,4,0,0.7142857142857143,6,1,1,0,1,not_eligible,0,0
P12,21,0,Delhi,student,undergraduate,,female,0,student,student,EMP001,Entrepreneurship / Minority Welfare,individual,8,5,1,0.5714285714285714,6,0,1,1,1,not_eligible,0,0
P12,21,0,Delhi,student,undergraduate,,female,0,student,student,SKL001,Skill Development / Agriculture,organization,11,3,0,0.7857142857142857,4,0,1,0,0,not_eligible,0,0
P12,21,0,Delhi,student,undergraduate,,female,0,student,student,AGR002,Agriculture / Export Promotion,organization,12,2,0,0.8571428571428571,4,1,1,0,0,not_eligible,0,0
P12,21,0,Delhi,student,undergraduate,,female,0,student,student,AGR003,Agriculture / Farm Mechanization,individual,12,2,1,0.8,5,0,1,1,1,not_eligible,0,0
P12,21,0,Delhi,student,undergraduate,,female,0,student,student,RUR002,Rural Development / Land Ownership,individual,13,1,0,0.9285714285714286,3,1,1,0,1,not_eligible,0,0
P12,21,0,Delhi,student,undergraduate,,female,0,student,student,DIS001,Disability Welfare / Transport Aid,individual,8,3,3,0.5714285714285714,7,0,1,1,1,not_eligible,0,0
P12,21,0,Delhi,student,undergraduate,,female,0,student,student,SKL002,Skill Development / Entrepreneurship,individual,9,5,0,0.6428571428571429,5,1,1,0,1,not_eligible,0,0
P12,21,0,Delhi,student,undergraduate,,female,0,student,student,SOC003,Minority Welfare / Financial Assistance,individual,8,4,2,0.5714285714285714,6,0,1,1,1,not_eligible,0,0
P12,21,0,Delhi,student,undergraduate,,female,0,student,student,MIN001,Minority Welfare / Skill & Livelihood,individual,11,2,1,0.7857142857142857,4,0,1,1,1,not_eligible,0,0
P12,21,0,Delhi,student,undergraduate,,female,0,student,student,COM001,Commerce & Industry / Recognition,individual,12,2,0,0.8571428571428571,3,1,1,0,1,not_eligible,0,0
P12,21,0,Delhi,student,undergraduate,,female,0,student,student,SCI001,Science & Technology / Innovation,individual,12,2,0,0.8571428571428571,5,1,1,0,1,not_eligible,0,0
P12,21,0,Delhi,student,undergraduate,,female,0,student,student,FIN002,Financial Inclusion / Entrepreneurship,individual,11,2,1,0.7857142857142857,6,1,1,1,1,not_eligible,0,0
P12,21,0,Delhi,student,undergraduate,,female,0,student,student,MED003,Health / Financial Assistance,individual,11,2,1,0.7857142857142857,5,1,1,1,1,not_eligible,0,0
P12,21,0,Delhi,student,undergraduate,,female,0,student,student,MED004,Healthcare / Financial Assistance,individual,12,1,1,0.8571428571428571,5,1,1,1,1,not_eligible,0,0
P12,21,0,Delhi,student,undergraduate,,female,0,student,student,MED005,Healthcare / Insurance,individual,12,2,0,0.8571428571428571,4,0,1,0,1,not_eligible,0,0
P12,21,0,Delhi,student,undergraduate,,female,0,student,student,WOM001,Women & Child Development / Nutrition,individual,11,3,0,0.7857142857142857,3,0,1,0,1,not_eligible,0,0
P12,21,0,Delhi,student,undergraduate,,female,0,student,student,HEA001,Healthcare / Pharmaceuticals,individual,12,2,0,0.8571428571428571,5,0,1,0,1,not_eligible,0,0
P12,21,0,Delhi,student,undergraduate,,female,0,student,student,EDU003,Education / Nutrition,individual,11,2,1,0.7857142857142857,2,0,1,1,1,not_eligible,0,0
P12,21,0,Delhi,student,undergraduate,,female,0,student,student,EDU004,Scholarship / Disability Welfare,individual,10,0,4,0.7142857142857143,6,0,0,1,1,possibly_eligible,1,1
P12,21,0,Delhi,student,undergraduate,,female,0,student,student,EDU005,Scholarship / Social Justice,individual,10,1,3,0.7142857142857143,6,0,1,1,1,not_eligible,0,0
P12,21,0,Delhi,student,undergraduate,,female,0,student,student,EDU006,Scholarship / Women Education,individual,11,1,3,0.7333333333333333,5,1,1,1,1,not_eligible,0,0
P12,21,0,Delhi,student,undergraduate,,female,0,student,student,RES002,Higher Education / Research Fellowship,individual,7,3,4,0.5,6,1,1,1,1,not_eligible,0,0
P12,21,0,Delhi,student,undergraduate,,female,0,student,student,SKI001,Skill Development / Minority Affairs,individual,10,3,1,0.7142857142857143,4,0,1,1,1,not_eligible,0,0
P12,21,0,Delhi,student,undergraduate,,female,0,student,student,WOM002,Women & Child Development / Justice,individual,13,1,0,0.9285714285714286,2,0,1,0,1,not_eligible,0,0
P12,21,0,Delhi,student,undergraduate,,female,0,student,student,EDU007,Scholarship / Education,individual,10,2,2,0.7142857142857143,6,0,1,1,1,not_eligible,0,0
P12,21,0,Delhi,student,undergraduate,,female,0,student,student,RES003,Science & Technology / Research Fellowship,individual,8,5,1,0.5714285714285714,5,1,1,1,1,not_eligible,0,0
P12,21,0,Delhi,student,undergraduate,,female,0,student,student,EDU008,Higher Education / Electronics & IT Research,individual,10,2,2,0.7142857142857143,4,1,1,1,1,not_eligible,0,0
P12,21,0,Delhi,student,undergraduate,,female,0,student,student,RES004,Science & Technology / Engineering Fellowship,individual,9,4,1,0.6428571428571429,4,1,1,1,1,not_eligible,0,0
P12,21,0,Delhi,student,undergraduate,,female,0,student,student,CUL002,Culture / Arts & Performing Arts,individual,11,3,0,0.7857142857142857,5,1,1,0,1,not_eligible,0,0
P12,21,0,Delhi,student,undergraduate,,female,0,student,student,CUL003,Culture / State Recognition,individual,10,4,0,0.7142857142857143,5,1,1,0,1,not_eligible,0,0
P12,21,0,Delhi,student,undergraduate,,female,0,student,student,CUL004,Culture / Infrastructure Support,individual,11,2,1,0.7857142857142857,5,1,1,1,1,not_eligible,0,0
P13,68,90000,Rajasthan,retired,,general,female,0,retired,senior_citizen,MED001,Health / Social Welfare,individual,10,4,0,0.7142857142857143,9,1,1,0,1,not_eligible,0,0
P13,68,90000,Rajasthan,retired,,general,female,0,retired,senior_citizen,CUL001,Culture / Pension,individual,11,3,0,0.7857142857142857,8,1,1,0,1,not_eligible,0,0
P13,68,90000,Rajasthan,retired,,general,female,0,retired,senior_citizen,SOC001,Social Security / Pension,individual,10,4,0,0.7142857142857143,6,0,1,0,1,not_eligible,0,0
P13,68,90000,Rajasthan,retired,,general,female,0,retired,senior_citizen,HOU001,Housing / LGBTQ+ Welfare,individual,10,4,0,0.7142857142857143,3,1,1,0,1,not_eligible,0,0
P13,68,90000,Rajasthan,retired,,general,female,0,retired,senior_citizen,EXT001,External Affairs / Overseas Welfare,individual,12,2,0,0.8571428571428571,4,1,1,0,1,not_eligible,0,0
P13,68,90000,Rajasthan,retired,,general,female,0,retired,senior_citizen,RUR001,Rural Infrastructure / Energy,community,11,3,0,0.7857142857142857,3,1,1,0,0,not_eligible,0,0
P13,68,90000,Rajasthan,retired,,general,female,0,retired,senior_citizen,EDU001,Education / Disability,institution,9,3,2,0.6428571428571429,6,1,1,1,0,not_eligible,0,0
P13,68,90000,Rajasthan,retired,,general,female,0,retired,senior_citizen,EDU002,Scholarship / Education,individual,8,5,1,0.5714285714285714,7,0,1,1,1,not_eligible,0,0
P13,68,90000,Rajasthan,retired,,general,female,0,retired,senior_citizen,RES001,Research & Development,institution,8,4,2,0.5714285714285714,5,1,1,1,0,not_eligible,0,0
P13,68,90000,Rajasthan,retired,,general,female,0,retired,senior_citizen,FIN001,Financial Inclusion / Insurance,individual,14,0,0,1.0,4,0,0,0,1,eligible,2,1
P13,68,90000,Rajasthan,retired,,general,female,0,retired,senior_citizen,AGR001,Fisheries / Social Security,individual,10,4,0,0.7142857142857143,8,1,1,0,1,not_eligible,0,0
P13,68,90000,Rajasthan,retired,,general,female,0,retired,senior_citizen,MED002,Health / Financial Assistance,individual,12,2,0,0.8571428571428571,5,1,1,0,1,not_eligible,0,0
P13,68,90000,Rajasthan,retired,,general,female,0,retired,senior_citizen,SOC002,Social Security / Healthcare,individual,9,5,0,0.6428571428571429,6,1,1,0,1,not_eligible,0,0
P13,68,90000,Rajasthan,retired,,general,female,0,retired,senior_citizen,EMP001,Entrepreneurship / Minority Welfare,individual,7,6,1,0.5,6,0,1,1,1,not_eligible,0,0
P13,68,90000,Rajasthan,retired,,general,female,0,retired,senior_citizen,SKL001,Skill Development / Agriculture,organization,11,3,0,0.7857142857142857,4,0,1,0,0,not_eligible,0,0
P13,68,90000,Rajasthan,retired,,general,female,0,retired,senior_citizen,AGR002,Agriculture / Export Promotion,organization,12,2,0,0.8571428571428571,4,1,1,0,0,not_eligible,0,0
P13,68,90000,Rajasthan,retired,,general,female,0,retired,senior_citizen,AGR003,Agriculture / Farm Mechanization,individual,12,2,1,0.8,5,0,1,1,1,not_eligible,0,0
P13,68,90000,Rajasthan,retired,,general,female,0,retired,senior_citizen,RUR002,Rural Development / Land Ownership,individual,13,1,0,0.9285714285714286,3,1,1,0,1,not_eligible,0,0
P13,68,90000,Rajasthan,retired,,general,female,0,retired,senior_citizen,DIS001,Disability Welfare / Transport Aid,individual,8,5,1,0.5714285714285714,7,0,1,1,1,not_eligible,0,0
P13,68,90000,Rajasthan,retired,,general,female,0,retired,senior_citizen,SKL002,Skill Development / Entrepreneurship,individual,8,5,1,0.5714285714285714,5,1,1,1,1,not_eligible,0,0
P13,68,90000,Rajasthan,retired,,general,female,0,retired,senior_citizen,SOC003,Minority Welfare / Financial Assistance,individual,8,6,0,0.5714285714285714,6,0,1,0,1,not_eligible,0,0
P13,68,90000,Rajasthan,retired,,general,female,0,retired,senior_citizen,MIN001,Minority Welfare / Skill & Livelihood,individual,10,4,0,0.7142857142857143,4,0,1,0,1,not_eligible,0,0
P13,68,90000,Rajasthan,retired,,general,female,0,retired,senior_citizen,COM001,Commerce & Industry / Recognition,individual,12,2,0,0.8571428571428571,3,1,1,0,1,not_eligible,0,0
P13,68,90000,Rajasthan,retired,,general,female,0,retired,senior_citizen,SCI001,Science & Technology / Innovation,individual,12,2,0,0.8571428571428571,5,1,1,0,1,not_eligible,0,0
P13,68,90000,Rajasthan,retired,,general,female,0,retired,senior_citizen,FIN002,Financial Inclusion / Entrepreneurship,individual,12,2,0,0.8571428571428571,6,1,1,0,1,not_eligible,0,0
P13,68,90000,Rajasthan,retired,,general,female,0,retired,senior_citizen,MED003,Health / Financial Assistance,individual,14,0,0,1.0,5,1,0,0,1,eligible,2,1
P13,68,90000,Rajasthan,retired,,general,female,0,retired,senior_citizen,MED004,Healthcare / Financial Assistance,individual,13,1,0,0.9285714285714286,5,1,1,0,1,not_eligible,0,0
P13,68,90000,Rajasthan,retired,,general,female,0,retired,senior_citizen,MED005,Healthcare / Insurance,individual,13,1,0,0.9285714285714286,4,0,1,0,1,not_eligible,0,0
P13,68,90000,Rajasthan,retired,,general,female,0,retired,senior_citizen,WOM001,Women & Child Development / Nutrition,individual,11,2,1,0.7857142857142857,3,0,1,1,1,not_eligible,0,0
P13,68,90000,Rajasthan,retired,,general,female,0,retired,senior_citizen,HEA001,Healthcare / Pharmaceuticals,individual,13,1,0,0.9285714285714286,5,0,1,0,1,not_eligible,0,0
P13,68,90000,Rajasthan,retired,,general,female,0,retired,senior_citizen,EDU003,Education / Nutrition,individual,9,3,2,0.6428571428571429,2,0,1,1,1,not_eligible,0,0
P13,68,90000,Rajasthan,retired,,general,female,0,retired,senior_citizen,EDU004,Scholarship / Disability Welfare,individual,7,5,2,0.5,6,0,1,1,1,not_eligible,0,0
P13,68,90000,Rajasthan,retired,,general,female,0,retired,senior_citizen,EDU005,Scholarship / Social Justice,individual,8,4,2,0.5714285714285714,6,0,1,1,1,not_eligible,0,0
P13,68,90000,Rajasthan,retired,,general,female,0,retired,senior_citizen,EDU006,Scholarship / Women Education,individual,7,4,4,0.4666666666666667,5,1,1,1,1,not_eligible,0,0
P13,68,90000,Rajasthan,retired,,general,female,0,retired,senior_citizen,RES002,Higher Education / Research Fellowship,individual,7,4,3,0.5,6,1,1,1,1,not_eligible,0,0
P13,68,90000,Rajasthan,retired,,general,female,0,retired,senior_citizen,SKI001,Skill Development / Minority Affairs,individual,9,4,1,0.6428571428571429,4,0,1,1,1,not_eligible,0,0
P13,68,90000,Rajasthan,retired,,general,female,0,retired,senior_citizen,WOM002,Women & Child Development / Justice,individual,14,0,0,1.0,2,0,0,0,1,eligible,2,1
P13,68,90000,Rajasthan,retired,,general,female,0,retired,senior_citizen,EDU007,Scholarship / Education,individual,8,4,2,0.5714285714285714,6,0,1,1,1,not_eligible,0,0
P13,68,90000,Rajasthan,retired,,general,female,0,retired,senior_citizen,RES003,Science & Technology / Research Fellowship,individual,9,3,2,0.6428571428571429,5,1,1,1,1,not_eligible,0,0
P13,68,90000,Rajasthan,retired,,general,female,0,retired,senior_citizen,EDU008,Higher Education / Electronics & IT Research,individual,9,2,3,0.6428571428571429,4,1,1,1,1,not_eligible,0,0
P13,68,90000,Rajasthan,retired,,general,female,0,retired,senior_citizen,RES004,Science & Technology / Engineering Fellowship,individual,9,3,2,0.6428571428571429,4,1,1,1,1,not_eligible,0,0
P13,68,90000,Rajasthan,retired,,general,female,0,retired,senior_citizen,CUL002,Culture / Arts & Performing Arts,individual,10,4,0,0.7142857142857143,5,1,1,0,1,not_eligible,0,0
P13,68,90000,Rajasthan,retired,,general,female,0,retired,senior_citizen,CUL003,Culture / State Recognition,individual,10,4,0,0.7142857142857143,5,1,1,0,1,not_eligible,0,0
P13,68,90000,Rajasthan,retired,,general,female,0,retired,senior_citizen,CUL004,Culture / Infrastructure Support,individual,11,2,1,0.7857142857142857,5,1,1,1,1,not_eligible,0,0
P14,29,250000,Gujarat,entrepreneur,graduate,general,female,0,self_employed,entrepreneur,MED001,Health / Social Welfare,individual,11,3,0,0.7857142857142857,9,1,1,0,1,not_eligible,0,0
P14,29,250000,Gujarat,entrepreneur,graduate,general,female,0,self_employed,entrepreneur,CUL001,Culture / Pension,individual,10,4,0,0.7142857142857143,8,1,1,0,1,not_eligible,0,0
P14,29,250000,Gujarat,entrepreneur,graduate,general,female,0,self_employed,entrepreneur,SOC001,Social Security / Pension,individual,10,4,0,0.7142857142857143,6,0,1,0,1,not_eligible,0,0
P14,29,250000,Gujarat,entrepreneur,graduate,general,female,0,self_employed,entrepreneur,HOU001,Housing / LGBTQ+ Welfare,individual,11,3,0,0.7857142857142857,3,1,1,0,1,not_eligible,0,0
P14,29,250000,Gujarat,entrepreneur,graduate,general,female,0,self_employed,entrepreneur,EXT001,External Affairs / Overseas Welfare,individual,12,2,0,0.8571428571428571,4,1,1,0,1,not_eligible,0,0
P14,29,250000,Gujarat,entrepreneur,graduate,general,female,0,self_employed,entrepreneur,RUR001,Rural Infrastructure / Energy,community,12,2,0,0.8571428571428571,3,1,1,0,0,not_eligible,0,0
P14,29,250000,Gujarat,entrepreneur,graduate,general,female,0,self_employed,entrepreneur,EDU001,Education / Disability,institution,9,4,1,0.6428571428571429,6,1,1,1,0,not_eligible,0,0
P14,29,250000,Gujarat,entrepreneur,graduate,general,female,0,self_employed,entrepreneur,EDU002,Scholarship / Education,individual,9,5,0,0.6428571428571429,7,0,1,0,1,not_eligible,0,0
P14,29,250000,Gujarat,entrepreneur,graduate,general,female,0,self_employed,entrepreneur,RES001,Research & Development,institution,9,4,1,0.6428571428571429,5,1,1,1,0,not_eligible,0,0
P14,29,250000,Gujarat,entrepreneur,graduate,general,female,0,self_employed,entrepreneur,FIN001,Financial Inclusion / Insurance,individual,13,1,0,0.9285714285714286,4,0,1,0,1,not_eligible,0,0
P14,29,250000,Gujarat,entrepreneur,graduate,general,female,0,self_employed,entrepreneur,AGR001,Fisheries / Social Security,individual,11,3,0,0.7857142857142857,8,1,1,0,1,not_eligible,0,0
P14,29,250000,Gujarat,entrepreneur,graduate,general,female,0,self_employed,entrepreneur,MED002,Health / Financial Assistance,individual,12,2,0,0.8571428571428571,5,1,1,0,1,not_eligible,0,0
P14,29,250000,Gujarat,entrepreneur,graduate,general,female,0,self_employed,entrepreneur,SOC002,Social Security / Healthcare,individual,10,4,0,0.7142857142857143,6,1,1,0,1,not_eligible,0,0
P14,29,250000,Gujarat,entrepreneur,graduate,general,female,0,self_employed,entrepreneur,EMP001,Entrepreneurship / Minority Welfare,individual,10,4,0,0.7142857142857143,6,0,1,0,1,not_eligible,0,0
P14,29,250000,Gujarat,entrepreneur,graduate,general,female,0,self_employed,entrepreneur,SKL001,Skill Development / Agriculture,organization,12,2,0,0.8571428571428571,4,0,1,0,0,not_eligible,0,0
P14,29,250000,Gujarat,entrepreneur,graduate,general,female,0,self_employed,entrepreneur,AGR002,Agriculture / Export Promotion,organization,12,2,0,0.8571428571428571,4,1,1,0,0,not_eligible,0,0
P14,29,250000,Gujarat,entrepreneur,graduate,general,female,0,self_employed,entrepreneur,AGR003,Agriculture / Farm Mechanization,individual,12,2,1,0.8,5,0,1,1,1,not_eligible,0,0
P14,29,250000,Gujarat,entrepreneur,graduate,general,female,0,self_employed,entrepreneur,RUR002,Rural Development / Land Ownership,individual,13,1,0,0.9285714285714286,3,1,1,0,1,not_eligible,0,0
P14,29,250000,Gujarat,entrepreneur,graduate,general,female,0,self_employed,entrepreneur,DIS001,Disability Welfare / Transport Aid,individual,8,6,0,0.5714285714285714,7,0,1,0,1,not_eligible,0,0
P14,29,250000,Gujarat,entrepreneur,graduate,general,female,0,self_employed,entrepreneur,SKL002,Skill Development / Entrepreneurship,individual,11,3,0,0.7857142857142857,5,1,1,0,1,not_eligible,0,0
P14,29,250000,Gujarat,entrepreneur,graduate,general,female,0,self_employed,entrepreneur,SOC003,Minority Welfare / Financial Assistance,individual,10,4,0,0.7142857142857143,6,0,1,0,1,not_eligible,0,0
P14,29,250000,Gujarat,entrepreneur,graduate,general,female,0,self_employed,entrepreneur,MIN001,Minority Welfare / Skill & Livelihood,individual,11,3,0,0.7857142857142857,4,0,1,0,1,not_eligible,0,0
P14,29,250000,Gujarat,entrepreneur,graduate,general,female,0,self_employed,entrepreneur,COM001,Commerce & Industry / Recognition,individual,12,2,0,0.8571428571428571,3,1,1,0,1,not_eligible,0,0
P14,29,250000,Gujarat,entrepreneur,graduate,general,female,0,self_employed,entrepreneur,SCI001,Science & Technology / Innovation,individual,14,0,0,1.0,5,1,0,0,1,eligible,2,1
P14,29,250000,Gujarat,entrepreneur,graduate,general,female,0,self_employed,entrepreneur,FIN002,Financial Inclusion / Entrepreneurship,individual,14,0,0,1.0,6,1,0,0,1,eligible,2,1
P14,29,250000,Gujarat,entrepreneur,graduate,general,female,0,self_employed,entrepreneur,MED003,Health / Financial Assistance,individual,11,3,0,0.7857142857142857,5,1,1,0,1,not_eligible,0,0
P14,29,250000,Gujarat,entrepreneur,graduate,general,female,0,self_employed,entrepreneur,MED004,Healthcare / Financial Assistance,individual,12,2,0,0.8571428571428571,5,1,1,0,1,not_eligible,0,0
P14,29,250000,Gujarat,entrepreneur,graduate,general,female,0,self_employed,entrepreneur,MED005,Healthcare / Insurance,individual,12,2,0,0.8571428571428571,4,0,1,0,1,not_eligible,0,0
P14,29,250000,Gujarat,entrepreneur,graduate,general,female,0,self_employed,entrepreneur,WOM001,Women & Child Development / Nutrition,individual,11,3,0,0.7857142857142857,3,0,1,0,1,not_eligible,0,0
P14,29,250000,Gujarat,entrepreneur,graduate,general,female,0,self_employed,entrepreneur,HEA001,Healthcare / Pharmaceuticals,individual,14,0,0,1.0,5,0,0,0,1,eligible,2,1
P14,29,250000,Gujarat,entrepreneur,graduate,general,female,0,self_employed,entrepreneur,EDU003,Education / Nutrition,individual,9,4,1,0.6428571428571429,2,0,1,1,1,not_eligible,0,0
P14,29,250000,Gujarat,entrepreneur,graduate,general,female,0,self_employed,entrepreneur,EDU004,Scholarship / Disability Welfare,individual,8,5,1,0.5714285714285714,6,0,1,1,1,not_eligible,0,0
P14,29,250000,Gujarat,entrepreneur,graduate,general,female,0,self_employed,entrepreneur,EDU005,Scholarship / Social Justice,individual,8,5,1,0.5714285714285714,6,0,1,1,1,not_eligible,0,0
P14,29,250000,Gujarat,entrepreneur,graduate,general,female,0,self_employed,entrepreneur,EDU006,Scholarship / Women Education,individual,9,3,3,0.6,5,1,1,1,1,not_eligible,0,0
P14,29,250000,Gujarat,entrepreneur,graduate,general,female,0,self_employed,entrepreneur,RES002,Higher Education / Research Fellowship,individual,9,3,2,0.6428571428571429,6,1,1,1,1,not_eligible,0,0
P14,29,250000,Gujarat,entrepreneur,graduate,general,female,0,self_employed,entrepreneur,SKI001,Skill Development / Minority Affairs,individual,10,4,0,0.7142857142857143,4,0,1,0,1,not_eligible,0,0
P14,29,250000,Gujarat,entrepreneur,graduate,general,female,0,self_employed,entrepreneur,WOM002,Women & Child Development / Justice,individual,13,1,0,0.9285714285714286,2,0,1,0,1,not_eligible,0,0
P14,29,250000,Gujarat,entrepreneur,graduate,general,female,0,self_employed,entrepreneur,EDU007,Scholarship / Education,individual,8,5,1,0.5714285714285714,6,0,1,1,1,not_eligible,0,0
P14,29,250000,Gujarat,entrepreneur,graduate,general,female,0,self_employed,entrepreneur,RES003,Science & Technology / Research Fellowship,individual,8,5,1,0.5714285714285714,5,1,1,1,1,not_eligible,0,0
P14,29,250000,Gujarat,entrepreneur,graduate,general,female,0,self_employed,entrepreneur,EDU008,Higher Education / Electronics & IT Research,individual,10,2,2,0.7142857142857143,4,1,1,1,1,not_eligible,0,0
P14,29,250000,Gujarat,entrepreneur,graduate,general,female,0,self_employed,entrepreneur,RES004,Science & Technology / Engineering Fellowship,individual,9,4,1,0.6428571428571429,4,1,1,1,1,not_eligible,0,0
P14,29,250000,Gujarat,entrepreneur,graduate,general,female,0,self_employed,entrepreneur,CUL002,Culture / Arts & Performing Arts,individual,10,4,0,0.7142857142857143,5,1,1,0,1,not_eligible,0,0
P14,29,250000,Gujarat,entrepreneur,graduate,general,female,0,self_employed,entrepreneur,CUL003,Culture / State Recognition,individual,11,3,0,0.7857142857142857,5,1,1,0,1,not_eligible,0,0
P14,29,250000,Gujarat,entrepreneur,graduate,general,female,0,self_employed,entrepreneur,CUL004,Culture / Infrastructure Support,individual,11,2,1,0.7857142857142857,5,1,1,1,1,not_eligible,0,0
P15,0,0,Delhi,ngo,,,,0,,ngo,MED001,Health / Social Welfare,individual,9,3,2,0.6428571428571429,9,1,1,1,1,not_eligible,0,0
P15,0,0,Delhi,ngo,,,,0,,ngo,CUL001,Culture / Pension,individual,10,2,2,0.7142857142857143,8,1,1,1,1,not_eligible,0,0
P15,0,0,Delhi,ngo,,,,0,,ngo,SOC001,Social Security / Pension,individual,9,1,4,0.6428571428571429,6,0,1,1,1,not_eligible,0,0
P15,0,0,Delhi,ngo,,,,0,,ngo,HOU001,Housing / LGBTQ+ Welfare,individual,10,1,3,0.7142857142857143,3,1,1,1,1,not_eligible,0,0
P15,0,0,Delhi,ngo,,,,0,,ngo,EXT001,External Affairs / Overseas Welfare,individual,11,2,1,0.7857142857142857,4,1,1,1,1,not_eligible,0,0
P15,0,0,Delhi,ngo,,,,0,,ngo,RUR001,Rural Infrastructure / Energy,community,10,3,1,0.7142857142857143,3,1,1,1,0,not_eligible,0,0
P15,0,0,Delhi,ngo,,,,0,,ngo,EDU001,Education / Disability,institution,8,3,3,0.5714285714285714,6,1,1,1,0,not_eligible,0,0
P15,0,0,Delhi,ngo,,,,0,,ngo,EDU002,Scholarship / Education,individual,7,3,4,0.5,7,0,1,1,1,not_eligible,0,0
P15,0,0,Delhi,ngo,,,,0,,ngo,RES001,Research & Development,institution,8,3,3,0.5714285714285714,5,1,1,1,0,not_eligible,0,0
P15,0,0,Delhi,ngo,,,,0,,ngo,FIN001,Financial Inclusion / Insurance,individual,12,1,1,0.8571428571428571,4,0,1,1,1,not_eligible,0,0
P15,0,0,Delhi,ngo,,,,0,,ngo,AGR001,Fisheries / Social Security,individual,10,2,2,0.7142857142857143,8,1,1,1,1,not_eligible,0,0
P15,0,0,Delhi,ngo,,,,0,,ngo,MED002,Health / Financial Assistance,individual,11,2,1,0.7857142857142857,5,1,1,1,1,not_eligible,0,0
P15,0,0,Delhi,ngo,,,,0,,ngo,SOC002,Social Security / Healthcare,individual,9,3,2,0.6428571428571429,6,1,1,1,1,not_eligible,0,0
P15,0,0,Delhi,ngo,,,,0,,ngo,EMP001,Entrepreneurship / Minority Welfare,individual,7,3,4,0.5,6,0,1,1,1,not_eligible,0,0
P15,0,0,Delhi,ngo,,,,0,,ngo,SKL001,Skill Development / Agriculture,organization,9,3,2,0.6428571428571429,4,0,1,1,0,not_eligible,0,0
P15,0,0,Delhi,ngo,,,,0,,ngo,AGR002,Agriculture / Export Promotion,organization,11,2,1,0.7857142857142857,4,1,1,1,0,not_eligible,0,0
P15,0,0,Delhi,ngo,,,,0,,ngo,AGR003,Agriculture / Farm Mechanization,individual,11,2,2,0.7333333333333333,5,0,1,1,1,not_eligible,0,0
P15,0,0,Delhi,ngo,,,,0,,ngo,RUR002,Rural Development / Land Ownership,individual,12,1,1,0.8571428571428571,3,1,1,1,1,not_eligible,0,0
P15,0,0,Delhi,ngo,,,,0,,ngo,DIS001,Disability Welfare / Transport Aid,individual,7,2,5,0.5,7,0,1,1,1,not_eligible,0,0
P15,0,0,Delhi,ngo,,,,0,,ngo,SKL002,Skill Development / Entrepreneurship,individual,8,3,3,0.5714285714285714,5,1,1,1,1,not_eligible,0,0
P15,0,0,Delhi,ngo,,,,0,,ngo,SOC003,Minority Welfare / Financial Assistance,individual,7,3,4,0.5,6,0,1,1,1,not_eligible,0,0
P15,0,0,Delhi,ngo,,,,0,,ngo,MIN001,Minority Welfare / Skill & Livelihood,individual,10,2,2,0.7142857142857143,4,0,1,1,1,not_eligible,0,0
P15,0,0,Delhi,ngo,,,,0,,ngo,COM001,Commerce & Industry / Recognition,individual,11,2,1,0.7857142857142857,3,1,1,1,1,not_eligible,0,0
P15,0,0,Delhi,ngo,,,,0,,ngo,SCI001,Science & Technology / Innovation,individual,11,2,1,0.7857142857142857,5,1,1,1,1,not_eligible,0,0
P15,0,0,Delhi,ngo,,,,0,,ngo,FIN002,Financial Inclusion / Entrepreneurship,individual,10,2,2,0.7142857142857143,6,1,1,1,1,not_eligible,0,0
P15,0,0,Delhi,ngo,,,,0,,ngo,MED003,Health / Financial Assistance,individual,10,2,2,0.7142857142857143,5,1,1,1,1,not_eligible,0,0
P15,0,0,Delhi,ngo,,,,0,,ngo,MED004,Healthcare / Financial Assistance,individual,11,1,2,0.7857142857142857,5,1,1,1,1,not_eligible,0,0
P15,0,0,Delhi,ngo,,,,0,,ngo,MED005,Healthcare / Insurance,individual,11,2,1,0.7857142857142857,4,0,1,1,1,not_eligible,0,0
P15,0,0,Delhi,ngo,,,,0,,ngo,WOM001,Women & Child Development / Nutrition,individual,10,1,3,0.7142857142857143,3,0,1,1,1,not_eligible,0,0
P15,0,0,Delhi,ngo,,,,0,,ngo,HEA001,Healthcare / Pharmaceuticals,individual,11,2,1,0.7857142857142857,5,0,1,1,1,not_eligible,0,0
P15,0,0,Delhi,ngo,,,,0,,ngo,EDU003,Education / Nutrition,individual,9,3,2,0.6428571428571429,2,0,1,1,1,not_eligible,0,0
P15,0,0,Delhi,ngo,,,,0,,ngo,EDU004,Scholarship / Disability Welfare,individual,5,3,6,0.35714285714285715,6,0,1,1,1,not_eligible,0,0
P15,0,0,Delhi,ngo,,,,0,,ngo,EDU005,Scholarship / Social Justice,individual,6,3,5,0.42857142857142855,6,0,1,1,1,not_eligible,0,0
P15,0,0,Delhi,ngo,,,,0,,ngo,EDU006,Scholarship / Women Education,individual,6,3,6,0.4,5,1,1,1,1,not_eligible,0,0
P15,0,0,Delhi,ngo,,,,0,,ngo,RES002,Higher Education / Research Fellowship,individual,5,3,6,0.35714285714285715,6,1,1,1,1,not_eligible,0,0
P15,0,0,Delhi,ngo,,,,0,,ngo,SKI001,Skill Development / Minority Affairs,individual,9,2,3,0.6428571428571429,4,0,1,1,1,not_eligible,0,0
P15,0,0,Delhi,ngo,,,,0,,ngo,WOM002,Women & Child Development / Justice,individual,11,1,2,0.7857142857142857,2,0,1,1,1,not_eligible,0,0
P15,0,0,Delhi,ngo,,,,0,,ngo,EDU007,Scholarship / Education,individual,7,3,4,0.5,6,0,1,1,1,not_eligible,0,0
P15,0,0,Delhi,ngo,,,,0,,ngo,RES003,Science & Technology / Research Fellowship,individual,7,3,4,0.5,5,1,1,1,1,not_eligible,0,0
P15,0,0,Delhi,ngo,,,,0,,ngo,EDU008,Higher Education / Electronics & IT Research,individual,8,3,3,0.5714285714285714,4,1,1,1,1,not_eligible,0,0
P15,0,0,Delhi,ngo,,,,0,,ngo,RES004,Science & Technology / Engineering Fellowship,individual,8,3,3,0.5714285714285714,4,1,1,1,1,not_eligible,0,0
P15,0,0,Delhi,ngo,,,,0,,ngo,CUL002,Culture / Arts & Performing Arts,individual,10,3,1,0.7142857142857143,5,1,1,1,1,not_eligible,0,0
P15,0,0,Delhi,ngo,,,,0,,ngo,CUL003,Culture / State Recognition,individual,10,3,1,0.7142857142857143,5,1,1,1,1,not_eligible,0,0
P15,0,0,Delhi,ngo,,,,0,,ngo,CUL004,Culture / Infrastructure Support,individual,11,2,1,0.7857142857142857,5,1,1,1,1,not_eligible,0,0
P16,22,120000,Maharashtra,student,postgraduate,vjnt,female,0,student,student,MED001,Health / Social Welfare,individual,10,4,0,0.7142857142857143,9,1,1,0,1,not_eligible,0,0
P16,22,120000,Maharashtra,student,postgraduate,vjnt,female,0,student,student,CUL001,Culture / Pension,individual,10,4,0,0.7142857142857143,8,1,1,0,1,not_eligible,0,0
P16,22,120000,Maharashtra,student,postgraduate,vjnt,female,0,student,student,SOC001,Social Security / Pension,individual,10,4,0,0.7142857142857143,6,0,1,0,1,not_eligible,0,0
P16,22,120000,Maharashtra,student,postgraduate,vjnt,female,0,student,student,HOU001,Housing / LGBTQ+ Welfare,individual,11,3,0,0.7857142857142857,3,1,1,0,1,not_eligible,0,0
P16,22,120000,Maharashtra,student,postgraduate,vjnt,female,0,student,student,EXT001,External Affairs / Overseas Welfare,individual,14,0,0,1.0,4,1,0,0,1,eligible,2,1
P16,22,120000,Maharashtra,student,postgraduate,vjnt,female,0,student,student,RUR001,Rural Infrastructure / Energy,community,11,3,0,0.7857142857142857,3,1,1,0,0,not_eligible,0,0
P16,22,120000,Maharashtra,student,postgraduate,vjnt,female,0,student,student,EDU001,Education / Disability,institution,11,3,0,0.7857142857142857,6,1,1,0,0,not_eligible,0,0
P16,22,120000,Maharashtra,student,postgraduate,vjnt,female,0,student,student,EDU002,Scholarship / Education,individual,13,1,0,0.9285714285714286,7,0,1,0,1,not_eligible,0,0
P16,22,120000,Maharashtra,student,postgraduate,vjnt,female,0,student,student,RES001,Research & Development,institution,9,5,0,0.6428571428571429,5,1,1,0,0,not_eligible,0,0
P16,22,120000,Maharashtra,student,postgraduate,vjnt,female,0,student,student,FIN001,Financial Inclusion / Insurance,individual,13,1,0,0.9285714285714286,4,0,1,0,1,not_eligible,0,0
P16,22,120000,Maharashtra,student,postgraduate,vjnt,female,0,student,student,AGR001,Fisheries / Social Security,individual,11,3,0,0.7857142857142857,8,1,1,0,1,not_eligible,0,0
P16,22,120000,Maharashtra,student,postgraduate,vjnt,female,0,student,student,MED002,Health / Financial Assistance,individual,12,2,0,0.8571428571428571,5,1,1,0,1,not_eligible,0,0
P16,22,120000,Maharashtra,student,postgraduate,vjnt,female,0,student,student,SOC002,Social Security / Healthcare,individual,10,4,0,0.7142857142857143,6,1,1,0,1,not_eligible,0,0
P16,22,120000,Maharashtra,student,postgraduate,vjnt,female,0,student,student,EMP001,Entrepreneurship / Minority Welfare,individual,8,6,0,0.5714285714285714,6,0,1,0,1,not_eligible,0,0
P16,22,120000,Maharashtra,student,postgraduate,vjnt,female,0,student,student,SKL001,Skill Development / Agriculture,organization,11,3,0,0.7857142857142857,4,0,1,0,0,not_eligible,0,0
P16,22,120000,Maharashtra,student,postgraduate,vjnt,female,0,student,student,AGR002,Agriculture / Export Promotion,organization,12,2,0,0.8571428571428571,4,1,1,0,0,not_eligible,0,0
P16,22,120000,Maharashtra,student,postgraduate,vjnt,female,0,student,student,AGR003,Agriculture / Farm Mechanization,individual,12,2,1,0.8,5,0,1,1,1,not_eligible,0,0
P16,22,120000,Maharashtra,student,postgraduate,vjnt,female,0,student,student,RUR002,Rural Development / Land Ownership,individual,13,1,0,0.9285714285714286,3,1,1,0,1,not_eligible,0,0
P16,22,120000,Maharashtra,student,postgraduate,vjnt,female,0,student,student,DIS001,Disability Welfare / Transport Aid,individual,8,6,0,0.5714285714285714,7,0,1,0,1,not_eligible,0,0
P16,22,120000,Maharashtra,student,postgraduate,vjnt,female,0,student,student,SKL002,Skill Development / Entrepreneurship,individual,9,5,0,0.6428571428571429,5,1,1,0,1,not_eligible,0,0
P16,22,120000,Maharashtra,student,postgraduate,vjnt,female,0,student,student,SOC003,Minority Welfare / Financial Assistance,individual,9,5,0,0.6428571428571429,6,0,1,0,1,not_eligible,0,0
P16,22,120000,Maharashtra,student,postgraduate,vjnt,female,0,student,student,MIN001,Minority Welfare / Skill & Livelihood,individual,11,3,0,0.7857142857142857,4,0,1,0,1,not_eligible,0,0
P16,22,120000,Maharashtra,student,postgraduate,vjnt,female,0,student,student,COM001,Commerce & Industry / Recognition,individual,12,2,0,0.8571428571428571,3,1,1,0,1,not_eligible,0,0
P16,22,120000,Maharashtra,student,postgraduate,vjnt,female,0,student,student,SCI001,Science & Technology / Innovation,individual,12,2,0,0.8571428571428571,5,1,1,0,1,not_eligible,0,0
P16,22,120000,Maharashtra,student,postgraduate,vjnt,female,0,student,student,FIN002,Financial Inclusion / Entrepreneurship,individual,11,3,0,0.7857142857142857,6,1,1,0,1,not_eligible,0,0
P16,22,120000,Maharashtra,student,postgraduate,vjnt,female,0,student,student,MED003,Health / Financial Assistance,individual,12,2,0,0.8571428571428571,5,1,1,0,1,not_eligible,0,0
P16,22,120000,Maharashtra,student,postgraduate,vjnt,female,0,student,student,MED004,Healthcare / Financial Assistance,individual,12,2,0,0.8571428571428571,5,1,1,0,1,not_eligible,0,0
P16,22,120000,Maharashtra,student,postgraduate,vjnt,female,0,student,student,MED005,Healthcare / Insurance,individual,12,2,0,0.8571428571428571,4,0,1,0,1,not_eligible,0,0
P16,22,120000,Maharashtra,student,postgraduate,vjnt,female,0,student,student,WOM001,Women & Child Development / Nutrition,individual,11,3,0,0.7857142857142857,3,0,1,0,1,not_eligible,0,0
P16,22,120000,Maharashtra,student,postgraduate,vjnt,female,0,student,student,HEA001,Healthcare / Pharmaceuticals,individual,12,2,0,0.8571428571428571,5,0,1,0,1,not_eligible,0,0
P16,22,120000,Maharashtra,student,postgraduate,vjnt,female,0,student,student,EDU003,Education / Nutrition,individual,11,3,0,0.7857142857142857,2,0,1,0,1,not_eligible,0,0
P16,22,120000,Maharashtra,student,postgraduate,vjnt,female,0,student,student,EDU004,Scholarship / Disability Welfare,individual,11,3,0,0.7857142857142857,6,0,1,0,1,not_eligible,0,0
P16,22,120000,Maharashtra,student,postgraduate,vjnt,female,0,student,student,EDU005,Scholarship / Social Justice,individual,11,3,0,0.7857142857142857,6,0,1,0,1,not_eligible,0,0
P16,22,120000,Maharashtra,student,postgraduate,vjnt,female,0,student,student,EDU006,Scholarship / Women Education,individual,13,1,1,0.8666666666666667,5,1,1,1,1,not_eligible,0,0
P16,22,120000,Maharashtra,student,postgraduate,vjnt,female,0,student,student,RES002,Higher Education / Research Fellowship,individual,9,5,0,0.6428571428571429,6,1,1,0,1,not_eligible,0,0
P16,22,120000,Maharashtra,student,postgraduate,vjnt,female,0,student,student,SKI001,Skill Development / Minority Affairs,individual,10,4,0,0.7142857142857143,4,0,1,0,1,not_eligible,0,0
P16,22,120000,Maharashtra,student,postgraduate,vjnt,female,0,student,student,WOM002,Women & Child Development / Justice,individual,13,1,0,0.9285714285714286,2,0,1,0,1,not_eligible,0,0
P16,22,120000,Maharashtra,student,postgraduate,vjnt,female,0,student,student,EDU007,Scholarship / Education,individual,11,3,0,0.7857142857142857,6,0,1,0,1,not_eligible,0,0
P16,22,120000,Maharashtra,student,postgraduate,vjnt,female,0,student,student,RES003,Science & Technology / Research Fellowship,individual,9,5,0,0.6428571428571429,5,1,1,0,1,not_eligible,0,0
P16,22,120000,Maharashtra,student,postgraduate,vjnt,female,0,student,student,EDU008,Higher Education / Electronics & IT Research,individual,11,3,0,0.7857142857142857,4,1,1,0,1,not_eligible,0,0
P16,22,120000,Maharashtra,student,postgraduate,vjnt,female,0,student,student,RES004,Science & Technology / Engineering Fellowship,individual,9,5,0,0.6428571428571429,4,1,1,0,1,not_eligible,0,0
P16,22,120000,Maharashtra,student,postgraduate,vjnt,female,0,student,student,CUL002,Culture / Arts & Performing Arts,individual,11,3,0,0.7857142857142857,5,1,1,0,1,not_eligible,0,0
P16,22,120000,Maharashtra,student,postgraduate,vjnt,female,0,student,student,CUL003,Culture / State Recognition,individual,10,4,0,0.7142857142857143,5,1,1,0,1,not_eligible,0,0
P16,22,120000,Maharashtra,student,postgraduate,vjnt,female,0,student,student,CUL004,Culture / Infrastructure Support,individual,11,3,0,0.7857142857142857,5,1,1,0,1,not_eligible,0,0
P17,21,100000,Delhi,student,undergraduate,general,male,1,student,student,MED001,Health / Social Welfare,individual,10,4,0,0.7142857142857143,9,1,1,0,1,not_eligible,0,0
P17,21,100000,Delhi,student,undergraduate,general,male,1,student,student,CUL001,Culture / Pension,individual,10,4,0,0.7142857142857143,8,1,1,0,1,not_eligible,0,0
P17,21,100000,Delhi,student,undergraduate,general,male,1,student,student,SOC001,Social Security / Pension,individual,11,3,0,0.7857142857142857,6,0,1,0,1,not_eligible,0,0
P17,21,100000,Delhi,student,undergraduate,general,male,1,student,student,HOU001,Housing / LGBTQ+ Welfare,individual,11,3,0,0.7857142857142857,3,1,1,0,1,not_eligible,0,0
P17,21,100000,Delhi,student,undergraduate,general,male,1,student,student,EXT001,External Affairs / Overseas Welfare,individual,14,0,0,1.0,4,1,0,0,1,eligible,2,1
P17,21,100000,Delhi,student,undergraduate,general,male,1,student,student,RUR001,Rural Infrastructure / Energy,community,11,3,0,0.7857142857142857,3,1,1,0,0,not_eligible,0,0
P17,21,100000,Delhi,student,undergraduate,general,male,1,student,student,EDU001,Education / Disability,institution,12,2,0,0.8571428571428571,6,1,1,0,0,not_eligible,0,0
P17,21,100000,Delhi,student,undergraduate,general,male,1,student,student,EDU002,Scholarship / Education,individual,10,4,0,0.7142857142857143,7,0,1,0,1,not_eligible,0,0
P17,21,100000,Delhi,student,undergraduate,general,male,1,student,student,RES001,Research & Development,institution,10,4,0,0.7142857142857143,5,1,1,0,0,not_eligible,0,0
P17,21,100000,Delhi,student,undergraduate,general,male,1,student,student,FIN001,Financial Inclusion / Insurance,individual,13,1,0,0.9285714285714286,4,0,1,0,1,not_eligible,0,0
P17,21,100000,Delhi,student,undergraduate,general,male,1,student,student,AGR001,Fisheries / Social Security,individual,11,3,0,0.7857142857142857,8,1,1,0,1,not_eligible,0,0
P17,21,100000,Delhi,student,undergraduate,general,male,1,student,student,MED002,Health / Financial Assistance,individual,12,2,0,0.8571428571428571,5,1,1,0,1,not_eligible,0,0
P17,21,100000,Delhi,student,undergraduate,general,male,1,student,student,SOC002,Social Security / Healthcare,individual,10,4,0,0.7142857142857143,6,1,1,0,1,not_eligible,0,0
P17,21,100000,Delhi,student,undergraduate,general,male,1,student,student,EMP001,Entrepreneurship / Minority Welfare,individual,8,6,0,0.5714285714285714,6,0,1,0,1,not_eligible,0,0
P17,21,100000,Delhi,student,undergraduate,general,male,1,student,student,SKL001,Skill Development / Agriculture,organization,11,3,0,0.7857142857142857,4,0,1,0,0,not_eligible,0,0
P17,21,100000,Delhi,student,undergraduate,general,male,1,student,student,AGR002,Agriculture / Export Promotion,organization,12,2,0,0.8571428571428571,4,1,1,0,0,not_eligible,0,0
P17,21,100000,Delhi,student,undergraduate,general,male,1,student,student,AGR003,Agriculture / Farm Mechanization,individual,12,2,1,0.8,5,0,1,1,1,not_eligible,0,0
P17,21,100000,Delhi,student,undergraduate,general,male,1,student,student,RUR002,Rural Development / Land Ownership,individual,13,1,0,0.9285714285714286,3,1,1,0,1,not_eligible,0,0
P17,21,100000,Delhi,student,undergraduate,general,male,1,student,student,DIS001,Disability Welfare / Transport Aid,individual,10,4,0,0.7142857142857143,7,0,1,0,1,not_eligible,0,0
P17,21,100000,Delhi,student,undergraduate,general,male,1,student,student,SKL002,Skill Development / Entrepreneurship,individual,9,5,0,0.6428571428571429,5,1,1,0,1,not_eligible,0,0
P17,21,100000,Delhi,student,undergraduate,general,male,1,student,student,SOC003,Minority Welfare / Financial Assistance,individual,9,5,0,0.6428571428571429,6,0,1,0,1,not_eligible,0,0
P17,21,100000,Delhi,student,undergraduate,general,male,1,student,student,MIN001,Minority Welfare / Skill & Livelihood,individual,11,3,0,0.7857142857142857,4,0,1,0,1,not_eligible,0,0
P17,21,100000,Delhi,student,undergraduate,general,male,1,student,student,COM001,Commerce & Industry / Recognition,individual,12,2,0,0.8571428571428571,3,1,1,0,1,not_eligible,0,0
P17,21,100000,Delhi,student,undergraduate,general,male,1,student,student,SCI001,Science & Technology / Innovation,individual,12,2,0,0.8571428571428571,5,1,1,0,1,not_eligible,0,0
P17,21,100000,Delhi,student,undergraduate,general,male,1,student,student,FIN002,Financial Inclusion / Entrepreneurship,individual,12,2,0,0.8571428571428571,6,1,1,0,1,not_eligible,0,0
P17,21,100000,Delhi,student,undergraduate,general,male,1,student,student,MED003,Health / Financial Assistance,individual,12,2,0,0.8571428571428571,5,1,1,0,1,not_eligible,0,0
P17,21,100000,Delhi,student,undergraduate,general,male,1,student,student,MED004,Healthcare / Financial Assistance,individual,13,1,0,0.9285714285714286,5,1,1,0,1,not_eligible,0,0
P17,21,100000,Delhi,student,undergraduate,general,male,1,student,student,MED005,Healthcare / Insurance,individual,12,2,0,0.8571428571428571,4,0,1,0,1,not_eligible,0,0
P17,21,100000,Delhi,student,undergraduate,general,male,1,student,student,WOM001,Women & Child Development / Nutrition,individual,11,3,0,0.7857142857142857,3,0,1,0,1,not_eligible,0,0
P17,21,100000,Delhi,student,undergraduate,general,male,1,student,student,HEA001,Healthcare / Pharmaceuticals,individual,12,2,0,0.8571428571428571,5,0,1,0,1,not_eligible,0,0
P17,21,100000,Delhi,student,undergraduate,general,male,1,student,student,EDU003,Education / Nutrition,individual,11,3,0,0.7857142857142857,2,0,1,0,1,not_eligible,0,0
P17,21,100000,Delhi,student,undergraduate,general,male,1,student,student,EDU004,Scholarship / Disability Welfare,individual,13,1,0,0.9285714285714286,6,0,1,0,1,not_eligible,0,0
P17,21,100000,Delhi,student,undergraduate,general,male,1,student,student,EDU005,Scholarship / Social Justice,individual,11,3,0,0.7857142857142857,6,0,1,0,1,not_eligible,0,0
P17,21,100000,Delhi,student,undergraduate,general,male,1,student,student,EDU006,Scholarship / Women Education,individual,12,2,1,0.8,5,1,1,1,1,not_eligible,0,0
P17,21,100000,Delhi,student,undergraduate,general,male,1,student,student,RES002,Higher Education / Research Fellowship,individual,9,5,0,0.6428571428571429,6,1,1,0,1,not_eligible,0,0
P17,21,100000,Delhi,student,undergraduate,general,male,1,student,student,SKI001,Skill Development / Minority Affairs,individual,10,4,0,0.7142857142857143,4,0,1,0,1,not_eligible,0,0
P17,21,100000,Delhi,student,undergraduate,general,male,1,student,student,WOM002,Women & Child Development / Justice,individual,13,1,0,0.9285714285714286,2,0,1,0,1,not_eligible,0,0
P17,21,100000,Delhi,student,undergraduate,general,male,1,student,student,EDU007,Scholarship / Education,individual,11,3,0,0.7857142857142857,6,0,1,0,1,not_eligible,0,0
P17,21,100000,Delhi,student,undergraduate,general,male,1,student,student,RES003,Science & Technology / Research Fellowship,individual,8,6,0,0.5714285714285714,5,1,1,0,1,not_eligible,0,0
P17,21,100000,Delhi,student,undergraduate,general,male,1,student,student,EDU008,Higher Education / Electronics & IT Research,individual,10,4,0,0.7142857142857143,4,1,1,0,1,not_eligible,0,0
P17,21,100000,Delhi,student,undergraduate,general,male,1,student,student,RES004,Science & Technology / Engineering Fellowship,individual,9,5,0,0.6428571428571429,4,1,1,0,1,not_eligible,0,0
P17,21,100000,Delhi,student,undergraduate,general,male,1,student,student,CUL002,Culture / Arts & Performing Arts,individual,11,3,0,0.7857142857142857,5,1,1,0,1,not_eligible,0,0
P17,21,100000,Delhi,student,undergraduate,general,male,1,student,student,CUL003,Culture / State Recognition,individual,10,4,0,0.7142857142857143,5,1,1,0,1,not_eligible,0,0
P17,21,100000,Delhi,student,undergraduate,general,male,1,student,student,CUL004,Culture / Infrastructure Support,individual,11,3,0,0.7857142857142857,5,1,1,0,1,not_eligible,0,0
P18,15,90000,Uttar Pradesh,student,secondary,sc,female,0,student,student,MED001,Health / Social Welfare,individual,9,5,0,0.6428571428571429,9,1,1,0,1,not_eligible,0,0
P18,15,90000,Uttar Pradesh,student,secondary,sc,female,0,student,student,CUL001,Culture / Pension,individual,10,4,0,0.7142857142857143,8,1,1,0,1,not_eligible,0,0
P18,15,90000,Uttar Pradesh,student,secondary,sc,female,0,student,student,SOC001,Social Security / Pension,individual,9,5,0,0.6428571428571429,6,0,1,0,1,not_eligible,0,0
P18,15,90000,Uttar Pradesh,student,secondary,sc,female,0,student,student,HOU001,Housing / LGBTQ+ Welfare,individual,10,4,0,0.7142857142857143,3,1,1,0,1,not_eligible,0,0
P18,15,90000,Uttar Pradesh,student,secondary,sc,female,0,student,student,EXT001,External Affairs / Overseas Welfare,individual,14,0,0,1.0,4,1,0,0,1,eligible,2,1
P18,15,90000,Uttar Pradesh,student,secondary,sc,female,0,student,student,RUR001,Rural Infrastructure / Energy,community,11,3,0,0.7857142857142857,3,1,1,0,0,not_eligible,0,0
P18,15,90000,Uttar Pradesh,student,secondary,sc,female,0,student,student,EDU001,Education / Disability,institution,12,2,0,0.8571428571428571,6,1,1,0,0,not_eligible,0,0
P18,15,90000,Uttar Pradesh,student,secondary,sc,female,0,student,student,EDU002,Scholarship / Education,individual,10,4,0,0.7142857142857143,7,0,1,0,1,not_eligible,0,0
P18,15,90000,Uttar Pradesh,student,secondary,sc,female,0,student,student,RES001,Research & Development,institution,9,5,0,0.6428571428571429,5,1,1,0,0,not_eligible,0,0
P18,15,90000,Uttar Pradesh,student,secondary,sc,female,0,student,student,FIN001,Financial Inclusion / Insurance,individual,12,2,0,0.8571428571428571,4,0,1,0,1,not_eligible,0,0
P18,15,90000,Uttar Pradesh,student,secondary,sc,female,0,student,student,AGR001,Fisheries / Social Security,individual,10,4,0,0.7142857142857143,8,1,1,0,1,not_eligible,0,0
P18,15,90000,Uttar Pradesh,student,secondary,sc,female,0,student,student,MED002,Health / Financial Assistance,individual,12,2,0,0.8571428571428571,5,1,1,0,1,not_eligible,0,0
P18,15,90000,Uttar Pradesh,student,secondary,sc,female,0,student,student,SOC002,Social Security / Healthcare,individual,9,5,0,0.6428571428571429,6,1,1,0,1,not_eligible,0,0
P18,15,90000,Uttar Pradesh,student,secondary,sc,female,0,student,student,EMP001,Entrepreneurship / Minority Welfare,individual,7,7,0,0.5,6,0,1,0,1,not_eligible,0,0
P18,15,90000,Uttar Pradesh,student,secondary,sc,female,0,student,student,SKL001,Skill Development / Agriculture,organization,10,4,0,0.7142857142857143,4,0,1,0,0,not_eligible,0,0
P18,15,90000,Uttar Pradesh,student,secondary,sc,female,0,student,student,AGR002,Agriculture / Export Promotion,organization,11,3,0,0.7857142857142857,4,1,1,0,0,not_eligible,0,0
P18,15,90000,Uttar Pradesh,student,secondary,sc,female,0,student,student,AGR003,Agriculture / Farm Mechanization,individual,11,3,1,0.7333333333333333,5,0,1,1,1,not_eligible,0,0
P18,15,90000,Uttar Pradesh,student,secondary,sc,female,0,student,student,RUR002,Rural Development / Land Ownership,individual,12,2,0,0.8571428571428571,3,1,1,0,1,not_eligible,0,0
P18,15,90000,Uttar Pradesh,student,secondary,sc,female,0,student,student,DIS001,Disability Welfare / Transport Aid,individual,8,6,0,0.5714285714285714,7,0,1,0,1,not_eligible,0,0
P18,15,90000,Uttar Pradesh,student,secondary,sc,female,0,student,student,SKL002,Skill Development / Entrepreneurship,individual,8,6,0,0.5714285714285714,5,1,1,0,1,not_eligible,0,0
P18,15,90000,Uttar Pradesh,student,secondary,sc,female,0,student,student,SOC003,Minority Welfare / Financial Assistance,individual,8,6,0,0.5714285714285714,6,0,1,0,1,not_eligible,0,0
P18,15,90000,Uttar Pradesh,student,secondary,sc,female,0,student,student,MIN001,Minority Welfare / Skill & Livelihood,individual,10,4,0,0.7142857142857143,4,0,1,0,1,not_eligible,0,0
P18,15,90000,Uttar Pradesh,student,secondary,sc,female,0,student,student,COM001,Commerce & Industry / Recognition,individual,12,2,0,0.8571428571428571,3,1,1,0,1,not_eligible,0,0
P18,15,90000,Uttar Pradesh,student,secondary,sc,female,0,student,student,SCI001,Science & Technology / Innovation,individual,11,3,0,0.7857142857142857,5,1,1,0,1,not_eligible,0,0
P18,15,90000,Uttar Pradesh,student,secondary,sc,female,0,student,student,FIN002,Financial Inclusion / Entrepreneurship,individual,11,3,0,0.7857142857142857,6,1,1,0,1,not_eligible,0,0
P18,15,90000,Uttar Pradesh,student,secondary,sc,female,0,student,student,MED003,Health / Financial Assistance,individual,12,2,0,0.8571428571428571,5,1,1,0,1,not_eligible,0,0
P18,15,90000,Uttar Pradesh,student,secondary,sc,female,0,student,student,MED004,Healthcare / Financial Assistance,individual,12,2,0,0.8571428571428571,5,1,1,0,1,not_eligible,0,0
P18,15,90000,Uttar Pradesh,student,secondary,sc,female,0,student,student,MED005,Healthcare / Insurance,individual,12,2,0,0.8571428571428571,4,0,1,0,1,not_eligible,0,0
P18,15,90000,Uttar Pradesh,student,secondary,sc,female,0,student,student,WOM001,Women & Child Development / Nutrition,individual,11,3,0,0.7857142857142857,3,0,1,0,1,not_eligible,0,0
P18,15,90000,Uttar Pradesh,student,secondary,sc,female,0,student,student,HEA001,Healthcare / Pharmaceuticals,individual,12,2,0,0.8571428571428571,5,0,1,0,1,not_eligible,0,0
P18,15,90000,Uttar Pradesh,student,secondary,sc,female,0,student,student,EDU003,Education / Nutrition,individual,11,3,0,0.7857142857142857,2,0,1,0,1,not_eligible,0,0
P18,15,90000,Uttar Pradesh,student,secondary,sc,female,0,student,student,EDU004,Scholarship / Disability Welfare,individual,10,4,0,0.7142857142857143,6,0,1,0,1,not_eligible,0,0
P18,15,90000,Uttar Pradesh,student,secondary,sc,female,0,student,student,EDU005,Scholarship / Social Justice,individual,13,1,0,0.9285714285714286,6,0,1,0,1,not_eligible,0,0
P18,15,90000,Uttar Pradesh,student,secondary,sc,female,0,student,student,EDU006,Scholarship / Women Education,individual,11,3,1,0.7333333333333333,5,1,1,1,1,not_eligible,0,0
P18,15,90000,Uttar Pradesh,student,secondary,sc,female,0,student,student,RES002,Higher Education / Research Fellowship,individual,9,5,0,0.6428571428571429,6,1,1,0,1,not_eligible,0,0
P18,15,90000,Uttar Pradesh,student,secondary,sc,female,0,student,student,SKI001,Skill Development / Minority Affairs,individual,10,4,0,0.7142857142857143,4,0,1,0,1,not_eligible,0,0
P18,15,90000,Uttar Pradesh,student,secondary,sc,female,0,student,student,WOM002,Women & Child Development / Justice,individual,12,2,0,0.8571428571428571,2,0,1,0,1,not_eligible,0,0
P18,15,90000,Uttar Pradesh,student,secondary,sc,female,0,student,student,EDU007,Scholarship / Education,individual,12,2,0,0.8571428571428571,6,0,1,0,1,not_eligible,0,0
P18,15,90000,Uttar Pradesh,student,secondary,sc,female,0,student,student,RES003,Science & Technology / Research Fellowship,individual,8,6,0,0.5714285714285714,5,1,1,0,1,not_eligible,0,0
P18,15,90000,Uttar Pradesh,student,secondary,sc,female,0,student,student,EDU008,Higher Education / Electronics & IT Research,individual,10,4,0,0.7142857142857143,4,1,1,0,1,not_eligible,0,0
P18,15,90000,Uttar Pradesh,student,secondary,sc,female,0,student,student,RES004,Science & Technology / Engineering Fellowship,individual,9,5,0,0.6428571428571429,4,1,1,0,1,not_eligible,0,0
P18,15,90000,Uttar Pradesh,student,secondary,sc,female,0,student,student,CUL002,Culture / Arts & Performing Arts,individual,10,4,0,0.7142857142857143,5,1,1,0,1,not_eligible,0,0
P18,15,90000,Uttar Pradesh,student,secondary,sc,female,0,student,student,CUL003,Culture / State Recognition,individual,10,4,0,0.7142857142857143,5,1,1,0,1,not_eligible,0,0
P18,15,90000,Uttar Pradesh,student,secondary,sc,female,0,student,student,CUL004,Culture / Infrastructure Support,individual,11,3,0,0.7857142857142857,5,1,1,0,1,not_eligible,0,0
P19,23,180000,Delhi,student,postgraduate,general,female,0,student,single_girl_child,MED001,Health / Social Welfare,individual,10,4,0,0.7142857142857143,9,1,1,0,1,not_eligible,0,0
P19,23,180000,Delhi,student,postgraduate,general,female,0,student,single_girl_child,CUL001,Culture / Pension,individual,10,4,0,0.7142857142857143,8,1,1,0,1,not_eligible,0,0
P19,23,180000,Delhi,student,postgraduate,general,female,0,student,single_girl_child,SOC001,Social Security / Pension,individual,10,4,0,0.7142857142857143,6,0,1,0,1,not_eligible,0,0
P19,23,180000,Delhi,student,postgraduate,general,female,0,student,single_girl_child,HOU001,Housing / LGBTQ+ Welfare,individual,11,3,0,0.7857142857142857,3,1,1,0,1,not_eligible,0,0
P19,23,180000,Delhi,student,postgraduate,general,female,0,student,single_girl_child,EXT001,External Affairs / Overseas Welfare,individual,13,1,0,0.9285714285714286,4,1,1,0,1,not_eligible,0,0
P19,23,180000,Delhi,student,postgraduate,general,female,0,student,single_girl_child,RUR001,Rural Infrastructure / Energy,community,11,3,0,0.7857142857142857,3,1,1,0,0,not_eligible,0,0
P19,23,180000,Delhi,student,postgraduate,general,female,0,student,single_girl_child,EDU001,Education / Disability,institution,10,4,0,0.7142857142857143,6,1,1,0,0,not_eligible,0,0
P19,23,180000,Delhi,student,postgraduate,general,female,0,student,single_girl_child,EDU002,Scholarship / Education,individual,10,4,0,0.7142857142857143,7,0,1,0,1,not_eligible,0,0
P19,23,180000,Delhi,student,postgraduate,general,female,0,student,single_girl_child,RES001,Research & Development,institution,9,5,0,0.6428571428571429,5,1,1,0,0,not_eligible,0,0
P19,23,180000,Delhi,student,postgraduate,general,female,0,student,single_girl_child,FIN001,Financial Inclusion / Insurance,individual,13,1,0,0.9285714285714286,4,0,1,0,1,not_eligible,0,0
P19,23,180000,Delhi,student,postgraduate,general,female,0,student,single_girl_child,AGR001,Fisheries / Social Security,individual,11,3,0,0.7857142857142857,8,1,1,0,1,not_eligible,0,0
P19,23,180000,Delhi,student,postgraduate,general,female,0,student,single_girl_child,MED002,Health / Financial Assistance,individual,12,2,0,0.8571428571428571,5,1,1,0,1,not_eligible,0,0
P19,23,180000,Delhi,student,postgraduate,general,female,0,student,single_girl_child,SOC002,Social Security / Healthcare,individual,10,4,0,0.7142857142857143,6,1,1,0,1,not_eligible,0,0
P19,23,180000,Delhi,student,postgraduate,general,female,0,student,single_girl_child,EMP001,Entrepreneurship / Minority Welfare,individual,8,6,0,0.5714285714285714,6,0,1,0,1,not_eligible,0,0
P19,23,180000,Delhi,student,postgraduate,general,female,0,student,single_girl_child,SKL001,Skill Development / Agriculture,organization,11,3,0,0.7857142857142857,4,0,1,0,0,not_eligible,0,0
P19,23,180000,Delhi,student,postgraduate,general,female,0,student,single_girl_child,AGR002,Agriculture / Export Promotion,organization,12,2,0,0.8571428571428571,4,1,1,0,0,not_eligible,0,0
P19,23,180000,Delhi,student,postgraduate,general,female,0,student,single_girl_child,AGR003,Agriculture / Farm Mechanization,individual,12,2,0,0.8571428571428571,5,0,1,0,1,not_eligible,0,0
P19,23,180000,Delhi,student,postgraduate,general,female,0,student,single_girl_child,RUR002,Rural Development / Land Ownership,individual,13,1,0,0.9285714285714286,3,1,1,0,1,not_eligible,0,0
P19,23,180000,Delhi,student,postgraduate,general,female,0,student,single_girl_child,DIS001,Disability Welfare / Transport Aid,individual,8,6,0,0.5714285714285714,7,0,1,0,1,not_eligible,0,0
P19,23,180000,Delhi,student,postgraduate,general,female,0,student,single_girl_child,SKL002,Skill Development / Entrepreneurship,individual,9,5,0,0.6428571428571429,5,1,1,0,1,not_eligible,0,0
P19,23,180000,Delhi,student,postgraduate,general,female,0,student,single_girl_child,SOC003,Minority Welfare / Financial Assistance,individual,9,5,0,0.6428571428571429,6,0,1,0,1,not_eligible,0,0
P19,23,180000,Delhi,student,postgraduate,general,female,0,student,single_girl_child,MIN001,Minority Welfare / Skill & Livelihood,individual,11,3,0,0.7857142857142857,4,0,1,0,1,not_eligible,0,0
P19,23,180000,Delhi,student,postgraduate,general,female,0,student,single_girl_child,COM001,Commerce & Industry / Recognition,individual,12,2,0,0.8571428571428571,3,1,1,0,1,not_eligible,0,0
P19,23,180000,Delhi,student,postgraduate,general,female,0,student,single_girl_child,SCI001,Science & Technology / Innovation,individual,12,2,0,0.8571428571428571,5,1,1,0,1,not_eligible,0,0
P19,23,180000,Delhi,student,postgraduate,general,female,0,student,single_girl_child,FIN002,Financial Inclusion / Entrepreneurship,individual,12,2,0,0.8571428571428571,6,1,1,0,1,not_eligible,0,0
P19,23,180000,Delhi,student,postgraduate,general,female,0,student,single_girl_child,MED003,Health / Financial Assistance,individual,12,2,0,0.8571428571428571,5,1,1,0,1,not_eligible,0,0
P19,23,180000,Delhi,student,postgraduate,general,female,0,student,single_girl_child,MED004,Healthcare / Financial Assistance,individual,13,1,0,0.9285714285714286,5,1,1,0,1,not_eligible,0,0
P19,23,180000,Delhi,student,postgraduate,general,female,0,student,single_girl_child,MED005,Healthcare / Insurance,individual,12,2,0,0.8571428571428571,4,0,1,0,1,not_eligible,0,0
P19,23,180000,Delhi,student,postgraduate,general,female,0,student,single_girl_child,WOM001,Women & Child Development / Nutrition,individual,11,3,0,0.7857142857142857,3,0,1,0,1,not_eligible,0,0
P19,23,180000,Delhi,student,postgraduate,general,female,0,student,single_girl_child,HEA001,Healthcare / Pharmaceuticals,individual,12,2,0,0.8571428571428571,5,0,1,0,1,not_eligible,0,0
P19,23,180000,Delhi,student,postgraduate,general,female,0,student,single_girl_child,EDU003,Education / Nutrition,individual,10,4,0,0.7142857142857143,2,0,1,0,1,not_eligible,0,0
P19,23,180000,Delhi,student,postgraduate,general,female,0,student,single_girl_child,EDU004,Scholarship / Disability Welfare,individual,10,4,0,0.7142857142857143,6,0,1,0,1,not_eligible,0,0
P19,23,180000,Delhi,student,postgraduate,general,female,0,student,single_girl_child,EDU005,Scholarship / Social Justice,individual,10,4,0,0.7142857142857143,6,0,1,0,1,not_eligible,0,0
P19,23,180000,Delhi,student,postgraduate,general,female,0,student,single_girl_child,EDU006,Scholarship / Women Education,individual,14,1,0,0.9333333333333333,5,1,1,0,1,not_eligible,0,0
P19,23,180000,Delhi,student,postgraduate,general,female,0,student,single_girl_child,RES002,Higher Education / Research Fellowship,individual,9,5,0,0.6428571428571429,6,1,1,0,1,not_eligible,0,0
P19,23,180000,Delhi,student,postgraduate,general,female,0,student,single_girl_child,SKI001,Skill Development / Minority Affairs,individual,10,4,0,0.7142857142857143,4,0,1,0,1,not_eligible,0,0
P19,23,180000,Delhi,student,postgraduate,general,female,0,student,single_girl_child,WOM002,Women & Child Development / Justice,individual,13,1,0,0.9285714285714286,2,0,1,0,1,not_eligible,0,0
P19,23,180000,Delhi,student,postgraduate,general,female,0,student,single_girl_child,EDU007,Scholarship / Education,individual,10,4,0,0.7142857142857143,6,0,1,0,1,not_eligible,0,0
P19,23,180000,Delhi,student,postgraduate,general,female,0,student,single_girl_child,RES003,Science & Technology / Research Fellowship,individual,9,5,0,0.6428571428571429,5,1,1,0,1,not_eligible,0,0
P19,23,180000,Delhi,student,postgraduate,general,female,0,student,single_girl_child,EDU008,Higher Education / Electronics & IT Research,individual,10,4,0,0.7142857142857143,4,1,1,0,1,not_eligible,0,0
P19,23,180000,Delhi,student,postgraduate,general,female,0,student,single_girl_child,RES004,Science & Technology / Engineering Fellowship,individual,9,5,0,0.6428571428571429,4,1,1,0,1,not_eligible,0,0
P19,23,180000,Delhi,student,postgraduate,general,female,0,student,single_girl_child,CUL002,Culture / Arts & Performing Arts,individual,11,3,0,0.7857142857142857,5,1,1,0,1,not_eligible,0,0
P19,23,180000,Delhi,student,postgraduate,general,female,0,student,single_girl_child,CUL003,Culture / State Recognition,individual,10,4,0,0.7142857142857143,5,1,1,0,1,not_eligible,0,0
P19,23,180000,Delhi,student,postgraduate,general,female,0,student,single_girl_child,CUL004,Culture / Infrastructure Support,individual,11,3,0,0.7857142857142857,5,1,1,0,1,not_eligible,0,0
P20,24,150000,Delhi,student,postgraduate,minority,female,0,student,student,MED001,Health / Social Welfare,individual,10,4,0,0.7142857142857143,9,1,1,0,1,not_eligible,0,0
P20,24,150000,Delhi,student,postgraduate,minority,female,0,student,student,CUL001,Culture / Pension,individual,10,4,0,0.7142857142857143,8,1,1,0,1,not_eligible,0,0
P20,24,150000,Delhi,student,postgraduate,minority,female,0,student,student,SOC001,Social Security / Pension,individual,10,4,0,0.7142857142857143,6,0,1,0,1,not_eligible,0,0
P20,24,150000,Delhi,student,postgraduate,minority,female,0,student,student,HOU001,Housing / LGBTQ+ Welfare,individual,11,3,0,0.7857142857142857,3,1,1,0,1,not_eligible,0,0
P20,24,150000,Delhi,student,postgraduate,minority,female,0,student,student,EXT001,External Affairs / Overseas Welfare,individual,14,0,0,1.0,4,1,0,0,1,eligible,2,1
P20,24,150000,Delhi,student,postgraduate,minority,female,0,student,student,RUR001,Rural Infrastructure / Energy,community,11,3,0,0.7857142857142857,3,1,1,0,0,not_eligible,0,0
P20,24,150000,Delhi,student,postgraduate,minority,female,0,student,student,EDU001,Education / Disability,institution,11,3,0,0.7857142857142857,6,1,1,0,0,not_eligible,0,0
P20,24,150000,Delhi,student,postgraduate,minority,female,0,student,student,EDU002,Scholarship / Education,individual,11,3,0,0.7857142857142857,7,0,1,0,1,not_eligible,0,0
P20,24,150000,Delhi,student,postgraduate,minority,female,0,student,student,RES001,Research & Development,institution,9,5,0,0.6428571428571429,5,1,1,0,0,not_eligible,0,0
P20,24,150000,Delhi,student,postgraduate,minority,female,0,student,student,FIN001,Financial Inclusion / Insurance,individual,13,1,0,0.9285714285714286,4,0,1,0,1,not_eligible,0,0
P20,24,150000,Delhi,student,postgraduate,minority,female,0,student,student,AGR001,Fisheries / Social Security,individual,11,3,0,0.7857142857142857,8,1,1,0,1,not_eligible,0,0
P20,24,150000,Delhi,student,postgraduate,minority,female,0,student,student,MED002,Health / Financial Assistance,individual,12,2,0,0.8571428571428571,5,1,1,0,1,not_eligible,0,0
P20,24,150000,Delhi,student,postgraduate,minority,female,0,student,student,SOC002,Social Security / Healthcare,individual,10,4,0,0.7142857142857143,6,1,1,0,1,not_eligible,0,0
P20,24,150000,Delhi,student,postgraduate,minority,female,0,student,student,EMP001,Entrepreneurship / Minority Welfare,individual,9,5,0,0.6428571428571429,6,0,1,0,1,not_eligible,0,0
P20,24,150000,Delhi,student,postgraduate,minority,female,0,student,student,SKL001,Skill Development / Agriculture,organization,11,3,0,0.7857142857142857,4,0,1,0,0,not_eligible,0,0
P20,24,150000,Delhi,student,postgraduate,minority,female,0,student,student,AGR002,Agriculture / Export Promotion,organization,12,2,0,0.8571428571428571,4,1,1,0,0,not_eligible,0,0
P20,24,150000,Delhi,student,postgraduate,minority,female,0,student,student,AGR003,Agriculture / Farm Mechanization,individual,12,2,1,0.8,5,0,1,1,1,not_eligible,0,0
P20,24,150000,Delhi,student,postgraduate,minority,female,0,student,student,RUR002,Rural Development / Land Ownership,individual,13,1,0,0.9285714285714286,3,1,1,0,1,not_eligible,0,0
P20,24,150000,Delhi,student,postgraduate,minority,female,0,student,student,DIS001,Disability Welfare / Transport Aid,individual,8,6,0,0.5714285714285714,7,0,1,0,1,not_eligible,0,0
P20,24,150000,Delhi,student,postgraduate,minority,female,0,student,student,SKL002,Skill Development / Entrepreneurship,individual,9,5,0,0.6428571428571429,5,1,1,0,1,not_eligible,0,0
P20,24,150000,Delhi,student,postgraduate,minority,female,0,student,student,SOC003,Minority Welfare / Financial Assistance,individual,10,4,0,0.7142857142857143,6,0,1,0,1,not_eligible,0,0
P20,24,150000,Delhi,student,postgraduate,minority,female,0,student,student,MIN001,Minority Welfare / Skill & Livelihood,individual,12,2,0,0.8571428571428571,4,0,1,0,1,not_eligible,0,0
P20,24,150000,Delhi,student,postgraduate,minority,female,0,student,student,COM001,Commerce & Industry / Recognition,individual,12,2,0,0.8571428571428571,3,1,1,0,1,not_eligible,0,0
P20,24,150000,Delhi,student,postgraduate,minority,female,0,student,student,SCI001,Science & Technology / Innovation,individual,12,2,0,0.8571428571428571,5,1,1,0,1,not_eligible,0,0
P20,24,150000,Delhi,student,postgraduate,minority,female,0,student,student,FIN002,Financial Inclusion / Entrepreneurship,individual,11,3,0,0.7857142857142857,6,1,1,0,1,not_eligible,0,0
P20,24,150000,Delhi,student,postgraduate,minority,female,0,student,student,MED003,Health / Financial Assistance,individual,12,2,0,0.8571428571428571,5,1,1,0,1,not_eligible,0,0
P20,24,150000,Delhi,student,postgraduate,minority,female,0,student,student,MED004,Healthcare / Financial Assistance,individual,13,1,0,0.9285714285714286,5,1,1,0,1,not_eligible,0,0
P20,24,150000,Delhi,student,postgraduate,minority,female,0,student,student,MED005,Healthcare / Insurance,individual,12,2,0,0.8571428571428571,4,0,1,0,1,not_eligible,0,0
P20,24,150000,Delhi,student,postgraduate,minority,female,0,student,student,WOM001,Women & Child Development / Nutrition,individual,11,3,0,0.7857142857142857,3,0,1,0,1,not_eligible,0,0
P20,24,150000,Delhi,student,postgraduate,minority,female,0,student,student,HEA001,Healthcare / Pharmaceuticals,individual,12,2,0,0.8571428571428571,5,0,1,0,1,not_eligible,0,0
P20,24,150000,Delhi,student,postgraduate,minority,female,0,student,student,EDU003,Education / Nutrition,individual,11,3,0,0.7857142857142857,2,0,1,0,1,not_eligible,0,0
P20,24,150000,Delhi,student,postgraduate,minority,female,0,student,student,EDU004,Scholarship / Disability Welfare,individual,11,3,0,0.7857142857142857,6,0,1,0,1,not_eligible,0,0
P20,24,150000,Delhi,student,postgraduate,minority,female,0,student,student,EDU005,Scholarship / Social Justice,individual,11,3,0,0.7857142857142857,6,0,1,0,1,not_eligible,0,0
P20,24,150000,Delhi,student,postgraduate,minority,female,0,student,student,EDU006,Scholarship / Women Education,individual,13,1,1,0.8666666666666667,5,1,1,1,1,not_eligible,0,0
P20,24,150000,Delhi,student,postgraduate,minority,female,0,student,student,RES002,Higher Education / Research Fellowship,individual,10,4,0,0.7142857142857143,6,1,1,0,1,not_eligible,0,0
P20,24,150000,Delhi,student,postgraduate,minority,female,0,student,student,SKI001,Skill Development / Minority Affairs,individual,11,3,0,0.7857142857142857,4,0,1,0,1,not_eligible,0,0
P20,24,150000,Delhi,student,postgraduate,minority,female,0,student,student,WOM002,Women & Child Development / Justice,individual,13,1,0,0.9285714285714286,2,0,1,0,1,not_eligible,0,0
P20,24,150000,Delhi,student,postgraduate,minority,female,0,student,student,EDU007,Scholarship / Education,individual,11,3,0,0.7857142857142857,6,0,1,0,1,not_eligible,0,0
P20,24,150000,Delhi,student,postgraduate,minority,female,0,student,student,RES003,Science & Technology / Research Fellowship,individual,9,5,0,0.6428571428571429,5,1,1,0,1,not_eligible,0,0
P20,24,150000,Delhi,student,postgraduate,minority,female,0,student,student,EDU008,Higher Education / Electronics & IT Research,individual,11,3,0,0.7857142857142857,4,1,1,0,1,not_eligible,0,0
P20,24,150000,Delhi,student,postgraduate,minority,female,0,student,student,RES004,Science & Technology / Engineering Fellowship,individual,9,5,0,0.6428571428571429,4,1,1,0,1,not_eligible,0,0
P20,24,150000,Delhi,student,postgraduate,minority,female,0,student,student,CUL002,Culture / Arts & Performing Arts,individual,11,3,0,0.7857142857142857,5,1,1,0,1,not_eligible,0,0
P20,24,150000,Delhi,student,postgraduate,minority,female,0,student,student,CUL003,Culture / State Recognition,individual,10,4,0,0.7142857142857143,5,1,1,0,1,not_eligible,0,0
P20,24,150000,Delhi,student,postgraduate,minority,female,0,student,student,CUL004,Culture / Infrastructure Support,individual,11,3,0,0.7857142857142857,5,1,1,0,1,not_eligible,0,0
P21,27,300000,Karnataka,researcher,phd,general,male,0,student,researcher,MED001,Health / Social Welfare,individual,10,4,0,0.7142857142857143,9,1,1,0,1,not_eligible,0,0
P21,27,300000,Karnataka,researcher,phd,general,male,0,student,researcher,CUL001,Culture / Pension,individual,10,4,0,0.7142857142857143,8,1,1,0,1,not_eligible,0,0
P21,27,300000,Karnataka,researcher,phd,general,male,0,student,researcher,SOC001,Social Security / Pension,individual,10,4,0,0.7142857142857143,6,0,1,0,1,not_eligible,0,0
P21,27,300000,Karnataka,researcher,phd,general,male,0,student,researcher,HOU001,Housing / LGBTQ+ Welfare,individual,11,3,0,0.7857142857142857,3,1,1,0,1,not_eligible,0,0
P21,27,300000,Karnataka,researcher,phd,general,male,0,student,researcher,EXT001,External Affairs / Overseas Welfare,individual,12,2,0,0.8571428571428571,4,1,1,0,1,not_eligible,0,0
P21,27,300000,Karnataka,researcher,phd,general,male,0,student,researcher,RUR001,Rural Infrastructure / Energy,community,11,3,0,0.7857142857142857,3,1,1,0,0,not_eligible,0,0
P21,27,300000,Karnataka,researcher,phd,general,male,0,student,researcher,EDU001,Education / Disability,institution,9,5,0,0.6428571428571429,6,1,1,0,0,not_eligible,0,0
P21,27,300000,Karnataka,researcher,phd,general,male,0,student,researcher,EDU002,Scholarship / Education,individual,9,5,0,0.6428571428571429,7,0,1,0,1,not_eligible,0,0
P21,27,300000,Karnataka,researcher,phd,general,male,0,student,researcher,RES001,Research & Development,institution,11,3,0,0.7857142857142857,5,1,1,0,0,not_eligible,0,0
P21,27,300000,Karnataka,researcher,phd,general,male,0,student,researcher,FIN001,Financial Inclusion / Insurance,individual,13,1,0,0.9285714285714286,4,0,1,0,1,not_eligible,0,0
P21,27,300000,Karnataka,researcher,phd,general,male,0,student,researcher,AGR001,Fisheries / Social Security,individual,11,3,0,0.7857142857142857,8,1,1,0,1,not_eligible,0,0
P21,27,300000,Karnataka,researcher,phd,general,male,0,student,researcher,MED002,Health / Financial Assistance,individual,12,2,0,0.8571428571428571,5,1,1,0,1,not_eligible,0,0
P21,27,300000,Karnataka,researcher,phd,general,male,0,student,researcher,SOC002,Social Security / Healthcare,individual,10,4,0,0.7142857142857143,6,1,1,0,1,not_eligible,0,0
P21,27,300000,Karnataka,researcher,phd,general,male,0,student,researcher,EMP001,Entrepreneurship / Minority Welfare,individual,8,6,0,0.5714285714285714,6,0,1,0,1,not_eligible,0,0
P21,27,300000,Karnataka,researcher,phd,general,male,0,student,researcher,SKL001,Skill Development / Agriculture,organization,11,3,0,0.7857142857142857,4,0,1,0,0,not_eligible,0,0
P21,27,300000,Karnataka,researcher,phd,general,male,0,student,researcher,AGR002,Agriculture / Export Promotion,organization,12,2,0,0.8571428571428571,4,1,1,0,0,not_eligible,0,0
P21,27,300000,Karnataka,researcher,phd,general,male,0,student,researcher,AGR003,Agriculture / Farm Mechanization,individual,12,2,1,0.8,5,0,1,1,1,not_eligible,0,0
P21,27,300000,Karnataka,researcher,phd,general,male,0,student,researcher,RUR002,Rural Development / Land Ownership,individual,13,1,0,0.9285714285714286,3,1,1,0,1,not_eligible,0,0
P21,27,300000,Karnataka,researcher,phd,general,male,0,student,researcher,DIS001,Disability Welfare / Transport Aid,individual,8,6,0,0.5714285714285714,7,0,1,0,1,not_eligible,0,0
P21,27,300000,Karnataka,researcher,phd,general,male,0,student,researcher,SKL002,Skill Development / Entrepreneurship,individual,9,5,0,0.6428571428571429,5,1,1,0,1,not_eligible,0,0
P21,27,300000,Karnataka,researcher,phd,general,male,0,student,researcher,SOC003,Minority Welfare / Financial Assistance,individual,10,4,0,0.7142857142857143,6,0,1,0,1,not_eligible,0,0
P21,27,300000,Karnataka,researcher,phd,general,male,0,student,researcher,MIN001,Minority Welfare / Skill & Livelihood,individual,11,3,0,0.7857142857142857,4,0,1,0,1,not_eligible,0,0
P21,27,300000,Karnataka,researcher,phd,general,male,0,student,researcher,COM001,Commerce & Industry / Recognition,individual,12,2,0,0.8571428571428571,3,1,1,0,1,not_eligible,0,0
P21,27,300000,Karnataka,researcher,phd,general,male,0,student,researcher,SCI001,Science & Technology / Innovation,individual,13,1,0,0.9285714285714286,5,1,1,0,1,not_eligible,0,0
P21,27,300000,Karnataka,researcher,phd,general,male,0,student,researcher,FIN002,Financial Inclusion / Entrepreneurship,individual,12,2,0,0.8571428571428571,6,1,1,0,1,not_eligible,0,0
P21,27,300000,Karnataka,researcher,phd,general,male,0,student,researcher,MED003,Health / Financial Assistance,individual,11,3,0,0.7857142857142857,5,1,1,0,1,not_eligible,0,0
P21,27,300000,Karnataka,researcher,phd,general,male,0,student,researcher,MED004,Healthcare / Financial Assistance,individual,12,2,0,0.8571428571428571,5,1,1,0,1,not_eligible,0,0
P21,27,300000,Karnataka,researcher,phd,general,male,0,student,researcher,MED005,Healthcare / Insurance,individual,12,2,0,0.8571428571428571,4,0,1,0,1,not_eligible,0,0
P21,27,300000,Karnataka,researcher,phd,general,male,0,student,researcher,WOM001,Women & Child Development / Nutrition,individual,11,3,0,0.7857142857142857,3,0,1,0,1,not_eligible,0,0
P21,27,300000,Karnataka,researcher,phd,general,male,0,student,researcher,HEA001,Healthcare / Pharmaceuticals,individual,12,2,0,0.8571428571428571,5,0,1,0,1,not_eligible,0,0
P21,27,300000,Karnataka,researcher,phd,general,male,0,student,researcher,EDU003,Education / Nutrition,individual,9,5,0,0.6428571428571429,2,0,1,0,1,not_eligible,0,0
P21,27,300000,Karnataka,researcher,phd,general,male,0,student,researcher,EDU004,Scholarship / Disability Welfare,individual,7,7,0,0.5,6,0,1,0,1,not_eligible,0,0
P21,27,300000,Karnataka,researcher,phd,general,male,0,student,researcher,EDU005,Scholarship / Social Justice,individual,8,6,0,0.5714285714285714,6,0,1,0,1,not_eligible,0,0
P21,27,300000,Karnataka,researcher,phd,general,male,0,student,researcher,EDU006,Scholarship / Women Education,individual,10,4,1,0.6666666666666666,5,1,1,1,1,not_eligible,0,0
P21,27,300000,Karnataka,researcher,phd,general,male,0,student,researcher,RES002,Higher Education / Research Fellowship,individual,9,5,0,0.6428571428571429,6,1,1,0,1,not_eligible,0,0
P21,27,300000,Karnataka,researcher,phd,general,male,0,student,researcher,SKI001,Skill Development / Minority Affairs,individual,10,4,0,0.7142857142857143,4,0,1,0,1,not_eligible,0,0
P21,27,300000,Karnataka,researcher,phd,general,male,0,student,researcher,WOM002,Women & Child Development / Justice,individual,13,1,0,0.9285714285714286,2,0,1,0,1,not_eligible,0,0
P21,27,300000,Karnataka,researcher,phd,general,male,0,student,researcher,EDU007,Scholarship / Education,individual,9,5,0,0.6428571428571429,6,0,1,0,1,not_eligible,0,0
P21,27,300000,Karnataka,researcher,phd,general,male,0,student,researcher,RES003,Science & Technology / Research Fellowship,individual,12,2,0,0.8571428571428571,5,1,1,0,1,not_eligible,0,0
P21,27,300000,Karnataka,researcher,phd,general,male,0,student,researcher,EDU008,Higher Education / Electronics & IT Research,individual,10,4,0,0.7142857142857143,4,1,1,0,1,not_eligible,0,0
P21,27,300000,Karnataka,researcher,phd,general,male,0,student,researcher,RES004,Science & Technology / Engineering Fellowship,individual,11,3,0,0.7857142857142857,4,1,1,0,1,not_eligible,0,0
P21,27,300000,Karnataka,researcher,phd,general,male,0,student,researcher,CUL002,Culture / Arts & Performing Arts,individual,10,4,0,0.7142857142857143,5,1,1,0,1,not_eligible,0,0
P21,27,300000,Karnataka,researcher,phd,general,male,0,student,researcher,CUL003,Culture / State Recognition,individual,11,3,0,0.7857142857142857,5,1,1,0,1,not_eligible,0,0
P21,27,300000,Karnataka,researcher,phd,general,male,0,student,researcher,CUL004,Culture / Infrastructure Support,individual,11,3,0,0.7857142857142857,5,1,1,0,1,not_eligible,0,0
P22,30,350000,Delhi,researcher,phd,general,female,0,student,researcher,MED001,Health / Social Welfare,individual,10,4,0,0.7142857142857143,9,1,1,0,1,not_eligible,0,0
P22,30,350000,Delhi,researcher,phd,general,female,0,student,researcher,CUL001,Culture / Pension,individual,10,4,0,0.7142857142857143,8,1,1,0,1,not_eligible,0,0
P22,30,350000,Delhi,researcher,phd,general,female,0,student,researcher,SOC001,Social Security / Pension,individual,10,4,0,0.7142857142857143,6,0,1,0,1,not_eligible,0,0
P22,30,350000,Delhi,researcher,phd,general,female,0,student,researcher,HOU001,Housing / LGBTQ+ Welfare,individual,11,3,0,0.7857142857142857,3,1,1,0,1,not_eligible,0,0
P22,30,350000,Delhi,researcher,phd,general,female,0,student,researcher,EXT001,External Affairs / Overseas Welfare,individual,12,2,0,0.8571428571428571,4,1,1,0,1,not_eligible,0,0
P22,30,350000,Delhi,researcher,phd,general,female,0,student,researcher,RUR001,Rural Infrastructure / Energy,community,11,3,0,0.7857142857142857,3,1,1,0,0,not_eligible,0,0
P22,30,350000,Delhi,researcher,phd,general,female,0,student,researcher,EDU001,Education / Disability,institution,9,5,0,0.6428571428571429,6,1,1,0,0,not_eligible,0,0
P22,30,350000,Delhi,researcher,phd,general,female,0,student,researcher,EDU002,Scholarship / Education,individual,9,5,0,0.6428571428571429,7,0,1,0,1,not_eligible,0,0
P22,30,350000,Delhi,researcher,phd,general,female,0,student,researcher,RES001,Research & Development,institution,11,3,0,0.7857142857142857,5,1,1,0,0,not_eligible,0,0
P22,30,350000,Delhi,researcher,phd,general,female,0,student,researcher,FIN001,Financial Inclusion / Insurance,individual,13,1,0,0.9285714285714286,4,0,1,0,1,not_eligible,0,0
P22,30,350000,Delhi,researcher,phd,general,female,0,student,researcher,AGR001,Fisheries / Social Security,individual,11,3,0,0.7857142857142857,8,1,1,0,1,not_eligible,0,0
P22,30,350000,Delhi,researcher,phd,general,female,0,student,researcher,MED002,Health / Financial Assistance,individual,12,2,0,0.8571428571428571,5,1,1,0,1,not_eligible,0,0
P22,30,350000,Delhi,researcher,phd,general,female,0,student,researcher,SOC002,Social Security / Healthcare,individual,10,4,0,0.7142857142857143,6,1,1,0,1,not_eligible,0,0
P22,30,350000,Delhi,researcher,phd,general,female,0,student,researcher,EMP001,Entrepreneurship / Minority Welfare,individual,8,6,0,0.5714285714285714,6,0,1,0,1,not_eligible,0,0
P22,30,350000,Delhi,researcher,phd,general,female,0,student,researcher,SKL001,Skill Development / Agriculture,organization,11,3,0,0.7857142857142857,4,0,1,0,0,not_eligible,0,0
P22,30,350000,Delhi,researcher,phd,general,female,0,student,researcher,AGR002,Agriculture / Export Promotion,organization,12,2,0,0.8571428571428571,4,1,1,0,0,not_eligible,0,0
P22,30,350000,Delhi,researcher,phd,general,female,0,student,researcher,AGR003,Agriculture / Farm Mechanization,individual,12,2,1,0.8,5,0,1,1,1,not_eligible,0,0
P22,30,350000,Delhi,researcher,phd,general,female,0,student,researcher,RUR002,Rural Development / Land Ownership,individual,13,1,0,0.9285714285714286,3,1,1,0,1,not_eligible,0,0
P22,30,350000,Delhi,researcher,phd,general,female,0,student,researcher,DIS001,Disability Welfare / Transport Aid,individual,8,6,0,0.5714285714285714,7,0,1,0,1,not_eligible,0,0
P22,30,350000,Delhi,researcher,phd,general,female,0,student,researcher,SKL002,Skill Development / Entrepreneurship,individual,9,5,0,0.6428571428571429,5,1,1,0,1,not_eligible,0,0
P22,30,350000,Delhi,researcher,phd,general,female,0,student,researcher,SOC003,Minority Welfare / Financial Assistance,individual,9,5,0,0.6428571428571429,6,0,1,0,1,not_eligible,0,0
P22,30,350000,Delhi,researcher,phd,general,female,0,student,researcher,MIN001,Minority Welfare / Skill & Livelihood,individual,11,3,0,0.7857142857142857,4,0,1,0,1,not_eligible,0,0
P22,30,350000,Delhi,researcher,phd,general,female,0,student,researcher,COM001,Commerce & Industry / Recognition,individual,12,2,0,0.8571428571428571,3,1,1,0,1,not_eligible,0,0
P22,30,350000,Delhi,researcher,phd,general,female,0,student,researcher,SCI001,Science & Technology / Innovation,individual,13,1,0,0.9285714285714286,5,1,1,0,1,not_eligible,0,0
P22,30,350000,Delhi,researcher,phd,general,female,0,student,researcher,FIN002,Financial Inclusion / Entrepreneurship,individual,12,2,0,0.8571428571428571,6,1,1,0,1,not_eligible,0,0
P22,30,350000,Delhi,researcher,phd,general,female,0,student,researcher,MED003,Health / Financial Assistance,individual,11,3,0,0.7857142857142857,5,1,1,0,1,not_eligible,0,0
P22,30,350000,Delhi,researcher,phd,general,female,0,student,researcher,MED004,Healthcare / Financial Assistance,individual,12,2,0,0.8571428571428571,5,1,1,0,1,not_eligible,0,0
P22,30,350000,Delhi,researcher,phd,general,female,0,student,researcher,MED005,Healthcare / Insurance,individual,12,2,0,0.8571428571428571,4,0,1,0,1,not_eligible,0,0
P22,30,350000,Delhi,researcher,phd,general,female,0,student,researcher,WOM001,Women & Child Development / Nutrition,individual,11,3,0,0.7857142857142857,3,0,1,0,1,not_eligible,0,0
P22,30,350000,Delhi,researcher,phd,general,female,0,student,researcher,HEA001,Healthcare / Pharmaceuticals,individual,12,2,0,0.8571428571428571,5,0,1,0,1,not_eligible,0,0
P22,30,350000,Delhi,researcher,phd,general,female,0,student,researcher,EDU003,Education / Nutrition,individual,9,5,0,0.6428571428571429,2,0,1,0,1,not_eligible,0,0
P22,30,350000,Delhi,researcher,phd,general,female,0,student,researcher,EDU004,Scholarship / Disability Welfare,individual,7,7,0,0.5,6,0,1,0,1,not_eligible,0,0
P22,30,350000,Delhi,researcher,phd,general,female,0,student,researcher,EDU005,Scholarship / Social Justice,individual,8,6,0,0.5714285714285714,6,0,1,0,1,not_eligible,0,0
P22,30,350000,Delhi,researcher,phd,general,female,0,student,researcher,EDU006,Scholarship / Women Education,individual,10,4,1,0.6666666666666666,5,1,1,1,1,not_eligible,0,0
P22,30,350000,Delhi,researcher,phd,general,female,0,student,researcher,RES002,Higher Education / Research Fellowship,individual,9,5,0,0.6428571428571429,6,1,1,0,1,not_eligible,0,0
P22,30,350000,Delhi,researcher,phd,general,female,0,student,researcher,SKI001,Skill Development / Minority Affairs,individual,10,4,0,0.7142857142857143,4,0,1,0,1,not_eligible,0,0
P22,30,350000,Delhi,researcher,phd,general,female,0,student,researcher,WOM002,Women & Child Development / Justice,individual,13,1,0,0.9285714285714286,2,0,1,0,1,not_eligible,0,0
P22,30,350000,Delhi,researcher,phd,general,female,0,student,researcher,EDU007,Scholarship / Education,individual,9,5,0,0.6428571428571429,6,0,1,0,1,not_eligible,0,0
P22,30,350000,Delhi,researcher,phd,general,female,0,student,researcher,RES003,Science & Technology / Research Fellowship,individual,12,2,0,0.8571428571428571,5,1,1,0,1,not_eligible,0,0
P22,30,350000,Delhi,researcher,phd,general,female,0,student,researcher,EDU008,Higher Education / Electronics & IT Research,individual,10,4,0,0.7142857142857143,4,1,1,0,1,not_eligible,0,0
P22,30,350000,Delhi,researcher,phd,general,female,0,student,researcher,RES004,Science & Technology / Engineering Fellowship,individual,11,3,0,0.7857142857142857,4,1,1,0,1,not_eligible,0,0
P22,30,350000,Delhi,researcher,phd,general,female,0,student,researcher,CUL002,Culture / Arts & Performing Arts,individual,10,4,0,0.7142857142857143,5,1,1,0,1,not_eligible,0,0
P22,30,350000,Delhi,researcher,phd,general,female,0,student,researcher,CUL003,Culture / State Recognition,individual,11,3,0,0.7857142857142857,5,1,1,0,1,not_eligible,0,0
P22,30,350000,Delhi,researcher,phd,general,female,0,student,researcher,CUL004,Culture / Infrastructure Support,individual,11,3,0,0.7857142857142857,5,1,1,0,1,not_eligible,0,0
P23,40,70000,Rajasthan,worker,secondary,general,male,0,employed,medical_assistance_seeker,MED001,Health / Social Welfare,individual,12,2,0,0.8571428571428571,9,1,1,0,1,not_eligible,0,0
P23,40,70000,Rajasthan,worker,secondary,general,male,0,employed,medical_assistance_seeker,CUL001,Culture / Pension,individual,10,4,0,0.7142857142857143,8,1,1,0,1,not_eligible,0,0
P23,40,70000,Rajasthan,worker,secondary,general,male,0,employed,medical_assistance_seeker,SOC001,Social Security / Pension,individual,10,4,0,0.7142857142857143,6,0,1,0,1,not_eligible,0,0
P23,40,70000,Rajasthan,worker,secondary,general,male,0,employed,medical_assistance_seeker,HOU001,Housing / LGBTQ+ Welfare,individual,12,2,0,0.8571428571428571,3,1,1,0,1,not_eligible,0,0
P23,40,70000,Rajasthan,worker,secondary,general,male,0,employed,medical_assistance_seeker,EXT001,External Affairs / Overseas Welfare,individual,13,1,0,0.9285714285714286,4,1,1,0,1,not_eligible,0,0
P23,40,70000,Rajasthan,worker,secondary,general,male,0,employed,medical_assistance_seeker,RUR001,Rural Infrastructure / Energy,community,11,3,0,0.7857142857142857,3,1,1,0,0,not_eligible,0,0
P23,40,70000,Rajasthan,worker,secondary,general,male,0,employed,medical_assistance_seeker,EDU001,Education / Disability,institution,10,3,1,0.7142857142857143,6,1,1,1,0,not_eligible,0,0
P23,40,70000,Rajasthan,worker,secondary,general,male,0,employed,medical_assistance_seeker,EDU002,Scholarship / Education,individual,9,5,0,0.6428571428571429,7,0,1,0,1,not_eligible,0,0
P23,40,70000,Rajasthan,worker,secondary,general,male,0,employed,medical_assistance_seeker,RES001,Research & Development,institution,10,3,1,0.7142857142857143,5,1,1,1,0,not_eligible,0,0
P23,40,70000,Rajasthan,worker,secondary,general,male,0,employed,medical_assistance_seeker,FIN001,Financial Inclusion / Insurance,individual,13,1,0,0.9285714285714286,4,0,1,0,1,not_eligible,0,0
P23,40,70000,Rajasthan,worker,secondary,general,male,0,employed,medical_assistance_seeker,AGR001,Fisheries / Social Security,individual,11,3,0,0.7857142857142857,8,1,1,0,1,not_eligible,0,0
P23,40,70000,Rajasthan,worker,secondary,general,male,0,employed,medical_assistance_seeker,MED002,Health / Financial Assistance,individual,12,2,0,0.8571428571428571,5,1,1,0,1,not_eligible,0,0
P23,40,70000,Rajasthan,worker,secondary,general,male,0,employed,medical_assistance_seeker,SOC002,Social Security / Healthcare,individual,10,4,0,0.7142857142857143,6,1,1,0,1,not_eligible,0,0
P23,40,70000,Rajasthan,worker,secondary,general,male,0,employed,medical_assistance_seeker,EMP001,Entrepreneurship / Minority Welfare,individual,9,5,0,0.6428571428571429,6,0,1,0,1,not_eligible,0,0
P23,40,70000,Rajasthan,worker,secondary,general,male,0,employed,medical_assistance_seeker,SKL001,Skill Development / Agriculture,organization,11,3,0,0.7857142857142857,4,0,1,0,0,not_eligible,0,0
P23,40,70000,Rajasthan,worker,secondary,general,male,0,employed,medical_assistance_seeker,AGR002,Agriculture / Export Promotion,organization,12,2,0,0.8571428571428571,4,1,1,0,0,not_eligible,0,0
P23,40,70000,Rajasthan,worker,secondary,general,male,0,employed,medical_assistance_seeker,AGR003,Agriculture / Farm Mechanization,individual,12,2,1,0.8,5,0,1,1,1,not_eligible,0,0
P23,40,70000,Rajasthan,worker,secondary,general,male,0,employed,medical_assistance_seeker,RUR002,Rural Development / Land Ownership,individual,13,1,0,0.9285714285714286,3,1,1,0,1,not_eligible,0,0
P23,40,70000,Rajasthan,worker,secondary,general,male,0,employed,medical_assistance_seeker,DIS001,Disability Welfare / Transport Aid,individual,9,5,0,0.6428571428571429,7,0,1,0,1,not_eligible,0,0
P23,40,70000,Rajasthan,worker,secondary,general,male,0,employed,medical_assistance_seeker,SKL002,Skill Development / Entrepreneurship,individual,10,4,0,0.7142857142857143,5,1,1,0,1,not_eligible,0,0
P23,40,70000,Rajasthan,worker,secondary,general,male,0,employed,medical_assistance_seeker,SOC003,Minority Welfare / Financial Assistance,individual,10,4,0,0.7142857142857143,6,0,1,0,1,not_eligible,0,0
P23,40,70000,Rajasthan,worker,secondary,general,male,0,employed,medical_assistance_seeker,MIN001,Minority Welfare / Skill & Livelihood,individual,11,3,0,0.7857142857142857,4,0,1,0,1,not_eligible,0,0
P23,40,70000,Rajasthan,worker,secondary,general,male,0,employed,medical_assistance_seeker,COM001,Commerce & Industry / Recognition,individual,12,2,0,0.8571428571428571,3,1,1,0,1,not_eligible,0,0
P23,40,70000,Rajasthan,worker,secondary,general,male,0,employed,medical_assistance_seeker,SCI001,Science & Technology / Innovation,individual,12,2,0,0.8571428571428571,5,1,1,0,1,not_eligible,0,0
P23,40,70000,Rajasthan,worker,secondary,general,male,0,employed,medical_assistance_seeker,FIN002,Financial Inclusion / Entrepreneurship,individual,12,2,0,0.8571428571428571,6,1,1,0,1,not_eligible,0,0
P23,40,70000,Rajasthan,worker,secondary,general,male,0,employed,medical_assistance_seeker,MED003,Health / Financial Assistance,individual,13,1,0,0.9285714285714286,5,1,1,0,1,not_eligible,0,0
P23,40,70000,Rajasthan,worker,secondary,general,male,0,employed,medical_assistance_seeker,MED004,Healthcare / Financial Assistance,individual,12,2,0,0.8571428571428571,5,1,1,0,1,not_eligible,0,0
P23,40,70000,Rajasthan,worker,secondary,general,male,0,employed,medical_assistance_seeker,MED005,Healthcare / Insurance,individual,12,2,0,0.8571428571428571,4,0,1,0,1,not_eligible,0,0
P23,40,70000,Rajasthan,worker,secondary,general,male,0,employed,medical_assistance_seeker,WOM001,Women & Child Development / Nutrition,individual,11,3,0,0.7857142857142857,3,0,1,0,1,not_eligible,0,0
P23,40,70000,Rajasthan,worker,secondary,general,male,0,employed,medical_assistance_seeker,HEA001,Healthcare / Pharmaceuticals,individual,12,2,0,0.8571428571428571,5,0,1,0,1,not_eligible,0,0
P23,40,70000,Rajasthan,worker,secondary,general,male,0,employed,medical_assistance_seeker,EDU003,Education / Nutrition,individual,9,4,1,0.6428571428571429,2,0,1,1,1,not_eligible,0,0
P23,40,70000,Rajasthan,worker,secondary,general,male,0,employed,medical_assistance_seeker,EDU004,Scholarship / Disability Welfare,individual,8,5,1,0.5714285714285714,6,0,1,1,1,not_eligible,0,0
P23,40,70000,Rajasthan,worker,secondary,general,male,0,employed,medical_assistance_seeker,EDU005,Scholarship / Social Justice,individual,8,5,1,0.5714285714285714,6,0,1,1,1,not_eligible,0,0
P23,40,70000,Rajasthan,worker,secondary,general,male,0,employed,medical_assistance_seeker,EDU006,Scholarship / Women Education,individual,7,5,3,0.4666666666666667,5,1,1,1,1,not_eligible,0,0
P23,40,70000,Rajasthan,worker,secondary,general,male,0,employed,medical_assistance_seeker,RES002,Higher Education / Research Fellowship,individual,8,4,2,0.5714285714285714,6,1,1,1,1,not_eligible,0,0
P23,40,70000,Rajasthan,worker,secondary,general,male,0,employed,medical_assistance_seeker,SKI001,Skill Development / Minority Affairs,individual,10,4,0,0.7142857142857143,4,0,1,0,1,not_eligible,0,0
P23,40,70000,Rajasthan,worker,secondary,general,male,0,employed,medical_assistance_seeker,WOM002,Women & Child Development / Justice,individual,13,1,0,0.9285714285714286,2,0,1,0,1,not_eligible,0,0
P23,40,70000,Rajasthan,worker,secondary,general,male,0,employed,medical_assistance_seeker,EDU007,Scholarship / Education,individual,8,5,1,0.5714285714285714,6,0,1,1,1,not_eligible,0,0
P23,40,70000,Rajasthan,worker,secondary,general,male,0,employed,medical_assistance_seeker,RES003,Science & Technology / Research Fellowship,individual,8,5,1,0.5714285714285714,5,1,1,1,1,not_eligible,0,0
P23,40,70000,Rajasthan,worker,secondary,general,male,0,employed,medical_assistance_seeker,EDU008,Higher Education / Electronics & IT Research,individual,9,3,2,0.6428571428571429,4,1,1,1,1,not_eligible,0,0
P23,40,70000,Rajasthan,worker,secondary,general,male,0,employed,medical_assistance_seeker,RES004,Science & Technology / Engineering Fellowship,individual,10,3,1,0.7142857142857143,4,1,1,1,1,not_eligible,0,0
P23,40,70000,Rajasthan,worker,secondary,general,male,0,employed,medical_assistance_seeker,CUL002,Culture / Arts & Performing Arts,individual,10,4,0,0.7142857142857143,5,1,1,0,1,not_eligible,0,0
P23,40,70000,Rajasthan,worker,secondary,general,male,0,employed,medical_assistance_seeker,CUL003,Culture / State Recognition,individual,11,3,0,0.7857142857142857,5,1,1,0,1,not_eligible,0,0
P23,40,70000,Rajasthan,worker,secondary,general,male,0,employed,medical_assistance_seeker,CUL004,Culture / Infrastructure Support,individual,11,2,1,0.7857142857142857,5,1,1,1,1,not_eligible,0,0
P24,18,80000,Delhi,student,undergraduate,general,female,0,student,rare_disease_patient,MED001,Health / Social Welfare,individual,10,4,0,0.7142857142857143,9,1,1,0,1,not_eligible,0,0
P24,18,80000,Delhi,student,undergraduate,general,female,0,student,rare_disease_patient,CUL001,Culture / Pension,individual,10,4,0,0.7142857142857143,8,1,1,0,1,not_eligible,0,0
P24,18,80000,Delhi,student,undergraduate,general,female,0,student,rare_disease_patient,SOC001,Social Security / Pension,individual,10,4,0,0.7142857142857143,6,0,1,0,1,not_eligible,0,0
P24,18,80000,Delhi,student,undergraduate,general,female,0,student,rare_disease_patient,HOU001,Housing / LGBTQ+ Welfare,individual,11,3,0,0.7857142857142857,3,1,1,0,1,not_eligible,0,0
P24,18,80000,Delhi,student,undergraduate,general,female,0,student,rare_disease_patient,EXT001,External Affairs / Overseas Welfare,individual,13,1,0,0.9285714285714286,4,1,1,0,1,not_eligible,0,0
P24,18,80000,Delhi,student,undergraduate,general,female,0,student,rare_disease_patient,RUR001,Rural Infrastructure / Energy,community,11,3,0,0.7857142857142857,3,1,1,0,0,not_eligible,0,0
P24,18,80000,Delhi,student,undergraduate,general,female,0,student,rare_disease_patient,EDU001,Education / Disability,institution,10,4,0,0.7142857142857143,6,1,1,0,0,not_eligible,0,0
P24,18,80000,Delhi,student,undergraduate,general,female,0,student,rare_disease_patient,EDU002,Scholarship / Education,individual,9,5,0,0.6428571428571429,7,0,1,0,1,not_eligible,0,0
P24,18,80000,Delhi,student,undergraduate,general,female,0,student,rare_disease_patient,RES001,Research & Development,institution,10,4,0,0.7142857142857143,5,1,1,0,0,not_eligible,0,0
P24,18,80000,Delhi,student,undergraduate,general,female,0,student,rare_disease_patient,FIN001,Financial Inclusion / Insurance,individual,13,1,0,0.9285714285714286,4,0,1,0,1,not_eligible,0,0
P24,18,80000,Delhi,student,undergraduate,general,female,0,student,rare_disease_patient,AGR001,Fisheries / Social Security,individual,11,3,0,0.7857142857142857,8,1,1,0,1,not_eligible,0,0
P24,18,80000,Delhi,student,undergraduate,general,female,0,student,rare_disease_patient,MED002,Health / Financial Assistance,individual,13,1,0,0.9285714285714286,5,1,1,0,1,not_eligible,0,0
P24,18,80000,Delhi,student,undergraduate,general,female,0,student,rare_disease_patient,SOC002,Social Security / Healthcare,individual,10,4,0,0.7142857142857143,6,1,1,0,1,not_eligible,0,0
P24,18,80000,Delhi,student,undergraduate,general,female,0,student,rare_disease_patient,EMP001,Entrepreneurship / Minority Welfare,individual,8,6,0,0.5714285714285714,6,0,1,0,1,not_eligible,0,0
P24,18,80000,Delhi,student,undergraduate,general,female,0,student,rare_disease_patient,SKL001,Skill Development / Agriculture,organization,11,3,0,0.7857142857142857,4,0,1,0,0,not_eligible,0,0
P24,18,80000,Delhi,student,undergraduate,general,female,0,student,rare_disease_patient,AGR002,Agriculture / Export Promotion,organization,12,2,0,0.8571428571428571,4,1,1,0,0,not_eligible,0,0
P24,18,80000,Delhi,student,undergraduate,general,female,0,student,rare_disease_patient,AGR003,Agriculture / Farm Mechanization,individual,12,2,1,0.8,5,0,1,1,1,not_eligible,0,0
P24,18,80000,Delhi,student,undergraduate,general,female,0,student,rare_disease_patient,RUR002,Rural Development / Land Ownership,individual,13,1,0,0.9285714285714286,3,1,1,0,1,not_eligible,0,0
P24,18,80000,Delhi,student,undergraduate,general,female,0,student,rare_disease_patient,DIS001,Disability Welfare / Transport Aid,individual,8,6,0,0.5714285714285714,7,0,1,0,1,not_eligible,0,0
P24,18,80000,Delhi,student,undergraduate,general,female,0,student,rare_disease_patient,SKL002,Skill Development / Entrepreneurship,individual,9,5,0,0.6428571428571429,5,1,1,0,1,not_eligible,0,0
P24,18,80000,Delhi,student,undergraduate,general,female,0,student,rare_disease_patient,SOC003,Minority Welfare / Financial Assistance,individual,9,5,0,0.6428571428571429,6,0,1,0,1,not_eligible,0,0
P24,18,80000,Delhi,student,undergraduate,general,female,0,student,rare_disease_patient,MIN001,Minority Welfare / Skill & Livelihood,individual,11,3,0,0.7857142857142857,4,0,1,0,1,not_eligible,0,0
P24,18,80000,Delhi,student,undergraduate,general,female,0,student,rare_disease_patient,COM001,Commerce & Industry / Recognition,individual,12,2,0,0.8571428571428571,3,1,1,0,1,not_eligible,0,0
P24,18,80000,Delhi,student,undergraduate,general,female,0,student,rare_disease_patient,SCI001,Science & Technology / Innovation,individual,12,2,0,0.8571428571428571,5,1,1,0,1,not_eligible,0,0
P24,18,80000,Delhi,student,undergraduate,general,female,0,student,rare_disease_patient,FIN002,Financial Inclusion / Entrepreneurship,individual,12,2,0,0.8571428571428571,6,1,1,0,1,not_eligible,0,0
P24,18,80000,Delhi,student,undergraduate,general,female,0,student,rare_disease_patient,MED003,Health / Financial Assistance,individual,13,1,0,0.9285714285714286,5,1,1,0,1,not_eligible,0,0
P24,18,80000,Delhi,student,undergraduate,general,female,0,student,rare_disease_patient,MED004,Healthcare / Financial Assistance,individual,14,0,0,1.0,5,1,0,0,1,eligible,2,1
P24,18,80000,Delhi,student,undergraduate,general,female,0,student,rare_disease_patient,MED005,Healthcare / Insurance,individual,12,2,0,0.8571428571428571,4,0,1,0,1,not_eligible,0,0
P24,18,80000,Delhi,student,undergraduate,general,female,0,student,rare_disease_patient,WOM001,Women & Child Development / Nutrition,individual,11,3,0,0.7857142857142857,3,0,1,0,1,not_eligible,0,0
P24,18,80000,Delhi,student,undergraduate,general,female,0,student,rare_disease_patient,HEA001,Healthcare / Pharmaceuticals,individual,13,1,0,0.9285714285714286,5,0,1,0,1,not_eligible,0,0
P24,18,80000,Delhi,student,undergraduate,general,female,0,student,rare_disease_patient,EDU003,Education / Nutrition,individual,10,4,0,0.7142857142857143,2,0,1,0,1,not_eligible,0,0
P24,18,80000,Delhi,student,undergraduate,general,female,0,student,rare_disease_patient,EDU004,Scholarship / Disability Welfare,individual,10,4,0,0.7142857142857143,6,0,1,0,1,not_eligible,0,0
P24,18,80000,Delhi,student,undergraduate,general,female,0,student,rare_disease_patient,EDU005,Scholarship / Social Justice,individual,10,4,0,0.7142857142857143,6,0,1,0,1,not_eligible,0,0
P24,18,80000,Delhi,student,undergraduate,general,female,0,student,rare_disease_patient,EDU006,Scholarship / Women Education,individual,11,3,1,0.7333333333333333,5,1,1,1,1,not_eligible,0,0
P24,18,80000,Delhi,student,undergraduate,general,female,0,student,rare_disease_patient,RES002,Higher Education / Research Fellowship,individual,8,6,0,0.5714285714285714,6,1,1,0,1,not_eligible,0,0
P24,18,80000,Delhi,student,undergraduate,general,female,0,student,rare_disease_patient,SKI001,Skill Development / Minority Affairs,individual,10,4,0,0.7142857142857143,4,0,1,0,1,not_eligible,0,0
P24,18,80000,Delhi,student,undergraduate,general,female,0,student,rare_disease_patient,WOM002,Women & Child Development / Justice,individual,13,1,0,0.9285714285714286,2,0,1,0,1,not_eligible,0,0
P24,18,80000,Delhi,student,undergraduate,general,female,0,student,rare_disease_patient,EDU007,Scholarship / Education,individual,11,3,0,0.7857142857142857,6,0,1,0,1,not_eligible,0,0
P24,18,80000,Delhi,student,undergraduate,general,female,0,student,rare_disease_patient,RES003,Science & Technology / Research Fellowship,individual,8,6,0,0.5714285714285714,5,1,1,0,1,not_eligible,0,0
P24,18,80000,Delhi,student,undergraduate,general,female,0,student,rare_disease_patient,EDU008,Higher Education / Electronics & IT Research,individual,9,5,0,0.6428571428571429,4,1,1,0,1,not_eligible,0,0
P24,18,80000,Delhi,student,undergraduate,general,female,0,student,rare_disease_patient,RES004,Science & Technology / Engineering Fellowship,individual,9,5,0,0.6428571428571429,4,1,1,0,1,not_eligible,0,0
P24,18,80000,Delhi,student,undergraduate,general,female,0,student,rare_disease_patient,CUL002,Culture / Arts & Performing Arts,individual,11,3,0,0.7857142857142857,5,1,1,0,1,not_eligible,0,0
P24,18,80000,Delhi,student,undergraduate,general,female,0,student,rare_disease_patient,CUL003,Culture / State Recognition,individual,10,4,0,0.7142857142857143,5,1,1,0,1,not_eligible,0,0
P24,18,80000,Delhi,student,undergraduate,general,female,0,student,rare_disease_patient,CUL004,Culture / Infrastructure Support,individual,11,3,0,0.7857142857142857,5,1,1,0,1,not_eligible,0,0
P25,52,100000,Delhi,worker,secondary,general,male,0,employed,medical_assistance_seeker,MED001,Health / Social Welfare,individual,12,2,0,0.8571428571428571,9,1,1,0,1,not_eligible,0,0
P25,52,100000,Delhi,worker,secondary,general,male,0,employed,medical_assistance_seeker,CUL001,Culture / Pension,individual,10,4,0,0.7142857142857143,8,1,1,0,1,not_eligible,0,0
P25,52,100000,Delhi,worker,secondary,general,male,0,employed,medical_assistance_seeker,SOC001,Social Security / Pension,individual,10,4,0,0.7142857142857143,6,0,1,0,1,not_eligible,0,0
P25,52,100000,Delhi,worker,secondary,general,male,0,employed,medical_assistance_seeker,HOU001,Housing / LGBTQ+ Welfare,individual,12,2,0,0.8571428571428571,3,1,1,0,1,not_eligible,0,0
P25,52,100000,Delhi,worker,secondary,general,male,0,employed,medical_assistance_seeker,EXT001,External Affairs / Overseas Welfare,individual,13,1,0,0.9285714285714286,4,1,1,0,1,not_eligible,0,0
P25,52,100000,Delhi,worker,secondary,general,male,0,employed,medical_assistance_seeker,RUR001,Rural Infrastructure / Energy,community,11,3,0,0.7857142857142857,3,1,1,0,0,not_eligible,0,0
P25,52,100000,Delhi,worker,secondary,general,male,0,employed,medical_assistance_seeker,EDU001,Education / Disability,institution,10,3,1,0.7142857142857143,6,1,1,1,0,not_eligible,0,0
P25,52,100000,Delhi,worker,secondary,general,male,0,employed,medical_assistance_seeker,EDU002,Scholarship / Education,individual,9,5,0,0.6428571428571429,7,0,1,0,1,not_eligible,0,0
P25,52,100000,Delhi,worker,secondary,general,male,0,employed,medical_assistance_seeker,RES001,Research & Development,institution,9,4,1,0.6428571428571429,5,1,1,1,0,not_eligible,0,0
P25,52,100000,Delhi,worker,secondary,general,male,0,employed,medical_assistance_seeker,FIN001,Financial Inclusion / Insurance,individual,13,1,0,0.9285714285714286,4,0,1,0,1,not_eligible,0,0
P25,52,100000,Delhi,worker,secondary,general,male,0,employed,medical_assistance_seeker,AGR001,Fisheries / Social Security,individual,11,3,0,0.7857142857142857,8,1,1,0,1,not_eligible,0,0
P25,52,100000,Delhi,worker,secondary,general,male,0,employed,medical_assistance_seeker,MED002,Health / Financial Assistance,individual,12,2,0,0.8571428571428571,5,1,1,0,1,not_eligible,0,0
P25,52,100000,Delhi,worker,secondary,general,male,0,employed,medical_assistance_seeker,SOC002,Social Security / Healthcare,individual,10,4,0,0.7142857142857143,6,1,1,0,1,not_eligible,0,0
P25,52,100000,Delhi,worker,secondary,general,male,0,employed,medical_assistance_seeker,EMP001,Entrepreneurship / Minority Welfare,individual,8,6,0,0.5714285714285714,6,0,1,0,1,not_eligible,0,0
P25,52,100000,Delhi,worker,secondary,general,male,0,employed,medical_assistance_seeker,SKL001,Skill Development / Agriculture,organization,11,3,0,0.7857142857142857,4,0,1,0,0,not_eligible,0,0
P25,52,100000,Delhi,worker,secondary,general,male,0,employed,medical_assistance_seeker,AGR002,Agriculture / Export Promotion,organization,12,2,0,0.8571428571428571,4,1,1,0,0,not_eligible,0,0
P25,52,100000,Delhi,worker,secondary,general,male,0,employed,medical_assistance_seeker,AGR003,Agriculture / Farm Mechanization,individual,12,2,1,0.8,5,0,1,1,1,not_eligible,0,0
P25,52,100000,Delhi,worker,secondary,general,male,0,employed,medical_assistance_seeker,RUR002,Rural Development / Land Ownership,individual,13,1,0,0.9285714285714286,3,1,1,0,1,not_eligible,0,0
P25,52,100000,Delhi,worker,secondary,general,male,0,employed,medical_assistance_seeker,DIS001,Disability Welfare / Transport Aid,individual,8,6,0,0.5714285714285714,7,0,1,0,1,not_eligible,0,0
P25,52,100000,Delhi,worker,secondary,general,male,0,employed,medical_assistance_seeker,SKL002,Skill Development / Entrepreneurship,individual,9,5,0,0.6428571428571429,5,1,1,0,1,not_eligible,0,0
P25,52,100000,Delhi,worker,secondary,general,male,0,employed,medical_assistance_seeker,SOC003,Minority Welfare / Financial Assistance,individual,10,4,0,0.7142857142857143,6,0,1,0,1,not_eligible,0,0
P25,52,100000,Delhi,worker,secondary,general,male,0,employed,medical_assistance_seeker,MIN001,Minority Welfare / Skill & Livelihood,individual,10,4,0,0.7142857142857143,4,0,1,0,1,not_eligible,0,0
P25,52,100000,Delhi,worker,secondary,general,male,0,employed,medical_assistance_seeker,COM001,Commerce & Industry / Recognition,individual,12,2,0,0.8571428571428571,3,1,1,0,1,not_eligible,0,0
P25,52,100000,Delhi,worker,secondary,general,male,0,employed,medical_assistance_seeker,SCI001,Science & Technology / Innovation,individual,12,2,0,0.8571428571428571,5,1,1,0,1,not_eligible,0,0
P25,52,100000,Delhi,worker,secondary,general,male,0,employed,medical_assistance_seeker,FIN002,Financial Inclusion / Entrepreneurship,individual,12,2,0,0.8571428571428571,6,1,1,0,1,not_eligible,0,0
P25,52,100000,Delhi,worker,secondary,general,male,0,employed,medical_assistance_seeker,MED003,Health / Financial Assistance,individual,12,2,0,0.8571428571428571,5,1,1,0,1,not_eligible,0,0
P25,52,100000,Delhi,worker,secondary,general,male,0,employed,medical_assistance_seeker,MED004,Healthcare / Financial Assistance,individual,13,1,0,0.9285714285714286,5,1,1,0,1,not_eligible,0,0
P25,52,100000,Delhi,worker,secondary,general,male,0,employed,medical_assistance_seeker,MED005,Healthcare / Insurance,individual,12,2,0,0.8571428571428571,4,0,1,0,1,not_eligible,0,0
P25,52,100000,Delhi,worker,secondary,general,male,0,employed,medical_assistance_seeker,WOM001,Women & Child Development / Nutrition,individual,11,3,0,0.7857142857142857,3,0,1,0,1,not_eligible,0,0
P25,52,100000,Delhi,worker,secondary,general,male,0,employed,medical_assistance_seeker,HEA001,Healthcare / Pharmaceuticals,individual,12,2,0,0.8571428571428571,5,0,1,0,1,not_eligible,0,0
P25,52,100000,Delhi,worker,secondary,general,male,0,employed,medical_assistance_seeker,EDU003,Education / Nutrition,individual,9,4,1,0.6428571428571429,2,0,1,1,1,not_eligible,0,0
P25,52,100000,Delhi,worker,secondary,general,male,0,employed,medical_assistance_seeker,EDU004,Scholarship / Disability Welfare,individual,8,5,1,0.5714285714285714,6,0,1,1,1,not_eligible,0,0
P25,52,100000,Delhi,worker,secondary,general,male,0,employed,medical_assistance_seeker,EDU005,Scholarship / Social Justice,individual,8,5,1,0.5714285714285714,6,0,1,1,1,not_eligible,0,0
P25,52,100000,Delhi,worker,secondary,general,male,0,employed,medical_assistance_seeker,EDU006,Scholarship / Women Education,individual,7,5,3,0.4666666666666667,5,1,1,1,1,not_eligible,0,0
P25,52,100000,Delhi,worker,secondary,general,male,0,employed,medical_assistance_seeker,RES002,Higher Education / Research Fellowship,individual,8,4,2,0.5714285714285714,6,1,1,1,1,not_eligible,0,0
P25,52,100000,Delhi,worker,secondary,general,male,0,employed,medical_assistance_seeker,SKI001,Skill Development / Minority Affairs,individual,9,5,0,0.6428571428571429,4,0,1,0,1,not_eligible,0,0
P25,52,100000,Delhi,worker,secondary,general,male,0,employed,medical_assistance_seeker,WOM002,Women & Child Development / Justice,individual,13,1,0,0.9285714285714286,2,0,1,0,1,not_eligible,0,0
P25,52,100000,Delhi,worker,secondary,general,male,0,employed,medical_assistance_seeker,EDU007,Scholarship / Education,individual,8,5,1,0.5714285714285714,6,0,1,1,1,not_eligible,0,0
P25,52,100000,Delhi,worker,secondary,general,male,0,employed,medical_assistance_seeker,RES003,Science & Technology / Research Fellowship,individual,8,5,1,0.5714285714285714,5,1,1,1,1,not_eligible,0,0
P25,52,100000,Delhi,worker,secondary,general,male,0,employed,medical_assistance_seeker,EDU008,Higher Education / Electronics & IT Research,individual,9,3,2,0.6428571428571429,4,1,1,1,1,not_eligible,0,0
P25,52,100000,Delhi,worker,secondary,general,male,0,employed,medical_assistance_seeker,RES004,Science & Technology / Engineering Fellowship,individual,10,3,1,0.7142857142857143,4,1,1,1,1,not_eligible,0,0
P25,52,100000,Delhi,worker,secondary,general,male,0,employed,medical_assistance_seeker,CUL002,Culture / Arts & Performing Arts,individual,10,4,0,0.7142857142857143,5,1,1,0,1,not_eligible,0,0
P25,52,100000,Delhi,worker,secondary,general,male,0,employed,medical_assistance_seeker,CUL003,Culture / State Recognition,individual,10,4,0,0.7142857142857143,5,1,1,0,1,not_eligible,0,0
P25,52,100000,Delhi,worker,secondary,general,male,0,employed,medical_assistance_seeker,CUL004,Culture / Infrastructure Support,individual,11,2,1,0.7857142857142857,5,1,1,1,1,not_eligible,0,0
P26,35,180000,Nagaland,employee,graduate,general,female,0,employed,healthcare_seeker,MED001,Health / Social Welfare,individual,11,3,0,0.7857142857142857,9,1,1,0,1,not_eligible,0,0
P26,35,180000,Nagaland,employee,graduate,general,female,0,employed,healthcare_seeker,CUL001,Culture / Pension,individual,10,4,0,0.7142857142857143,8,1,1,0,1,not_eligible,0,0
P26,35,180000,Nagaland,employee,graduate,general,female,0,employed,healthcare_seeker,SOC001,Social Security / Pension,individual,10,4,0,0.7142857142857143,6,0,1,0,1,not_eligible,0,0
P26,35,180000,Nagaland,employee,graduate,general,female,0,employed,healthcare_seeker,HOU001,Housing / LGBTQ+ Welfare,individual,12,2,0,0.8571428571428571,3,1,1,0,1,not_eligible,0,0
P26,35,180000,Nagaland,employee,graduate,general,female,0,employed,healthcare_seeker,EXT001,External Affairs / Overseas Welfare,individual,12,2,0,0.8571428571428571,4,1,1,0,1,not_eligible,0,0
P26,35,180000,Nagaland,employee,graduate,general,female,0,employed,healthcare_seeker,RUR001,Rural Infrastructure / Energy,community,11,3,0,0.7857142857142857,3,1,1,0,0,not_eligible,0,0
P26,35,180000,Nagaland,employee,graduate,general,female,0,employed,healthcare_seeker,EDU001,Education / Disability,institution,9,4,1,0.6428571428571429,6,1,1,1,0,not_eligible,0,0
P26,35,180000,Nagaland,employee,graduate,general,female,0,employed,healthcare_seeker,EDU002,Scholarship / Education,individual,10,4,0,0.7142857142857143,7,0,1,0,1,not_eligible,0,0
P26,35,180000,Nagaland,employee,graduate,general,female,0,employed,healthcare_seeker,RES001,Research & Development,institution,10,3,1,0.7142857142857143,5,1,1,1,0,not_eligible,0,0
P26,35,180000,Nagaland,employee,graduate,general,female,0,employed,healthcare_seeker,FIN001,Financial Inclusion / Insurance,individual,13,1,0,0.9285714285714286,4,0,1,0,1,not_eligible,0,0
P26,35,180000,Nagaland,employee,graduate,general,female,0,employed,healthcare_seeker,AGR001,Fisheries / Social Security,individual,11,3,0,0.7857142857142857,8,1,1,0,1,not_eligible,0,0
P26,35,180000,Nagaland,employee,graduate,general,female,0,employed,healthcare_seeker,MED002,Health / Financial Assistance,individual,12,2,0,0.8571428571428571,5,1,1,0,1,not_eligible,0,0
P26,35,180000,Nagaland,employee,graduate,general,female,0,employed,healthcare_seeker,SOC002,Social Security / Healthcare,individual,10,4,0,0.7142857142857143,6,1,1,0,1,not_eligible,0,0
P26,35,180000,Nagaland,employee,graduate,general,female,0,employed,healthcare_seeker,EMP001,Entrepreneurship / Minority Welfare,individual,9,5,0,0.6428571428571429,6,0,1,0,1,not_eligible,0,0
P26,35,180000,Nagaland,employee,graduate,general,female,0,employed,healthcare_seeker,SKL001,Skill Development / Agriculture,organization,11,3,0,0.7857142857142857,4,0,1,0,0,not_eligible,0,0
P26,35,180000,Nagaland,employee,graduate,general,female,0,employed,healthcare_seeker,AGR002,Agriculture / Export Promotion,organization,12,2,0,0.8571428571428571,4,1,1,0,0,not_eligible,0,0
P26,35,180000,Nagaland,employee,graduate,general,female,0,employed,healthcare_seeker,AGR003,Agriculture / Farm Mechanization,individual,12,2,1,0.8,5,0,1,1,1,not_eligible,0,0
P26,35,180000,Nagaland,employee,graduate,general,female,0,employed,healthcare_seeker,RUR002,Rural Development / Land Ownership,individual,13,1,0,0.9285714285714286,3,1,1,0,1,not_eligible,0,0
P26,35,180000,Nagaland,employee,graduate,general,female,0,employed,healthcare_seeker,DIS001,Disability Welfare / Transport Aid,individual,8,6,0,0.5714285714285714,7,0,1,0,1,not_eligible,0,0
P26,35,180000,Nagaland,employee,graduate,general,female,0,employed,healthcare_seeker,SKL002,Skill Development / Entrepreneurship,individual,10,4,0,0.7142857142857143,5,1,1,0,1,not_eligible,0,0
P26,35,180000,Nagaland,employee,graduate,general,female,0,employed,healthcare_seeker,SOC003,Minority Welfare / Financial Assistance,individual,10,4,0,0.7142857142857143,6,0,1,0,1,not_eligible,0,0
P26,35,180000,Nagaland,employee,graduate,general,female,0,employed,healthcare_seeker,MIN001,Minority Welfare / Skill & Livelihood,individual,11,3,0,0.7857142857142857,4,0,1,0,1,not_eligible,0,0
P26,35,180000,Nagaland,employee,graduate,general,female,0,employed,healthcare_seeker,COM001,Commerce & Industry / Recognition,individual,12,2,0,0.8571428571428571,3,1,1,0,1,not_eligible,0,0
P26,35,180000,Nagaland,employee,graduate,general,female,0,employed,healthcare_seeker,SCI001,Science & Technology / Innovation,individual,12,2,0,0.8571428571428571,5,1,1,0,1,not_eligible,0,0
P26,35,180000,Nagaland,employee,graduate,general,female,0,employed,healthcare_seeker,FIN002,Financial Inclusion / Entrepreneurship,individual,12,2,0,0.8571428571428571,6,1,1,0,1,not_eligible,0,0
P26,35,180000,Nagaland,employee,graduate,general,female,0,employed,healthcare_seeker,MED003,Health / Financial Assistance,individual,12,2,0,0.8571428571428571,5,1,1,0,1,not_eligible,0,0
P26,35,180000,Nagaland,employee,graduate,general,female,0,employed,healthcare_seeker,MED004,Healthcare / Financial Assistance,individual,12,2,0,0.8571428571428571,5,1,1,0,1,not_eligible,0,0
P26,35,180000,Nagaland,employee,graduate,general,female,0,employed,healthcare_seeker,MED005,Healthcare / Insurance,individual,13,1,0,0.9285714285714286,4,0,1,0,1,not_eligible,0,0
P26,35,180000,Nagaland,employee,graduate,general,female,0,employed,healthcare_seeker,WOM001,Women & Child Development / Nutrition,individual,11,3,0,0.7857142857142857,3,0,1,0,1,not_eligible,0,0
P26,35,180000,Nagaland,employee,graduate,general,female,0,employed,healthcare_seeker,HEA001,Healthcare / Pharmaceuticals,individual,12,2,0,0.8571428571428571,5,0,1,0,1,not_eligible,0,0
P26,35,180000,Nagaland,employee,graduate,general,female,0,employed,healthcare_seeker,EDU003,Education / Nutrition,individual,9,4,1,0.6428571428571429,2,0,1,1,1,not_eligible,0,0
P26,35,180000,Nagaland,employee,graduate,general,female,0,employed,healthcare_seeker,EDU004,Scholarship / Disability Welfare,individual,9,4,1,0.6428571428571429,6,0,1,1,1,not_eligible,0,0
P26,35,180000,Nagaland,employee,graduate,general,female,0,employed,healthcare_seeker,EDU005,Scholarship / Social Justice,individual,8,5,1,0.5714285714285714,6,0,1,1,1,not_eligible,0,0
P26,35,180000,Nagaland,employee,graduate,general,female,0,employed,healthcare_seeker,EDU006,Scholarship / Women Education,individual,8,4,3,0.5333333333333333,5,1,1,1,1,not_eligible,0,0
P26,35,180000,Nagaland,employee,graduate,general,female,0,employed,healthcare_seeker,RES002,Higher Education / Research Fellowship,individual,10,2,2,0.7142857142857143,6,1,1,1,1,not_eligible,0,0
P26,35,180000,Nagaland,employee,graduate,general,female,0,employed,healthcare_seeker,SKI001,Skill Development / Minority Affairs,individual,10,4,0,0.7142857142857143,4,0,1,0,1,not_eligible,0,0
P26,35,180000,Nagaland,employee,graduate,general,female,0,employed,healthcare_seeker,WOM002,Women & Child Development / Justice,individual,13,1,0,0.9285714285714286,2,0,1,0,1,not_eligible,0,0
P26,35,180000,Nagaland,employee,graduate,general,female,0,employed,healthcare_seeker,EDU007,Scholarship / Education,individual,8,5,1,0.5714285714285714,6,0,1,1,1,not_eligible,0,0
P26,35,180000,Nagaland,employee,graduate,general,female,0,employed,healthcare_seeker,RES003,Science & Technology / Research Fellowship,individual,8,5,1,0.5714285714285714,5,1,1,1,1,not_eligible,0,0
P26,35,180000,Nagaland,employee,graduate,general,female,0,employed,healthcare_seeker,EDU008,Higher Education / Electronics & IT Research,individual,10,2,2,0.7142857142857143,4,1,1,1,1,not_eligible,0,0
P26,35,180000,Nagaland,employee,graduate,general,female,0,employed,healthcare_seeker,RES004,Science & Technology / Engineering Fellowship,individual,10,3,1,0.7142857142857143,4,1,1,1,1,not_eligible,0,0
P26,35,180000,Nagaland,employee,graduate,general,female,0,employed,healthcare_seeker,CUL002,Culture / Arts & Performing Arts,individual,10,4,0,0.7142857142857143,5,1,1,0,1,not_eligible,0,0
P26,35,180000,Nagaland,employee,graduate,general,female,0,employed,healthcare_seeker,CUL003,Culture / State Recognition,individual,11,3,0,0.7857142857142857,5,1,1,0,1,not_eligible,0,0
P26,35,180000,Nagaland,employee,graduate,general,female,0,employed,healthcare_seeker,CUL004,Culture / Infrastructure Support,individual,11,2,1,0.7857142857142857,5,1,1,1,1,not_eligible,0,0
P27,42,110000,West Bengal,transport worker,secondary,general,male,0,employed,transport_worker,MED001,Health / Social Welfare,individual,11,3,0,0.7857142857142857,9,1,1,0,1,not_eligible,0,0
P27,42,110000,West Bengal,transport worker,secondary,general,male,0,employed,transport_worker,CUL001,Culture / Pension,individual,10,4,0,0.7142857142857143,8,1,1,0,1,not_eligible,0,0
P27,42,110000,West Bengal,transport worker,secondary,general,male,0,employed,transport_worker,SOC001,Social Security / Pension,individual,10,4,0,0.7142857142857143,6,0,1,0,1,not_eligible,0,0
P27,42,110000,West Bengal,transport worker,secondary,general,male,0,employed,transport_worker,HOU001,Housing / LGBTQ+ Welfare,individual,12,2,0,0.8571428571428571,3,1,1,0,1,not_eligible,0,0
P27,42,110000,West Bengal,transport worker,secondary,general,male,0,employed,transport_worker,EXT001,External Affairs / Overseas Welfare,individual,12,2,0,0.8571428571428571,4,1,1,0,1,not_eligible,0,0
P27,42,110000,West Bengal,transport worker,secondary,general,male,0,employed,transport_worker,RUR001,Rural Infrastructure / Energy,community,11,3,0,0.7857142857142857,3,1,1,0,0,not_eligible,0,0
P27,42,110000,West Bengal,transport worker,secondary,general,male,0,employed,transport_worker,EDU001,Education / Disability,institution,10,3,1,0.7142857142857143,6,1,1,1,0,not_eligible,0,0
P27,42,110000,West Bengal,transport worker,secondary,general,male,0,employed,transport_worker,EDU002,Scholarship / Education,individual,9,5,0,0.6428571428571429,7,0,1,0,1,not_eligible,0,0
P27,42,110000,West Bengal,transport worker,secondary,general,male,0,employed,transport_worker,RES001,Research & Development,institution,10,3,1,0.7142857142857143,5,1,1,1,0,not_eligible,0,0
P27,42,110000,West Bengal,transport worker,secondary,general,male,0,employed,transport_worker,FIN001,Financial Inclusion / Insurance,individual,13,1,0,0.9285714285714286,4,0,1,0,1,not_eligible,0,0
P27,42,110000,West Bengal,transport worker,secondary,general,male,0,employed,transport_worker,AGR001,Fisheries / Social Security,individual,11,3,0,0.7857142857142857,8,1,1,0,1,not_eligible,0,0
P27,42,110000,West Bengal,transport worker,secondary,general,male,0,employed,transport_worker,MED002,Health / Financial Assistance,individual,12,2,0,0.8571428571428571,5,1,1,0,1,not_eligible,0,0
P27,42,110000,West Bengal,transport worker,secondary,general,male,0,employed,transport_worker,SOC002,Social Security / Healthcare,individual,12,2,0,0.8571428571428571,6,1,1,0,1,not_eligible,0,0
P27,42,110000,West Bengal,transport worker,secondary,general,male,0,employed,transport_worker,EMP001,Entrepreneurship / Minority Welfare,individual,9,5,0,0.6428571428571429,6,0,1,0,1,not_eligible,0,0
P27,42,110000,West Bengal,transport worker,secondary,general,male,0,employed,transport_worker,SKL001,Skill Development / Agriculture,organization,11,3,0,0.7857142857142857,4,0,1,0,0,not_eligible,0,0
P27,42,110000,West Bengal,transport worker,secondary,general,male,0,employed,transport_worker,AGR002,Agriculture / Export Promotion,organization,12,2,0,0.8571428571428571,4,1,1,0,0,not_eligible,0,0
P27,42,110000,West Bengal,transport worker,secondary,general,male,0,employed,transport_worker,AGR003,Agriculture / Farm Mechanization,individual,12,2,1,0.8,5,0,1,1,1,not_eligible,0,0
P27,42,110000,West Bengal,transport worker,secondary,general,male,0,employed,transport_worker,RUR002,Rural Development / Land Ownership,individual,13,1,0,0.9285714285714286,3,1,1,0,1,not_eligible,0,0
P27,42,110000,West Bengal,transport worker,secondary,general,male,0,employed,transport_worker,DIS001,Disability Welfare / Transport Aid,individual,8,6,0,0.5714285714285714,7,0,1,0,1,not_eligible,0,0
P27,42,110000,West Bengal,transport worker,secondary,general,male,0,employed,transport_worker,SKL002,Skill Development / Entrepreneurship,individual,9,5,0,0.6428571428571429,5,1,1,0,1,not_eligible,0,0
P27,42,110000,West Bengal,transport worker,secondary,general,male,0,employed,transport_worker,SOC003,Minority Welfare / Financial Assistance,individual,10,4,0,0.7142857142857143,6,0,1,0,1,not_eligible,0,0
P27,42,110000,West Bengal,transport worker,secondary,general,male,0,employed,transport_worker,MIN001,Minority Welfare / Skill & Livelihood,individual,11,3,0,0.7857142857142857,4,0,1,0,1,not_eligible,0,0
P27,42,110000,West Bengal,transport worker,secondary,general,male,0,employed,transport_worker,COM001,Commerce & Industry / Recognition,individual,12,2,0,0.8571428571428571,3,1,1,0,1,not_eligible,0,0
P27,42,110000,West Bengal,transport worker,secondary,general,male,0,employed,transport_worker,SCI001,Science & Technology / Innovation,individual,12,2,0,0.8571428571428571,5,1,1,0,1,not_eligible,0,0
P27,42,110000,West Bengal,transport worker,secondary,general,male,0,employed,transport_worker,FIN002,Financial Inclusion / Entrepreneurship,individual,12,2,0,0.8571428571428571,6,1,1,0,1,not_eligible,0,0
P27,42,110000,West Bengal,transport worker,secondary,general,male,0,employed,transport_worker,MED003,Health / Financial Assistance,individual,12,2,0,0.8571428571428571,5,1,1,0,1,not_eligible,0,0
P27,42,110000,West Bengal,transport worker,secondary,general,male,0,employed,transport_worker,MED004,Healthcare / Financial Assistance,individual,12,2,0,0.8571428571428571,5,1,1,0,1,not_eligible,0,0
P27,42,110000,West Bengal,transport worker,secondary,general,male,0,employed,transport_worker,MED005,Healthcare / Insurance,individual,12,2,0,0.8571428571428571,4,0,1,0,1,not_eligible,0,0
P27,42,110000,West Bengal,transport worker,secondary,general,male,0,employed,transport_worker,WOM001,Women & Child Development / Nutrition,individual,11,3,0,0.7857142857142857,3,0,1,0,1,not_eligible,0,0
P27,42,110000,West Bengal,transport worker,secondary,general,male,0,employed,transport_worker,HEA001,Healthcare / Pharmaceuticals,individual,12,2,0,0.8571428571428571,5,0,1,0,1,not_eligible,0,0
P27,42,110000,West Bengal,transport worker,secondary,general,male,0,employed,transport_worker,EDU003,Education / Nutrition,individual,9,4,1,0.6428571428571429,2,0,1,1,1,not_eligible,0,0
P27,42,110000,West Bengal,transport worker,secondary,general,male,0,employed,transport_worker,EDU004,Scholarship / Disability Welfare,individual,8,5,1,0.5714285714285714,6,0,1,1,1,not_eligible,0,0
P27,42,110000,West Bengal,transport worker,secondary,general,male,0,employed,transport_worker,EDU005,Scholarship / Social Justice,individual,8,5,1,0.5714285714285714,6,0,1,1,1,not_eligible,0,0
P27,42,110000,West Bengal,transport worker,secondary,general,male,0,employed,transport_worker,EDU006,Scholarship / Women Education,individual,7,5,3,0.4666666666666667,5,1,1,1,1,not_eligible,0,0
P27,42,110000,West Bengal,transport worker,secondary,general,male,0,employed,transport_worker,RES002,Higher Education / Research Fellowship,individual,8,4,2,0.5714285714285714,6,1,1,1,1,not_eligible,0,0
P27,42,110000,West Bengal,transport worker,secondary,general,male,0,employed,transport_worker,SKI001,Skill Development / Minority Affairs,individual,10,4,0,0.7142857142857143,4,0,1,0,1,not_eligible,0,0
P27,42,110000,West Bengal,transport worker,secondary,general,male,0,employed,transport_worker,WOM002,Women & Child Development / Justice,individual,13,1,0,0.9285714285714286,2,0,1,0,1,not_eligible,0,0
P27,42,110000,West Bengal,transport worker,secondary,general,male,0,employed,transport_worker,EDU007,Scholarship / Education,individual,8,5,1,0.5714285714285714,6,0,1,1,1,not_eligible,0,0
P27,42,110000,West Bengal,transport worker,secondary,general,male,0,employed,transport_worker,RES003,Science & Technology / Research Fellowship,individual,8,5,1,0.5714285714285714,5,1,1,1,1,not_eligible,0,0
P27,42,110000,West Bengal,transport worker,secondary,general,male,0,employed,transport_worker,EDU008,Higher Education / Electronics & IT Research,individual,9,3,2,0.6428571428571429,4,1,1,1,1,not_eligible,0,0
P27,42,110000,West Bengal,transport worker,secondary,general,male,0,employed,transport_worker,RES004,Science & Technology / Engineering Fellowship,individual,10,3,1,0.7142857142857143,4,1,1,1,1,not_eligible,0,0
P27,42,110000,West Bengal,transport worker,secondary,general,male,0,employed,transport_worker,CUL002,Culture / Arts & Performing Arts,individual,10,4,0,0.7142857142857143,5,1,1,0,1,not_eligible,0,0
P27,42,110000,West Bengal,transport worker,secondary,general,male,0,employed,transport_worker,CUL003,Culture / State Recognition,individual,10,4,0,0.7142857142857143,5,1,1,0,1,not_eligible,0,0
P27,42,110000,West Bengal,transport worker,secondary,general,male,0,employed,transport_worker,CUL004,Culture / Infrastructure Support,individual,11,2,1,0.7857142857142857,5,1,1,1,1,not_eligible,0,0
P28,39,100000,Kerala,fisherman,secondary,general,male,0,self_employed,fisherman,MED001,Health / Social Welfare,individual,11,3,0,0.7857142857142857,9,1,1,0,1,not_eligible,0,0
P28,39,100000,Kerala,fisherman,secondary,general,male,0,self_employed,fisherman,CUL001,Culture / Pension,individual,10,4,0,0.7142857142857143,8,1,1,0,1,not_eligible,0,0
P28,39,100000,Kerala,fisherman,secondary,general,male,0,self_employed,fisherman,SOC001,Social Security / Pension,individual,10,4,0,0.7142857142857143,6,0,1,0,1,not_eligible,0,0
P28,39,100000,Kerala,fisherman,secondary,general,male,0,self_employed,fisherman,HOU001,Housing / LGBTQ+ Welfare,individual,11,3,0,0.7857142857142857,3,1,1,0,1,not_eligible,0,0
P28,39,100000,Kerala,fisherman,secondary,general,male,0,self_employed,fisherman,EXT001,External Affairs / Overseas Welfare,individual,12,2,0,0.8571428571428571,4,1,1,0,1,not_eligible,0,0
P28,39,100000,Kerala,fisherman,secondary,general,male,0,self_employed,fisherman,RUR001,Rural Infrastructure / Energy,community,11,3,0,0.7857142857142857,3,1,1,0,0,not_eligible,0,0
P28,39,100000,Kerala,fisherman,secondary,general,male,0,self_employed,fisherman,EDU001,Education / Disability,institution,10,3,1,0.7142857142857143,6,1,1,1,0,not_eligible,0,0
P28,39,100000,Kerala,fisherman,secondary,general,male,0,self_employed,fisherman,EDU002,Scholarship / Education,individual,8,6,0,0.5714285714285714,7,0,1,0,1,not_eligible,0,0
P28,39,100000,Kerala,fisherman,secondary,general,male,0,self_employed,fisherman,RES001,Research & Development,institution,9,4,1,0.6428571428571429,5,1,1,1,0,not_eligible,0,0
P28,39,100000,Kerala,fisherman,secondary,general,male,0,self_employed,fisherman,FIN001,Financial Inclusion / Insurance,individual,13,1,0,0.9285714285714286,4,0,1,0,1,not_eligible,0,0
P28,39,100000,Kerala,fisherman,secondary,general,male,0,self_employed,fisherman,AGR001,Fisheries / Social Security,individual,12,2,0,0.8571428571428571,8,1,1,0,1,not_eligible,0,0
P28,39,100000,Kerala,fisherman,secondary,general,male,0,self_employed,fisherman,MED002,Health / Financial Assistance,individual,12,2,0,0.8571428571428571,5,1,1,0,1,not_eligible,0,0
P28,39,100000,Kerala,fisherman,secondary,general,male,0,self_employed,fisherman,SOC002,Social Security / Healthcare,individual,10,4,0,0.7142857142857143,6,1,1,0,1,not_eligible,0,0
P28,39,100000,Kerala,fisherman,secondary,general,male,0,self_employed,fisherman,EMP001,Entrepreneurship / Minority Welfare,individual,8,6,0,0.5714285714285714,6,0,1,0,1,not_eligible,0,0
P28,39,100000,Kerala,fisherman,secondary,general,male,0,self_employed,fisherman,SKL001,Skill Development / Agriculture,organization,11,3,0,0.7857142857142857,4,0,1,0,0,not_eligible,0,0
P28,39,100000,Kerala,fisherman,secondary,general,male,0,self_employed,fisherman,AGR002,Agriculture / Export Promotion,organization,12,2,0,0.8571428571428571,4,1,1,0,0,not_eligible,0,0
P28,39,100000,Kerala,fisherman,secondary,general,male,0,self_employed,fisherman,AGR003,Agriculture / Farm Mechanization,individual,12,2,1,0.8,5,0,1,1,1,not_eligible,0,0
P28,39,100000,Kerala,fisherman,secondary,general,male,0,self_employed,fisherman,RUR002,Rural Development / Land Ownership,individual,13,1,0,0.9285714285714286,3,1,1,0,1,not_eligible,0,0
P28,39,100000,Kerala,fisherman,secondary,general,male,0,self_employed,fisherman,DIS001,Disability Welfare / Transport Aid,individual,8,6,0,0.5714285714285714,7,0,1,0,1,not_eligible,0,0
P28,39,100000,Kerala,fisherman,secondary,general,male,0,self_employed,fisherman,SKL002,Skill Development / Entrepreneurship,individual,9,5,0,0.6428571428571429,5,1,1,0,1,not_eligible,0,0
P28,39,100000,Kerala,fisherman,secondary,general,male,0,self_employed,fisherman,SOC003,Minority Welfare / Financial Assistance,individual,10,4,0,0.7142857142857143,6,0,1,0,1,not_eligible,0,0
P28,39,100000,Kerala,fisherman,secondary,general,male,0,self_employed,fisherman,MIN001,Minority Welfare / Skill & Livelihood,individual,11,3,0,0.7857142857142857,4,0,1,0,1,not_eligible,0,0
P28,39,100000,Kerala,fisherman,secondary,general,male,0,self_employed,fisherman,COM001,Commerce & Industry / Recognition,individual,12,2,0,0.8571428571428571,3,1,1,0,1,not_eligible,0,0
P28,39,100000,Kerala,fisherman,secondary,general,male,0,self_employed,fisherman,SCI001,Science & Technology / Innovation,individual,12,2,0,0.8571428571428571,5,1,1,0,1,not_eligible,0,0
P28,39,100000,Kerala,fisherman,secondary,general,male,0,self_employed,fisherman,FIN002,Financial Inclusion / Entrepreneurship,individual,12,2,0,0.8571428571428571,6,1,1,0,1,not_eligible,0,0
P28,39,100000,Kerala,fisherman,secondary,general,male,0,self_employed,fisherman,MED003,Health / Financial Assistance,individual,12,2,0,0.8571428571428571,5,1,1,0,1,not_eligible,0,0
P28,39,100000,Kerala,fisherman,secondary,general,male,0,self_employed,fisherman,MED004,Healthcare / Financial Assistance,individual,12,2,0,0.8571428571428571,5,1,1,0,1,not_eligible,0,0
P28,39,100000,Kerala,fisherman,secondary,general,male,0,self_employed,fisherman,MED005,Healthcare / Insurance,individual,12,2,0,0.8571428571428571,4,0,1,0,1,not_eligible,0,0
P28,39,100000,Kerala,fisherman,secondary,general,male,0,self_employed,fisherman,WOM001,Women & Child Development / Nutrition,individual,11,3,0,0.7857142857142857,3,0,1,0,1,not_eligible,0,0
P28,39,100000,Kerala,fisherman,secondary,general,male,0,self_employed,fisherman,HEA001,Healthcare / Pharmaceuticals,individual,12,2,0,0.8571428571428571,5,0,1,0,1,not_eligible,0,0
P28,39,100000,Kerala,fisherman,secondary,general,male,0,self_employed,fisherman,EDU003,Education / Nutrition,individual,9,4,1,0.6428571428571429,2,0,1,1,1,not_eligible,0,0
P28,39,100000,Kerala,fisherman,secondary,general,male,0,self_employed,fisherman,EDU004,Scholarship / Disability Welfare,individual,7,6,1,0.5,6,0,1,1,1,not_eligible,0,0
P28,39,100000,Kerala,fisherman,secondary,general,male,0,self_employed,fisherman,EDU005,Scholarship / Social Justice,individual,8,5,1,0.5714285714285714,6,0,1,1,1,not_eligible,0,0
P28,39,100000,Kerala,fisherman,secondary,general,male,0,self_employed,fisherman,EDU006,Scholarship / Women Education,individual,7,5,3,0.4666666666666667,5,1,1,1,1,not_eligible,0,0
P28,39,100000,Kerala,fisherman,secondary,general,male,0,self_employed,fisherman,RES002,Higher Education / Research Fellowship,individual,7,5,2,0.5,6,1,1,1,1,not_eligible,0,0
P28,39,100000,Kerala,fisherman,secondary,general,male,0,self_employed,fisherman,SKI001,Skill Development / Minority Affairs,individual,10,4,0,0.7142857142857143,4,0,1,0,1,not_eligible,0,0
P28,39,100000,Kerala,fisherman,secondary,general,male,0,self_employed,fisherman,WOM002,Women & Child Development / Justice,individual,13,1,0,0.9285714285714286,2,0,1,0,1,not_eligible,0,0
P28,39,100000,Kerala,fisherman,secondary,general,male,0,self_employed,fisherman,EDU007,Scholarship / Education,individual,8,5,1,0.5714285714285714,6,0,1,1,1,not_eligible,0,0
P28,39,100000,Kerala,fisherman,secondary,general,male,0,self_employed,fisherman,RES003,Science & Technology / Research Fellowship,individual,8,5,1,0.5714285714285714,5,1,1,1,1,not_eligible,0,0
P28,39,100000,Kerala,fisherman,secondary,general,male,0,self_employed,fisherman,EDU008,Higher Education / Electronics & IT Research,individual,9,3,2,0.6428571428571429,4,1,1,1,1,not_eligible,0,0
P28,39,100000,Kerala,fisherman,secondary,general,male,0,self_employed,fisherman,RES004,Science & Technology / Engineering Fellowship,individual,9,4,1,0.6428571428571429,4,1,1,1,1,not_eligible,0,0
P28,39,100000,Kerala,fisherman,secondary,general,male,0,self_employed,fisherman,CUL002,Culture / Arts & Performing Arts,individual,10,4,0,0.7142857142857143,5,1,1,0,1,not_eligible,0,0
P28,39,100000,Kerala,fisherman,secondary,general,male,0,self_employed,fisherman,CUL003,Culture / State Recognition,individual,11,3,0,0.7857142857142857,5,1,1,0,1,not_eligible,0,0
P28,39,100000,Kerala,fisherman,secondary,general,male,0,self_employed,fisherman,CUL004,Culture / Infrastructure Support,individual,11,2,1,0.7857142857142857,5,1,1,1,1,not_eligible,0,0
P29,46,130000,Assam,farmer,secondary,general,male,0,self_employed,farmer,MED001,Health / Social Welfare,individual,11,3,0,0.7857142857142857,9,1,1,0,1,not_eligible,0,0
P29,46,130000,Assam,farmer,secondary,general,male,0,self_employed,farmer,CUL001,Culture / Pension,individual,10,4,0,0.7142857142857143,8,1,1,0,1,not_eligible,0,0
P29,46,130000,Assam,farmer,secondary,general,male,0,self_employed,farmer,SOC001,Social Security / Pension,individual,10,4,0,0.7142857142857143,6,0,1,0,1,not_eligible,0,0
P29,46,130000,Assam,farmer,secondary,general,male,0,self_employed,farmer,HOU001,Housing / LGBTQ+ Welfare,individual,11,3,0,0.7857142857142857,3,1,1,0,1,not_eligible,0,0
P29,46,130000,Assam,farmer,secondary,general,male,0,self_employed,farmer,EXT001,External Affairs / Overseas Welfare,individual,12,2,0,0.8571428571428571,4,1,1,0,1,not_eligible,0,0
P29,46,130000,Assam,farmer,secondary,general,male,0,self_employed,farmer,RUR001,Rural Infrastructure / Energy,community,11,3,0,0.7857142857142857,3,1,1,0,0,not_eligible,0,0
P29,46,130000,Assam,farmer,secondary,general,male,0,self_employed,farmer,EDU001,Education / Disability,institution,10,3,1,0.7142857142857143,6,1,1,1,0,not_eligible,0,0
P29,46,130000,Assam,farmer,secondary,general,male,0,self_employed,farmer,EDU002,Scholarship / Education,individual,8,6,0,0.5714285714285714,7,0,1,0,1,not_eligible,0,0
P29,46,130000,Assam,farmer,secondary,general,male,0,self_employed,farmer,RES001,Research & Development,institution,9,4,1,0.6428571428571429,5,1,1,1,0,not_eligible,0,0
P29,46,130000,Assam,farmer,secondary,general,male,0,self_employed,farmer,FIN001,Financial Inclusion / Insurance,individual,13,1,0,0.9285714285714286,4,0,1,0,1,not_eligible,0,0
P29,46,130000,Assam,farmer,secondary,general,male,0,self_employed,farmer,AGR001,Fisheries / Social Security,individual,11,3,0,0.7857142857142857,8,1,1,0,1,not_eligible,0,0
P29,46,130000,Assam,farmer,secondary,general,male,0,self_employed,farmer,MED002,Health / Financial Assistance,individual,12,2,0,0.8571428571428571,5,1,1,0,1,not_eligible,0,0
P29,46,130000,Assam,farmer,secondary,general,male,0,self_employed,farmer,SOC002,Social Security / Healthcare,individual,10,4,0,0.7142857142857143,6,1,1,0,1,not_eligible,0,0
P29,46,130000,Assam,farmer,secondary,general,male,0,self_employed,farmer,EMP001,Entrepreneurship / Minority Welfare,individual,8,6,0,0.5714285714285714,6,0,1,0,1,not_eligible,0,0
P29,46,130000,Assam,farmer,secondary,general,male,0,self_employed,farmer,SKL001,Skill Development / Agriculture,organization,12,2,0,0.8571428571428571,4,0,1,0,0,not_eligible,0,0
P29,46,130000,Assam,farmer,secondary,general,male,0,self_employed,farmer,AGR002,Agriculture / Export Promotion,organization,14,0,0,1.0,4,1,0,0,0,eligible,0,1
P29,46,130000,Assam,farmer,secondary,general,male,0,self_employed,farmer,AGR003,Agriculture / Farm Mechanization,individual,14,0,1,0.9333333333333333,5,0,0,1,1,possibly_eligible,1,1
P29,46,130000,Assam,farmer,secondary,general,male,0,self_employed,farmer,RUR002,Rural Development / Land Ownership,individual,13,1,0,0.9285714285714286,3,1,1,0,1,not_eligible,0,0
P29,46,130000,Assam,farmer,secondary,general,male,0,self_employed,farmer,DIS001,Disability Welfare / Transport Aid,individual,8,6,0,0.5714285714285714,7,0,1,0,1,not_eligible,0,0
P29,46,130000,Assam,farmer,secondary,general,male,0,self_employed,farmer,SKL002,Skill Development / Entrepreneurship,individual,8,6,0,0.5714285714285714,5,1,1,0,1,not_eligible,0,0
P29,46,130000,Assam,farmer,secondary,general,male,0,self_employed,farmer,SOC003,Minority Welfare / Financial Assistance,individual,10,4,0,0.7142857142857143,6,0,1,0,1,not_eligible,0,0
P29,46,130000,Assam,farmer,secondary,general,male,0,self_employed,farmer,MIN001,Minority Welfare / Skill & Livelihood,individual,10,4,0,0.7142857142857143,4,0,1,0,1,not_eligible,0,0
P29,46,130000,Assam,farmer,secondary,general,male,0,self_employed,farmer,COM001,Commerce & Industry / Recognition,individual,12,2,0,0.8571428571428571,3,1,1,0,1,not_eligible,0,0
P29,46,130000,Assam,farmer,secondary,general,male,0,self_employed,farmer,SCI001,Science & Technology / Innovation,individual,12,2,0,0.8571428571428571,5,1,1,0,1,not_eligible,0,0
P29,46,130000,Assam,farmer,secondary,general,male,0,self_employed,farmer,FIN002,Financial Inclusion / Entrepreneurship,individual,12,2,0,0.8571428571428571,6,1,1,0,1,not_eligible,0,0
P29,46,130000,Assam,farmer,secondary,general,male,0,self_employed,farmer,MED003,Health / Financial Assistance,individual,12,2,0,0.8571428571428571,5,1,1,0,1,not_eligible,0,0
P29,46,130000,Assam,farmer,secondary,general,male,0,self_employed,farmer,MED004,Healthcare / Financial Assistance,individual,12,2,0,0.8571428571428571,5,1,1,0,1,not_eligible,0,0
P29,46,130000,Assam,farmer,secondary,general,male,0,self_employed,farmer,MED005,Healthcare / Insurance,individual,12,2,0,0.8571428571428571,4,0,1,0,1,not_eligible,0,0
P29,46,130000,Assam,farmer,secondary,general,male,0,self_employed,farmer,WOM001,Women & Child Development / Nutrition,individual,11,3,0,0.7857142857142857,3,0,1,0,1,not_eligible,0,0
P29,46,130000,Assam,farmer,secondary,general,male,0,self_employed,farmer,HEA001,Healthcare / Pharmaceuticals,individual,12,2,0,0.8571428571428571,5,0,1,0,1,not_eligible,0,0
P29,46,130000,Assam,farmer,secondary,general,male,0,self_employed,farmer,EDU003,Education / Nutrition,individual,9,4,1,0.6428571428571429,2,0,1,1,1,not_eligible,0,0
P29,46,130000,Assam,farmer,secondary,general,male,0,self_employed,farmer,EDU004,Scholarship / Disability Welfare,individual,7,6,1,0.5,6,0,1,1,1,not_eligible,0,0
P29,46,130000,Assam,farmer,secondary,general,male,0,self_employed,farmer,EDU005,Scholarship / Social Justice,individual,8,5,1,0.5714285714285714,6,0,1,1,1,not_eligible,0,0
P29,46,130000,Assam,farmer,secondary,general,male,0,self_employed,farmer,EDU006,Scholarship / Women Education,individual,7,5,3,0.4666666666666667,5,1,1,1,1,not_eligible,0,0
P29,46,130000,Assam,farmer,secondary,general,male,0,self_employed,farmer,RES002,Higher Education / Research Fellowship,individual,7,5,2,0.5,6,1,1,1,1,not_eligible,0,0
P29,46,130000,Assam,farmer,secondary,general,male,0,self_employed,farmer,SKI001,Skill Development / Minority Affairs,individual,9,5,0,0.6428571428571429,4,0,1,0,1,not_eligible,0,0
P29,46,130000,Assam,farmer,secondary,general,male,0,self_employed,farmer,WOM002,Women & Child Development / Justice,individual,13,1,0,0.9285714285714286,2,0,1,0,1,not_eligible,0,0
P29,46,130000,Assam,farmer,secondary,general,male,0,self_employed,farmer,EDU007,Scholarship / Education,individual,8,5,1,0.5714285714285714,6,0,1,1,1,not_eligible,0,0
P29,46,130000,Assam,farmer,secondary,general,male,0,self_employed,farmer,RES003,Science & Technology / Research Fellowship,individual,8,5,1,0.5714285714285714,5,1,1,1,1,not_eligible,0,0
P29,46,130000,Assam,farmer,secondary,general,male,0,self_employed,farmer,EDU008,Higher Education / Electronics & IT Research,individual,9,3,2,0.6428571428571429,4,1,1,1,1,not_eligible,0,0
P29,46,130000,Assam,farmer,secondary,general,male,0,self_employed,farmer,RES004,Science & Technology / Engineering Fellowship,individual,9,4,1,0.6428571428571429,4,1,1,1,1,not_eligible,0,0
P29,46,130000,Assam,farmer,secondary,general,male,0,self_employed,farmer,CUL002,Culture / Arts & Performing Arts,individual,10,4,0,0.7142857142857143,5,1,1,0,1,not_eligible,0,0
P29,46,130000,Assam,farmer,secondary,general,male,0,self_employed,farmer,CUL003,Culture / State Recognition,individual,10,4,0,0.7142857142857143,5,1,1,0,1,not_eligible,0,0
P29,46,130000,Assam,farmer,secondary,general,male,0,self_employed,farmer,CUL004,Culture / Infrastructure Support,individual,11,2,1,0.7857142857142857,5,1,1,1,1,not_eligible,0,0
P30,50,160000,Madhya Pradesh,farmer,secondary,obc,male,0,self_employed,rural_landowner,MED001,Health / Social Welfare,individual,11,3,0,0.7857142857142857,9,1,1,0,1,not_eligible,0,0
P30,50,160000,Madhya Pradesh,farmer,secondary,obc,male,0,self_employed,rural_landowner,CUL001,Culture / Pension,individual,10,4,0,0.7142857142857143,8,1,1,0,1,not_eligible,0,0
P30,50,160000,Madhya Pradesh,farmer,secondary,obc,male,0,self_employed,rural_landowner,SOC001,Social Security / Pension,individual,10,4,0,0.7142857142857143,6,0,1,0,1,not_eligible,0,0
P30,50,160000,Madhya Pradesh,farmer,secondary,obc,male,0,self_employed,rural_landowner,HOU001,Housing / LGBTQ+ Welfare,individual,11,3,0,0.7857142857142857,3,1,1,0,1,not_eligible,0,0
P30,50,160000,Madhya Pradesh,farmer,secondary,obc,male,0,self_employed,rural_landowner,EXT001,External Affairs / Overseas Welfare,individual,12,2,0,0.8571428571428571,4,1,1,0,1,not_eligible,0,0
P30,50,160000,Madhya Pradesh,farmer,secondary,obc,male,0,self_employed,rural_landowner,RUR001,Rural Infrastructure / Energy,community,12,2,0,0.8571428571428571,3,1,1,0,0,not_eligible,0,0
P30,50,160000,Madhya Pradesh,farmer,secondary,obc,male,0,self_employed,rural_landowner,EDU001,Education / Disability,institution,10,3,1,0.7142857142857143,6,1,1,1,0,not_eligible,0,0
P30,50,160000,Madhya Pradesh,farmer,secondary,obc,male,0,self_employed,rural_landowner,EDU002,Scholarship / Education,individual,8,6,0,0.5714285714285714,7,0,1,0,1,not_eligible,0,0
P30,50,160000,Madhya Pradesh,farmer,secondary,obc,male,0,self_employed,rural_landowner,RES001,Research & Development,institution,9,4,1,0.6428571428571429,5,1,1,1,0,not_eligible,0,0
P30,50,160000,Madhya Pradesh,farmer,secondary,obc,male,0,self_employed,rural_landowner,FIN001,Financial Inclusion / Insurance,individual,13,1,0,0.9285714285714286,4,0,1,0,1,not_eligible,0,0
P30,50,160000,Madhya Pradesh,farmer,secondary,obc,male,0,self_employed,rural_landowner,AGR001,Fisheries / Social Security,individual,11,3,0,0.7857142857142857,8,1,1,0,1,not_eligible,0,0
P30,50,160000,Madhya Pradesh,farmer,secondary,obc,male,0,self_employed,rural_landowner,MED002,Health / Financial Assistance,individual,12,2,0,0.8571428571428571,5,1,1,0,1,not_eligible,0,0
P30,50,160000,Madhya Pradesh,farmer,secondary,obc,male,0,self_employed,rural_landowner,SOC002,Social Security / Healthcare,individual,10,4,0,0.7142857142857143,6,1,1,0,1,not_eligible,0,0
P30,50,160000,Madhya Pradesh,farmer,secondary,obc,male,0,self_employed,rural_landowner,EMP001,Entrepreneurship / Minority Welfare,individual,8,6,0,0.5714285714285714,6,0,1,0,1,not_eligible,0,0
P30,50,160000,Madhya Pradesh,farmer,secondary,obc,male,0,self_employed,rural_landowner,SKL001,Skill Development / Agriculture,organization,11,3,0,0.7857142857142857,4,0,1,0,0,not_eligible,0,0
P30,50,160000,Madhya Pradesh,farmer,secondary,obc,male,0,self_employed,rural_landowner,AGR002,Agriculture / Export Promotion,organization,13,1,0,0.9285714285714286,4,1,1,0,0,not_eligible,0,0
P30,50,160000,Madhya Pradesh,farmer,secondary,obc,male,0,self_employed,rural_landowner,AGR003,Agriculture / Farm Mechanization,individual,13,1,1,0.8666666666666667,5,0,1,1,1,not_eligible,0,0
P30,50,160000,Madhya Pradesh,farmer,secondary,obc,male,0,self_employed,rural_landowner,RUR002,Rural Development / Land Ownership,individual,13,1,0,0.9285714285714286,3,1,1,0,1,not_eligible,0,0
P30,50,160000,Madhya Pradesh,farmer,secondary,obc,male,0,self_employed,rural_landowner,DIS001,Disability Welfare / Transport Aid,individual,8,6,0,0.5714285714285714,7,0,1,0,1,not_eligible,0,0
P30,50,160000,Madhya Pradesh,farmer,secondary,obc,male,0,self_employed,rural_landowner,SKL002,Skill Development / Entrepreneurship,individual,8,6,0,0.5714285714285714,5,1,1,0,1,not_eligible,0,0
P30,50,160000,Madhya Pradesh,farmer,secondary,obc,male,0,self_employed,rural_landowner,SOC003,Minority Welfare / Financial Assistance,individual,10,4,0,0.7142857142857143,6,0,1,0,1,not_eligible,0,0
P30,50,160000,Madhya Pradesh,farmer,secondary,obc,male,0,self_employed,rural_landowner,MIN001,Minority Welfare / Skill & Livelihood,individual,10,4,0,0.7142857142857143,4,0,1,0,1,not_eligible,0,0
P30,50,160000,Madhya Pradesh,farmer,secondary,obc,male,0,self_employed,rural_landowner,COM001,Commerce & Industry / Recognition,individual,12,2,0,0.8571428571428571,3,1,1,0,1,not_eligible,0,0
P30,50,160000,Madhya Pradesh,farmer,secondary,obc,male,0,self_employed,rural_landowner,SCI001,Science & Technology / Innovation,individual,12,2,0,0.8571428571428571,5,1,1,0,1,not_eligible,0,0
P30,50,160000,Madhya Pradesh,farmer,secondary,obc,male,0,self_employed,rural_landowner,FIN002,Financial Inclusion / Entrepreneurship,individual,11,3,0,0.7857142857142857,6,1,1,0,1,not_eligible,0,0
P30,50,160000,Madhya Pradesh,farmer,secondary,obc,male,0,self_employed,rural_landowner,MED003,Health / Financial Assistance,individual,12,2,0,0.8571428571428571,5,1,1,0,1,not_eligible,0,0
P30,50,160000,Madhya Pradesh,farmer,secondary,obc,male,0,self_employed,rural_landowner,MED004,Healthcare / Financial Assistance,individual,12,2,0,0.8571428571428571,5,1,1,0,1,not_eligible,0,0
P30,50,160000,Madhya Pradesh,farmer,secondary,obc,male,0,self_employed,rural_landowner,MED005,Healthcare / Insurance,individual,12,2,0,0.8571428571428571,4,0,1,0,1,not_eligible,0,0
P30,50,160000,Madhya Pradesh,farmer,secondary,obc,male,0,self_employed,rural_landowner,WOM001,Women & Child Development / Nutrition,individual,11,3,0,0.7857142857142857,3,0,1,0,1,not_eligible,0,0
P30,50,160000,Madhya Pradesh,farmer,secondary,obc,male,0,self_employed,rural_landowner,HEA001,Healthcare / Pharmaceuticals,individual,12,2,0,0.8571428571428571,5,0,1,0,1,not_eligible,0,0
P30,50,160000,Madhya Pradesh,farmer,secondary,obc,male,0,self_employed,rural_landowner,EDU003,Education / Nutrition,individual,9,4,1,0.6428571428571429,2,0,1,1,1,not_eligible,0,0
P30,50,160000,Madhya Pradesh,farmer,secondary,obc,male,0,self_employed,rural_landowner,EDU004,Scholarship / Disability Welfare,individual,7,6,1,0.5,6,0,1,1,1,not_eligible,0,0
P30,50,160000,Madhya Pradesh,farmer,secondary,obc,male,0,self_employed,rural_landowner,EDU005,Scholarship / Social Justice,individual,8,5,1,0.5714285714285714,6,0,1,1,1,not_eligible,0,0
P30,50,160000,Madhya Pradesh,farmer,secondary,obc,male,0,self_employed,rural_landowner,EDU006,Scholarship / Women Education,individual,7,5,3,0.4666666666666667,5,1,1,1,1,not_eligible,0,0
P30,50,160000,Madhya Pradesh,farmer,secondary,obc,male,0,self_employed,rural_landowner,RES002,Higher Education / Research Fellowship,individual,6,6,2,0.42857142857142855,6,1,1,1,1,not_eligible,0,0
P30,50,160000,Madhya Pradesh,farmer,secondary,obc,male,0,self_employed,rural_landowner,SKI001,Skill Development / Minority Affairs,individual,9,5,0,0.6428571428571429,4,0,1,0,1,not_eligible,0,0
P30,50,160000,Madhya Pradesh,farmer,secondary,obc,male,0,self_employed,rural_landowner,WOM002,Women & Child Development / Justice,individual,13,1,0,0.9285714285714286,2,0,1,0,1,not_eligible,0,0
P30,50,160000,Madhya Pradesh,farmer,secondary,obc,male,0,self_employed,rural_landowner,EDU007,Scholarship / Education,individual,8,5,1,0.5714285714285714,6,0,1,1,1,not_eligible,0,0
P30,50,160000,Madhya Pradesh,farmer,secondary,obc,male,0,self_employed,rural_landowner,RES003,Science & Technology / Research Fellowship,individual,8,5,1,0.5714285714285714,5,1,1,1,1,not_eligible,0,0
P30,50,160000,Madhya Pradesh,farmer,secondary,obc,male,0,self_employed,rural_landowner,EDU008,Higher Education / Electronics & IT Research,individual,9,3,2,0.6428571428571429,4,1,1,1,1,not_eligible,0,0
P30,50,160000,Madhya Pradesh,farmer,secondary,obc,male,0,self_employed,rural_landowner,RES004,Science & Technology / Engineering Fellowship,individual,9,4,1,0.6428571428571429,4,1,1,1,1,not_eligible,0,0
P30,50,160000,Madhya Pradesh,farmer,secondary,obc,male,0,self_employed,rural_landowner,CUL002,Culture / Arts & Performing Arts,individual,10,4,0,0.7142857142857143,5,1,1,0,1,not_eligible,0,0
P30,50,160000,Madhya Pradesh,farmer,secondary,obc,male,0,self_employed,rural_landowner,CUL003,Culture / State Recognition,individual,10,4,0,0.7142857142857143,5,1,1,0,1,not_eligible,0,0
P30,50,160000,Madhya Pradesh,farmer,secondary,obc,male,0,self_employed,rural_landowner,CUL004,Culture / Infrastructure Support,individual,11,2,1,0.7857142857142857,5,1,1,1,1,not_eligible,0,0
P31,32,220000,Uttar Pradesh,entrepreneur,graduate,minority,male,0,self_employed,entrepreneur,MED001,Health / Social Welfare,individual,11,3,0,0.7857142857142857,9,1,1,0,1,not_eligible,0,0
P31,32,220000,Uttar Pradesh,entrepreneur,graduate,minority,male,0,self_employed,entrepreneur,CUL001,Culture / Pension,individual,10,4,0,0.7142857142857143,8,1,1,0,1,not_eligible,0,0
P31,32,220000,Uttar Pradesh,entrepreneur,graduate,minority,male,0,self_employed,entrepreneur,SOC001,Social Security / Pension,individual,10,4,0,0.7142857142857143,6,0,1,0,1,not_eligible,0,0
P31,32,220000,Uttar Pradesh,entrepreneur,graduate,minority,male,0,self_employed,entrepreneur,HOU001,Housing / LGBTQ+ Welfare,individual,11,3,0,0.7857142857142857,3,1,1,0,1,not_eligible,0,0
P31,32,220000,Uttar Pradesh,entrepreneur,graduate,minority,male,0,self_employed,entrepreneur,EXT001,External Affairs / Overseas Welfare,individual,12,2,0,0.8571428571428571,4,1,1,0,1,not_eligible,0,0
P31,32,220000,Uttar Pradesh,entrepreneur,graduate,minority,male,0,self_employed,entrepreneur,RUR001,Rural Infrastructure / Energy,community,11,3,0,0.7857142857142857,3,1,1,0,0,not_eligible,0,0
P31,32,220000,Uttar Pradesh,entrepreneur,graduate,minority,male,0,self_employed,entrepreneur,EDU001,Education / Disability,institution,9,4,1,0.6428571428571429,6,1,1,1,0,not_eligible,0,0
P31,32,220000,Uttar Pradesh,entrepreneur,graduate,minority,male,0,self_employed,entrepreneur,EDU002,Scholarship / Education,individual,9,5,0,0.6428571428571429,7,0,1,0,1,not_eligible,0,0
P31,32,220000,Uttar Pradesh,entrepreneur,graduate,minority,male,0,self_employed,entrepreneur,RES001,Research & Development,institution,9,4,1,0.6428571428571429,5,1,1,1,0,not_eligible,0,0
P31,32,220000,Uttar Pradesh,entrepreneur,graduate,minority,male,0,self_employed,entrepreneur,FIN001,Financial Inclusion / Insurance,individual,13,1,0,0.9285714285714286,4,0,1,0,1,not_eligible,0,0
P31,32,220000,Uttar Pradesh,entrepreneur,graduate,minority,male,0,self_employed,entrepreneur,AGR001,Fisheries / Social Security,individual,11,3,0,0.7857142857142857,8,1,1,0,1,not_eligible,0,0
P31,32,220000,Uttar Pradesh,entrepreneur,graduate,minority,male,0,self_employed,entrepreneur,MED002,Health / Financial Assistance,individual,12,2,0,0.8571428571428571,5,1,1,0,1,not_eligible,0,0
P31,32,220000,Uttar Pradesh,entrepreneur,graduate,minority,male,0,self_employed,entrepreneur,SOC002,Social Security / Healthcare,individual,10,4,0,0.7142857142857143,6,1,1,0,1,not_eligible,0,0
P31,32,220000,Uttar Pradesh,entrepreneur,graduate,minority,male,0,self_employed,entrepreneur,EMP001,Entrepreneurship / Minority Welfare,individual,11,3,0,0.7857142857142857,6,0,1,0,1,not_eligible,0,0
P31,32,220000,Uttar Pradesh,entrepreneur,graduate,minority,male,0,self_employed,entrepreneur,SKL001,Skill Development / Agriculture,organization,12,2,0,0.8571428571428571,4,0,1,0,0,not_eligible,0,0
P31,32,220000,Uttar Pradesh,entrepreneur,graduate,minority,male,0,self_employed,entrepreneur,AGR002,Agriculture / Export Promotion,organization,12,2,0,0.8571428571428571,4,1,1,0,0,not_eligible,0,0
P31,32,220000,Uttar Pradesh,entrepreneur,graduate,minority,male,0,self_employed,entrepreneur,AGR003,Agriculture / Farm Mechanization,individual,12,2,1,0.8,5,0,1,1,1,not_eligible,0,0
P31,32,220000,Uttar Pradesh,entrepreneur,graduate,minority,male,0,self_employed,entrepreneur,RUR002,Rural Development / Land Ownership,individual,13,1,0,0.9285714285714286,3,1,1,0,1,not_eligible,0,0
P31,32,220000,Uttar Pradesh,entrepreneur,graduate,minority,male,0,self_employed,entrepreneur,DIS001,Disability Welfare / Transport Aid,individual,8,6,0,0.5714285714285714,7,0,1,0,1,not_eligible,0,0
P31,32,220000,Uttar Pradesh,entrepreneur,graduate,minority,male,0,self_employed,entrepreneur,SKL002,Skill Development / Entrepreneurship,individual,11,3,0,0.7857142857142857,5,1,1,0,1,not_eligible,0,0
P31,32,220000,Uttar Pradesh,entrepreneur,graduate,minority,male,0,self_employed,entrepreneur,SOC003,Minority Welfare / Financial Assistance,individual,11,3,0,0.7857142857142857,6,0,1,0,1,not_eligible,0,0
P31,32,220000,Uttar Pradesh,entrepreneur,graduate,minority,male,0,self_employed,entrepreneur,MIN001,Minority Welfare / Skill & Livelihood,individual,12,2,0,0.8571428571428571,4,0,1,0,1,not_eligible,0,0
P31,32,220000,Uttar Pradesh,entrepreneur,graduate,minority,male,0,self_employed,entrepreneur,COM001,Commerce & Industry / Recognition,individual,12,2,0,0.8571428571428571,3,1,1,0,1,not_eligible,0,0
P31,32,220000,Uttar Pradesh,entrepreneur,graduate,minority,male,0,self_employed,entrepreneur,SCI001,Science & Technology / Innovation,individual,14,0,0,1.0,5,1,0,0,1,eligible,2,1
P31,32,220000,Uttar Pradesh,entrepreneur,graduate,minority,male,0,self_employed,entrepreneur,FIN002,Financial Inclusion / Entrepreneurship,individual,13,1,0,0.9285714285714286,6,1,1,0,1,not_eligible,0,0
P31,32,220000,Uttar Pradesh,entrepreneur,graduate,minority,male,0,self_employed,entrepreneur,MED003,Health / Financial Assistance,individual,11,3,0,0.7857142857142857,5,1,1,0,1,not_eligible,0,0
P31,32,220000,Uttar Pradesh,entrepreneur,graduate,minority,male,0,self_employed,entrepreneur,MED004,Healthcare / Financial Assistance,individual,12,2,0,0.8571428571428571,5,1,1,0,1,not_eligible,0,0
P31,32,220000,Uttar Pradesh,entrepreneur,graduate,minority,male,0,self_employed,entrepreneur,MED005,Healthcare / Insurance,individual,12,2,0,0.8571428571428571,4,0,1,0,1,not_eligible,0,0
P31,32,220000,Uttar Pradesh,entrepreneur,graduate,minority,male,0,self_employed,entrepreneur,WOM001,Women & Child Development / Nutrition,individual,11,3,0,0.7857142857142857,3,0,1,0,1,not_eligible,0,0
P31,32,220000,Uttar Pradesh,entrepreneur,graduate,minority,male,0,self_employed,entrepreneur,HEA001,Healthcare / Pharmaceuticals,individual,14,0,0,1.0,5,0,0,0,1,eligible,2,1
P31,32,220000,Uttar Pradesh,entrepreneur,graduate,minority,male,0,self_employed,entrepreneur,EDU003,Education / Nutrition,individual,9,4,1,0.6428571428571429,2,0,1,1,1,not_eligible,0,0
P31,32,220000,Uttar Pradesh,entrepreneur,graduate,minority,male,0,self_employed,entrepreneur,EDU004,Scholarship / Disability Welfare,individual,8,5,1,0.5714285714285714,6,0,1,1,1,not_eligible,0,0
P31,32,220000,Uttar Pradesh,entrepreneur,graduate,minority,male,0,self_employed,entrepreneur,EDU005,Scholarship / Social Justice,individual,8,5,1,0.5714285714285714,6,0,1,1,1,not_eligible,0,0
P31,32,220000,Uttar Pradesh,entrepreneur,graduate,minority,male,0,self_employed,entrepreneur,EDU006,Scholarship / Women Education,individual,8,4,3,0.5333333333333333,5,1,1,1,1,not_eligible,0,0
P31,32,220000,Uttar Pradesh,entrepreneur,graduate,minority,male,0,self_employed,entrepreneur,RES002,Higher Education / Research Fellowship,individual,9,3,2,0.6428571428571429,6,1,1,1,1,not_eligible,0,0
P31,32,220000,Uttar Pradesh,entrepreneur,graduate,minority,male,0,self_employed,entrepreneur,SKI001,Skill Development / Minority Affairs,individual,11,3,0,0.7857142857142857,4,0,1,0,1,not_eligible,0,0
P31,32,220000,Uttar Pradesh,entrepreneur,graduate,minority,male,0,self_employed,entrepreneur,WOM002,Women & Child Development / Justice,individual,13,1,0,0.9285714285714286,2,0,1,0,1,not_eligible,0,0
P31,32,220000,Uttar Pradesh,entrepreneur,graduate,minority,male,0,self_employed,entrepreneur,EDU007,Scholarship / Education,individual,8,5,1,0.5714285714285714,6,0,1,1,1,not_eligible,0,0
P31,32,220000,Uttar Pradesh,entrepreneur,graduate,minority,male,0,self_employed,entrepreneur,RES003,Science & Technology / Research Fellowship,individual,8,5,1,0.5714285714285714,5,1,1,1,1,not_eligible,0,0
P31,32,220000,Uttar Pradesh,entrepreneur,graduate,minority,male,0,self_employed,entrepreneur,EDU008,Higher Education / Electronics & IT Research,individual,10,2,2,0.7142857142857143,4,1,1,1,1,not_eligible,0,0
P31,32,220000,Uttar Pradesh,entrepreneur,graduate,minority,male,0,self_employed,entrepreneur,RES004,Science & Technology / Engineering Fellowship,individual,9,4,1,0.6428571428571429,4,1,1,1,1,not_eligible,0,0
P31,32,220000,Uttar Pradesh,entrepreneur,graduate,minority,male,0,self_employed,entrepreneur,CUL002,Culture / Arts & Performing Arts,individual,10,4,0,0.7142857142857143,5,1,1,0,1,not_eligible,0,0
P31,32,220000,Uttar Pradesh,entrepreneur,graduate,minority,male,0,self_employed,entrepreneur,CUL003,Culture / State Recognition,individual,11,3,0,0.7857142857142857,5,1,1,0,1,not_eligible,0,0
P31,32,220000,Uttar Pradesh,entrepreneur,graduate,minority,male,0,self_employed,entrepreneur,CUL004,Culture / Infrastructure Support,individual,11,2,1,0.7857142857142857,5,1,1,1,1,not_eligible,0,0
P32,30,200000,Gujarat,entrepreneur,graduate,sc,female,0,self_employed,entrepreneur,MED001,Health / Social Welfare,individual,11,3,0,0.7857142857142857,9,1,1,0,1,not_eligible,0,0
P32,30,200000,Gujarat,entrepreneur,graduate,sc,female,0,self_employed,entrepreneur,CUL001,Culture / Pension,individual,10,4,0,0.7142857142857143,8,1,1,0,1,not_eligible,0,0
P32,30,200000,Gujarat,entrepreneur,graduate,sc,female,0,self_employed,entrepreneur,SOC001,Social Security / Pension,individual,10,4,0,0.7142857142857143,6,0,1,0,1,not_eligible,0,0
P32,30,200000,Gujarat,entrepreneur,graduate,sc,female,0,self_employed,entrepreneur,HOU001,Housing / LGBTQ+ Welfare,individual,11,3,0,0.7857142857142857,3,1,1,0,1,not_eligible,0,0
P32,30,200000,Gujarat,entrepreneur,graduate,sc,female,0,self_employed,entrepreneur,EXT001,External Affairs / Overseas Welfare,individual,12,2,0,0.8571428571428571,4,1,1,0,1,not_eligible,0,0
P32,30,200000,Gujarat,entrepreneur,graduate,sc,female,0,self_employed,entrepreneur,RUR001,Rural Infrastructure / Energy,community,12,2,0,0.8571428571428571,3,1,1,0,0,not_eligible,0,0
P32,30,200000,Gujarat,entrepreneur,graduate,sc,female,0,self_employed,entrepreneur,EDU001,Education / Disability,institution,9,4,1,0.6428571428571429,6,1,1,1,0,not_eligible,0,0
P32,30,200000,Gujarat,entrepreneur,graduate,sc,female,0,self_employed,entrepreneur,EDU002,Scholarship / Education,individual,9,5,0,0.6428571428571429,7,0,1,0,1,not_eligible,0,0
P32,30,200000,Gujarat,entrepreneur,graduate,sc,female,0,self_employed,entrepreneur,RES001,Research & Development,institution,9,4,1,0.6428571428571429,5,1,1,1,0,not_eligible,0,0
P32,30,200000,Gujarat,entrepreneur,graduate,sc,female,0,self_employed,entrepreneur,FIN001,Financial Inclusion / Insurance,individual,13,1,0,0.9285714285714286,4,0,1,0,1,not_eligible,0,0
P32,30,200000,Gujarat,entrepreneur,graduate,sc,female,0,self_employed,entrepreneur,AGR001,Fisheries / Social Security,individual,11,3,0,0.7857142857142857,8,1,1,0,1,not_eligible,0,0
P32,30,200000,Gujarat,entrepreneur,graduate,sc,female,0,self_employed,entrepreneur,MED002,Health / Financial Assistance,individual,12,2,0,0.8571428571428571,5,1,1,0,1,not_eligible,0,0
P32,30,200000,Gujarat,entrepreneur,graduate,sc,female,0,self_employed,entrepreneur,SOC002,Social Security / Healthcare,individual,10,4,0,0.7142857142857143,6,1,1,0,1,not_eligible,0,0
P32,30,200000,Gujarat,entrepreneur,graduate,sc,female,0,self_employed,entrepreneur,EMP001,Entrepreneurship / Minority Welfare,individual,10,4,0,0.7142857142857143,6,0,1,0,1,not_eligible,0,0
P32,30,200000,Gujarat,entrepreneur,graduate,sc,female,0,self_employed,entrepreneur,SKL001,Skill Development / Agriculture,organization,12,2,0,0.8571428571428571,4,0,1,0,0,not_eligible,0,0
P32,30,200000,Gujarat,entrepreneur,graduate,sc,female,0,self_employed,entrepreneur,AGR002,Agriculture / Export Promotion,organization,12,2,0,0.8571428571428571,4,1,1,0,0,not_eligible,0,0
P32,30,200000,Gujarat,entrepreneur,graduate,sc,female,0,self_employed,entrepreneur,AGR003,Agriculture / Farm Mechanization,individual,12,2,1,0.8,5,0,1,1,1,not_eligible,0,0
P32,30,200000,Gujarat,entrepreneur,graduate,sc,female,0,self_employed,entrepreneur,RUR002,Rural Development / Land Ownership,individual,13,1,0,0.9285714285714286,3,1,1,0,1,not_eligible,0,0
P32,30,200000,Gujarat,entrepreneur,graduate,sc,female,0,self_employed,entrepreneur,DIS001,Disability Welfare / Transport Aid,individual,8,6,0,0.5714285714285714,7,0,1,0,1,not_eligible,0,0
P32,30,200000,Gujarat,entrepreneur,graduate,sc,female,0,self_employed,entrepreneur,SKL002,Skill Development / Entrepreneurship,individual,11,3,0,0.7857142857142857,5,1,1,0,1,not_eligible,0,0
P32,30,200000,Gujarat,entrepreneur,graduate,sc,female,0,self_employed,entrepreneur,SOC003,Minority Welfare / Financial Assistance,individual,10,4,0,0.7142857142857143,6,0,1,0,1,not_eligible,0,0
P32,30,200000,Gujarat,entrepreneur,graduate,sc,female,0,self_employed,entrepreneur,MIN001,Minority Welfare / Skill & Livelihood,individual,11,3,0,0.7857142857142857,4,0,1,0,1,not_eligible,0,0
P32,30,200000,Gujarat,entrepreneur,graduate,sc,female,0,self_employed,entrepreneur,COM001,Commerce & Industry / Recognition,individual,12,2,0,0.8571428571428571,3,1,1,0,1,not_eligible,0,0
P32,30,200000,Gujarat,entrepreneur,graduate,sc,female,0,self_employed,entrepreneur,SCI001,Science & Technology / Innovation,individual,14,0,0,1.0,5,1,0,0,1,eligible,2,1
P32,30,200000,Gujarat,entrepreneur,graduate,sc,female,0,self_employed,entrepreneur,FIN002,Financial Inclusion / Entrepreneurship,individual,14,0,0,1.0,6,1,0,0,1,eligible,2,1
P32,30,200000,Gujarat,entrepreneur,graduate,sc,female,0,self_employed,entrepreneur,MED003,Health / Financial Assistance,individual,12,2,0,0.8571428571428571,5,1,1,0,1,not_eligible,0,0
P32,30,200000,Gujarat,entrepreneur,graduate,sc,female,0,self_employed,entrepreneur,MED004,Healthcare / Financial Assistance,individual,12,2,0,0.8571428571428571,5,1,1,0,1,not_eligible,0,0
P32,30,200000,Gujarat,entrepreneur,graduate,sc,female,0,self_employed,entrepreneur,MED005,Healthcare / Insurance,individual,12,2,0,0.8571428571428571,4,0,1,0,1,not_eligible,0,0
P32,30,200000,Gujarat,entrepreneur,graduate,sc,female,0,self_employed,entrepreneur,WOM001,Women & Child Development / Nutrition,individual,11,3,0,0.7857142857142857,3,0,1,0,1,not_eligible,0,0
P32,30,200000,Gujarat,entrepreneur,graduate,sc,female,0,self_employed,entrepreneur,HEA001,Healthcare / Pharmaceuticals,individual,14,0,0,1.0,5,0,0,0,1,eligible,2,1
P32,30,200000,Gujarat,entrepreneur,graduate,sc,female,0,self_employed,entrepreneur,EDU003,Education / Nutrition,individual,9,4,1,0.6428571428571429,2,0,1,1,1,not_eligible,0,0
P32,30,200000,Gujarat,entrepreneur,graduate,sc,female,0,self_employed,entrepreneur,EDU004,Scholarship / Disability Welfare,individual,8,5,1,0.5714285714285714,6,0,1,1,1,not_eligible,0,0
P32,30,200000,Gujarat,entrepreneur,graduate,sc,female,0,self_employed,entrepreneur,EDU005,Scholarship / Social Justice,individual,9,4,1,0.6428571428571429,6,0,1,1,1,not_eligible,0,0
P32,30,200000,Gujarat,entrepreneur,graduate,sc,female,0,self_employed,entrepreneur,EDU006,Scholarship / Women Education,individual,9,3,3,0.6,5,1,1,1,1,not_eligible,0,0
P32,30,200000,Gujarat,entrepreneur,graduate,sc,female,0,self_employed,entrepreneur,RES002,Higher Education / Research Fellowship,individual,9,3,2,0.6428571428571429,6,1,1,1,1,not_eligible,0,0
P32,30,200000,Gujarat,entrepreneur,graduate,sc,female,0,self_employed,entrepreneur,SKI001,Skill Development / Minority Affairs,individual,10,4,0,0.7142857142857143,4,0,1,0,1,not_eligible,0,0
P32,30,200000,Gujarat,entrepreneur,graduate,sc,female,0,self_employed,entrepreneur,WOM002,Women & Child Development / Justice,individual,13,1,0,0.9285714285714286,2,0,1,0,1,not_eligible,0,0
P32,30,200000,Gujarat,entrepreneur,graduate,sc,female,0,self_employed,entrepreneur,EDU007,Scholarship / Education,individual,8,5,1,0.5714285714285714,6,0,1,1,1,not_eligible,0,0
P32,30,200000,Gujarat,entrepreneur,graduate,sc,female,0,self_employed,entrepreneur,RES003,Science & Technology / Research Fellowship,individual,8,5,1,0.5714285714285714,5,1,1,1,1,not_eligible,0,0
P32,30,200000,Gujarat,entrepreneur,graduate,sc,female,0,self_employed,entrepreneur,EDU008,Higher Education / Electronics & IT Research,individual,10,2,2,0.7142857142857143,4,1,1,1,1,not_eligible,0,0
P32,30,200000,Gujarat,entrepreneur,graduate,sc,female,0,self_employed,entrepreneur,RES004,Science & Technology / Engineering Fellowship,individual,9,4,1,0.6428571428571429,4,1,1,1,1,not_eligible,0,0
P32,30,200000,Gujarat,entrepreneur,graduate,sc,female,0,self_employed,entrepreneur,CUL002,Culture / Arts & Performing Arts,individual,10,4,0,0.7142857142857143,5,1,1,0,1,not_eligible,0,0
P32,30,200000,Gujarat,entrepreneur,graduate,sc,female,0,self_employed,entrepreneur,CUL003,Culture / State Recognition,individual,11,3,0,0.7857142857142857,5,1,1,0,1,not_eligible,0,0
P32,30,200000,Gujarat,entrepreneur,graduate,sc,female,0,self_employed,entrepreneur,CUL004,Culture / Infrastructure Support,individual,11,2,1,0.7857142857142857,5,1,1,1,1,not_eligible,0,0
P33,36,90000,Rajasthan,craft worker,secondary,minority,female,0,self_employed,traditional_artisan,MED001,Health / Social Welfare,individual,11,3,0,0.7857142857142857,9,1,1,0,1,not_eligible,0,0
P33,36,90000,Rajasthan,craft worker,secondary,minority,female,0,self_employed,traditional_artisan,CUL001,Culture / Pension,individual,10,4,0,0.7142857142857143,8,1,1,0,1,not_eligible,0,0
P33,36,90000,Rajasthan,craft worker,secondary,minority,female,0,self_employed,traditional_artisan,SOC001,Social Security / Pension,individual,10,4,0,0.7142857142857143,6,0,1,0,1,not_eligible,0,0
P33,36,90000,Rajasthan,craft worker,secondary,minority,female,0,self_employed,traditional_artisan,HOU001,Housing / LGBTQ+ Welfare,individual,11,3,0,0.7857142857142857,3,1,1,0,1,not_eligible,0,0
P33,36,90000,Rajasthan,craft worker,secondary,minority,female,0,self_employed,traditional_artisan,EXT001,External Affairs / Overseas Welfare,individual,12,2,0,0.8571428571428571,4,1,1,0,1,not_eligible,0,0
P33,36,90000,Rajasthan,craft worker,secondary,minority,female,0,self_employed,traditional_artisan,RUR001,Rural Infrastructure / Energy,community,11,3,0,0.7857142857142857,3,1,1,0,0,not_eligible,0,0
P33,36,90000,Rajasthan,craft worker,secondary,minority,female,0,self_employed,traditional_artisan,EDU001,Education / Disability,institution,10,3,1,0.7142857142857143,6,1,1,1,0,not_eligible,0,0
P33,36,90000,Rajasthan,craft worker,secondary,minority,female,0,self_employed,traditional_artisan,EDU002,Scholarship / Education,individual,8,6,0,0.5714285714285714,7,0,1,0,1,not_eligible,0,0
P33,36,90000,Rajasthan,craft worker,secondary,minority,female,0,self_employed,traditional_artisan,RES001,Research & Development,institution,9,4,1,0.6428571428571429,5,1,1,1,0,not_eligible,0,0
P33,36,90000,Rajasthan,craft worker,secondary,minority,female,0,self_employed,traditional_artisan,FIN001,Financial Inclusion / Insurance,individual,13,1,0,0.9285714285714286,4,0,1,0,1,not_eligible,0,0
P33,36,90000,Rajasthan,craft worker,secondary,minority,female,0,self_employed,traditional_artisan,AGR001,Fisheries / Social Security,individual,11,3,0,0.7857142857142857,8,1,1,0,1,not_eligible,0,0
P33,36,90000,Rajasthan,craft worker,secondary,minority,female,0,self_employed,traditional_artisan,MED002,Health / Financial Assistance,individual,12,2,0,0.8571428571428571,5,1,1,0,1,not_eligible,0,0
P33,36,90000,Rajasthan,craft worker,secondary,minority,female,0,self_employed,traditional_artisan,SOC002,Social Security / Healthcare,individual,10,4,0,0.7142857142857143,6,1,1,0,1,not_eligible,0,0
P33,36,90000,Rajasthan,craft worker,secondary,minority,female,0,self_employed,traditional_artisan,EMP001,Entrepreneurship / Minority Welfare,individual,9,5,0,0.6428571428571429,6,0,1,0,1,not_eligible,0,0
P33,36,90000,Rajasthan,craft worker,secondary,minority,female,0,self_employed,traditional_artisan,SKL001,Skill Development / Agriculture,organization,11,3,0,0.7857142857142857,4,0,1,0,0,not_eligible,0,0
P33,36,90000,Rajasthan,craft worker,secondary,minority,female,0,self_employed,traditional_artisan,AGR002,Agriculture / Export Promotion,organization,12,2,0,0.8571428571428571,4,1,1,0,0,not_eligible,0,0
P33,36,90000,Rajasthan,craft worker,secondary,minority,female,0,self_employed,traditional_artisan,AGR003,Agriculture / Farm Mechanization,individual,12,2,1,0.8,5,0,1,1,1,not_eligible,0,0
P33,36,90000,Rajasthan,craft worker,secondary,minority,female,0,self_employed,traditional_artisan,RUR002,Rural Development / Land Ownership,individual,13,1,0,0.9285714285714286,3,1,1,0,1,not_eligible,0,0
P33,36,90000,Rajasthan,craft worker,secondary,minority,female,0,self_employed,traditional_artisan,DIS001,Disability Welfare / Transport Aid,individual,8,6,0,0.5714285714285714,7,0,1,0,1,not_eligible,0,0
P33,36,90000,Rajasthan,craft worker,secondary,minority,female,0,self_employed,traditional_artisan,SKL002,Skill Development / Entrepreneurship,individual,9,5,0,0.6428571428571429,5,1,1,0,1,not_eligible,0,0
P33,36,90000,Rajasthan,craft worker,secondary,minority,female,0,self_employed,traditional_artisan,SOC003,Minority Welfare / Financial Assistance,individual,12,2,0,0.8571428571428571,6,0,1,0,1,not_eligible,0,0
P33,36,90000,Rajasthan,craft worker,secondary,minority,female,0,self_employed,traditional_artisan,MIN001,Minority Welfare / Skill & Livelihood,individual,13,1,0,0.9285714285714286,4,0,1,0,1,not_eligible,0,0
P33,36,90000,Rajasthan,craft worker,secondary,minority,female,0,self_employed,traditional_artisan,COM001,Commerce & Industry / Recognition,individual,12,2,0,0.8571428571428571,3,1,1,0,1,not_eligible,0,0
P33,36,90000,Rajasthan,craft worker,secondary,minority,female,0,self_employed,traditional_artisan,SCI001,Science & Technology / Innovation,individual,12,2,0,0.8571428571428571,5,1,1,0,1,not_eligible,0,0
P33,36,90000,Rajasthan,craft worker,secondary,minority,female,0,self_employed,traditional_artisan,FIN002,Financial Inclusion / Entrepreneurship,individual,11,3,0,0.7857142857142857,6,1,1,0,1,not_eligible,0,0
P33,36,90000,Rajasthan,craft worker,secondary,minority,female,0,self_employed,traditional_artisan,MED003,Health / Financial Assistance,individual,13,1,0,0.9285714285714286,5,1,1,0,1,not_eligible,0,0
P33,36,90000,Rajasthan,craft worker,secondary,minority,female,0,self_employed,traditional_artisan,MED004,Healthcare / Financial Assistance,individual,12,2,0,0.8571428571428571,5,1,1,0,1,not_eligible,0,0
P33,36,90000,Rajasthan,craft worker,secondary,minority,female,0,self_employed,traditional_artisan,MED005,Healthcare / Insurance,individual,12,2,0,0.8571428571428571,4,0,1,0,1,not_eligible,0,0
P33,36,90000,Rajasthan,craft worker,secondary,minority,female,0,self_employed,traditional_artisan,WOM001,Women & Child Development / Nutrition,individual,11,3,0,0.7857142857142857,3,0,1,0,1,not_eligible,0,0
P33,36,90000,Rajasthan,craft worker,secondary,minority,female,0,self_employed,traditional_artisan,HEA001,Healthcare / Pharmaceuticals,individual,12,2,0,0.8571428571428571,5,0,1,0,1,not_eligible,0,0
P33,36,90000,Rajasthan,craft worker,secondary,minority,female,0,self_employed,traditional_artisan,EDU003,Education / Nutrition,individual,9,4,1,0.6428571428571429,2,0,1,1,1,not_eligible,0,0
P33,36,90000,Rajasthan,craft worker,secondary,minority,female,0,self_employed,traditional_artisan,EDU004,Scholarship / Disability Welfare,individual,7,6,1,0.5,6,0,1,1,1,not_eligible,0,0
P33,36,90000,Rajasthan,craft worker,secondary,minority,female,0,self_employed,traditional_artisan,EDU005,Scholarship / Social Justice,individual,8,5,1,0.5714285714285714,6,0,1,1,1,not_eligible,0,0
P33,36,90000,Rajasthan,craft worker,secondary,minority,female,0,self_employed,traditional_artisan,EDU006,Scholarship / Women Education,individual,7,5,3,0.4666666666666667,5,1,1,1,1,not_eligible,0,0
P33,36,90000,Rajasthan,craft worker,secondary,minority,female,0,self_employed,traditional_artisan,RES002,Higher Education / Research Fellowship,individual,7,5,2,0.5,6,1,1,1,1,not_eligible,0,0
P33,36,90000,Rajasthan,craft worker,secondary,minority,female,0,self_employed,traditional_artisan,SKI001,Skill Development / Minority Affairs,individual,12,2,0,0.8571428571428571,4,0,1,0,1,not_eligible,0,0
P33,36,90000,Rajasthan,craft worker,secondary,minority,female,0,self_employed,traditional_artisan,WOM002,Women & Child Development / Justice,individual,13,1,0,0.9285714285714286,2,0,1,0,1,not_eligible,0,0
P33,36,90000,Rajasthan,craft worker,secondary,minority,female,0,self_employed,traditional_artisan,EDU007,Scholarship / Education,individual,8,5,1,0.5714285714285714,6,0,1,1,1,not_eligible,0,0
P33,36,90000,Rajasthan,craft worker,secondary,minority,female,0,self_employed,traditional_artisan,RES003,Science & Technology / Research Fellowship,individual,8,5,1,0.5714285714285714,5,1,1,1,1,not_eligible,0,0
P33,36,90000,Rajasthan,craft worker,secondary,minority,female,0,self_employed,traditional_artisan,EDU008,Higher Education / Electronics & IT Research,individual,9,3,2,0.6428571428571429,4,1,1,1,1,not_eligible,0,0
P33,36,90000,Rajasthan,craft worker,secondary,minority,female,0,self_employed,traditional_artisan,RES004,Science & Technology / Engineering Fellowship,individual,9,4,1,0.6428571428571429,4,1,1,1,1,not_eligible,0,0
P33,36,90000,Rajasthan,craft worker,secondary,minority,female,0,self_employed,traditional_artisan,CUL002,Culture / Arts & Performing Arts,individual,10,4,0,0.7142857142857143,5,1,1,0,1,not_eligible,0,0
P33,36,90000,Rajasthan,craft worker,secondary,minority,female,0,self_employed,traditional_artisan,CUL003,Culture / State Recognition,individual,11,3,0,0.7857142857142857,5,1,1,0,1,not_eligible,0,0
P33,36,90000,Rajasthan,craft worker,secondary,minority,female,0,self_employed,traditional_artisan,CUL004,Culture / Infrastructure Support,individual,11,2,1,0.7857142857142857,5,1,1,1,1,not_eligible,0,0
P34,15,60000,Delhi,student,secondary,general,female,0,student,adolescent_girl,MED001,Health / Social Welfare,individual,9,5,0,0.6428571428571429,9,1,1,0,1,not_eligible,0,0
P34,15,60000,Delhi,student,secondary,general,female,0,student,adolescent_girl,CUL001,Culture / Pension,individual,10,4,0,0.7142857142857143,8,1,1,0,1,not_eligible,0,0
P34,15,60000,Delhi,student,secondary,general,female,0,student,adolescent_girl,SOC001,Social Security / Pension,individual,9,5,0,0.6428571428571429,6,0,1,0,1,not_eligible,0,0
P34,15,60000,Delhi,student,secondary,general,female,0,student,adolescent_girl,HOU001,Housing / LGBTQ+ Welfare,individual,10,4,0,0.7142857142857143,3,1,1,0,1,not_eligible,0,0
P34,15,60000,Delhi,student,secondary,general,female,0,student,adolescent_girl,EXT001,External Affairs / Overseas Welfare,individual,13,1,0,0.9285714285714286,4,1,1,0,1,not_eligible,0,0
P34,15,60000,Delhi,student,secondary,general,female,0,student,adolescent_girl,RUR001,Rural Infrastructure / Energy,community,11,3,0,0.7857142857142857,3,1,1,0,0,not_eligible,0,0
P34,15,60000,Delhi,student,secondary,general,female,0,student,adolescent_girl,EDU001,Education / Disability,institution,11,3,0,0.7857142857142857,6,1,1,0,0,not_eligible,0,0
P34,15,60000,Delhi,student,secondary,general,female,0,student,adolescent_girl,EDU002,Scholarship / Education,individual,9,5,0,0.6428571428571429,7,0,1,0,1,not_eligible,0,0
P34,15,60000,Delhi,student,secondary,general,female,0,student,adolescent_girl,RES001,Research & Development,institution,9,5,0,0.6428571428571429,5,1,1,0,0,not_eligible,0,0
P34,15,60000,Delhi,student,secondary,general,female,0,student,adolescent_girl,FIN001,Financial Inclusion / Insurance,individual,12,2,0,0.8571428571428571,4,0,1,0,1,not_eligible,0,0
P34,15,60000,Delhi,student,secondary,general,female,0,student,adolescent_girl,AGR001,Fisheries / Social Security,individual,10,4,0,0.7142857142857143,8,1,1,0,1,not_eligible,0,0
P34,15,60000,Delhi,student,secondary,general,female,0,student,adolescent_girl,MED002,Health / Financial Assistance,individual,12,2,0,0.8571428571428571,5,1,1,0,1,not_eligible,0,0
P34,15,60000,Delhi,student,secondary,general,female,0,student,adolescent_girl,SOC002,Social Security / Healthcare,individual,9,5,0,0.6428571428571429,6,1,1,0,1,not_eligible,0,0
P34,15,60000,Delhi,student,secondary,general,female,0,student,adolescent_girl,EMP001,Entrepreneurship / Minority Welfare,individual,7,7,0,0.5,6,0,1,0,1,not_eligible,0,0
P34,15,60000,Delhi,student,secondary,general,female,0,student,adolescent_girl,SKL001,Skill Development / Agriculture,organization,10,4,0,0.7142857142857143,4,0,1,0,0,not_eligible,0,0
P34,15,60000,Delhi,student,secondary,general,female,0,student,adolescent_girl,AGR002,Agriculture / Export Promotion,organization,11,3,0,0.7857142857142857,4,1,1,0,0,not_eligible,0,0
P34,15,60000,Delhi,student,secondary,general,female,0,student,adolescent_girl,AGR003,Agriculture / Farm Mechanization,individual,11,3,1,0.7333333333333333,5,0,1,1,1,not_eligible,0,0
P34,15,60000,Delhi,student,secondary,general,female,0,student,adolescent_girl,RUR002,Rural Development / Land Ownership,individual,12,2,0,0.8571428571428571,3,1,1,0,1,not_eligible,0,0
P34,15,60000,Delhi,student,secondary,general,female,0,student,adolescent_girl,DIS001,Disability Welfare / Transport Aid,individual,9,5,0,0.6428571428571429,7,0,1,0,1,not_eligible,0,0
P34,15,60000,Delhi,student,secondary,general,female,0,student,adolescent_girl,SKL002,Skill Development / Entrepreneurship,individual,8,6,0,0.5714285714285714,5,1,1,0,1,not_eligible,0,0
P34,15,60000,Delhi,student,secondary,general,female,0,student,adolescent_girl,SOC003,Minority Welfare / Financial Assistance,individual,8,6,0,0.5714285714285714,6,0,1,0,1,not_eligible,0,0
P34,15,60000,Delhi,student,secondary,general,female,0,student,adolescent_girl,MIN001,Minority Welfare / Skill & Livelihood,individual,10,4,0,0.7142857142857143,4,0,1,0,1,not_eligible,0,0
P34,15,60000,Delhi,student,secondary,general,female,0,student,adolescent_girl,COM001,Commerce & Industry / Recognition,individual,12,2,0,0.8571428571428571,3,1,1,0,1,not_eligible,0,0
P34,15,60000,Delhi,student,secondary,general,female,0,student,adolescent_girl,SCI001,Science & Technology / Innovation,individual,11,3,0,0.7857142857142857,5,1,1,0,1,not_eligible,0,0
P34,15,60000,Delhi,student,secondary,general,female,0,student,adolescent_girl,FIN002,Financial Inclusion / Entrepreneurship,individual,11,3,0,0.7857142857142857,6,1,1,0,1,not_eligible,0,0
P34,15,60000,Delhi,student,secondary,general,female,0,student,adolescent_girl,MED003,Health / Financial Assistance,individual,12,2,0,0.8571428571428571,5,1,1,0,1,not_eligible,0,0
P34,15,60000,Delhi,student,secondary,general,female,0,student,adolescent_girl,MED004,Healthcare / Financial Assistance,individual,13,1,0,0.9285714285714286,5,1,1,0,1,not_eligible,0,0
P34,15,60000,Delhi,student,secondary,general,female,0,student,adolescent_girl,MED005,Healthcare / Insurance,individual,12,2,0,0.8571428571428571,4,0,1,0,1,not_eligible,0,0
P34,15,60000,Delhi,student,secondary,general,female,0,student,adolescent_girl,WOM001,Women & Child Development / Nutrition,individual,12,2,0,0.8571428571428571,3,0,1,0,1,not_eligible,0,0
P34,15,60000,Delhi,student,secondary,general,female,0,student,adolescent_girl,HEA001,Healthcare / Pharmaceuticals,individual,12,2,0,0.8571428571428571,5,0,1,0,1,not_eligible,0,0
P34,15,60000,Delhi,student,secondary,general,female,0,student,adolescent_girl,EDU003,Education / Nutrition,individual,10,4,0,0.7142857142857143,2,0,1,0,1,not_eligible,0,0
P34,15,60000,Delhi,student,secondary,general,female,0,student,adolescent_girl,EDU004,Scholarship / Disability Welfare,individual,9,5,0,0.6428571428571429,6,0,1,0,1,not_eligible,0,0
P34,15,60000,Delhi,student,secondary,general,female,0,student,adolescent_girl,EDU005,Scholarship / Social Justice,individual,11,3,0,0.7857142857142857,6,0,1,0,1,not_eligible,0,0
P34,15,60000,Delhi,student,secondary,general,female,0,student,adolescent_girl,EDU006,Scholarship / Women Education,individual,10,4,1,0.6666666666666666,5,1,1,1,1,not_eligible,0,0
P34,15,60000,Delhi,student,secondary,general,female,0,student,adolescent_girl,RES002,Higher Education / Research Fellowship,individual,8,6,0,0.5714285714285714,6,1,1,0,1,not_eligible,0,0
P34,15,60000,Delhi,student,secondary,general,female,0,student,adolescent_girl,SKI001,Skill Development / Minority Affairs,individual,10,4,0,0.7142857142857143,4,0,1,0,1,not_eligible,0,0
P34,15,60000,Delhi,student,secondary,general,female,0,student,adolescent_girl,WOM002,Women & Child Development / Justice,individual,12,2,0,0.8571428571428571,2,0,1,0,1,not_eligible,0,0
P34,15,60000,Delhi,student,secondary,general,female,0,student,adolescent_girl,EDU007,Scholarship / Education,individual,11,3,0,0.7857142857142857,6,0,1,0,1,not_eligible,0,0
P34,15,60000,Delhi,student,secondary,general,female,0,student,adolescent_girl,RES003,Science & Technology / Research Fellowship,individual,8,6,0,0.5714285714285714,5,1,1,0,1,not_eligible,0,0
P34,15,60000,Delhi,student,secondary,general,female,0,student,adolescent_girl,EDU008,Higher Education / Electronics & IT Research,individual,9,5,0,0.6428571428571429,4,1,1,0,1,not_eligible,0,0
P34,15,60000,Delhi,student,secondary,general,female,0,student,adolescent_girl,RES004,Science & Technology / Engineering Fellowship,individual,9,5,0,0.6428571428571429,4,1,1,0,1,not_eligible,0,0
P34,15,60000,Delhi,student,secondary,general,female,0,student,adolescent_girl,CUL002,Culture / Arts & Performing Arts,individual,10,4,0,0.7142857142857143,5,1,1,0,1,not_eligible,0,0
P34,15,60000,Delhi,student,secondary,general,female,0,student,adolescent_girl,CUL003,Culture / State Recognition,individual,10,4,0,0.7142857142857143,5,1,1,0,1,not_eligible,0,0
P34,15,60000,Delhi,student,secondary,general,female,0,student,adolescent_girl,CUL004,Culture / Infrastructure Support,individual,11,3,0,0.7857142857142857,5,1,1,0,1,not_eligible,0,0
P35,29,50000,Delhi,unemployed,secondary,general,transgender,0,unemployed,transgender_person,MED001,Health / Social Welfare,individual,11,3,0,0.7857142857142857,9,1,1,0,1,not_eligible,0,0
P35,29,50000,Delhi,unemployed,secondary,general,transgender,0,unemployed,transgender_person,CUL001,Culture / Pension,individual,10,4,0,0.7142857142857143,8,1,1,0,1,not_eligible,0,0
P35,29,50000,Delhi,unemployed,secondary,general,transgender,0,unemployed,transgender_person,SOC001,Social Security / Pension,individual,10,4,0,0.7142857142857143,6,0,1,0,1,not_eligible,0,0
P35,29,50000,Delhi,unemployed,secondary,general,transgender,0,unemployed,transgender_person,HOU001,Housing / LGBTQ+ Welfare,individual,14,0,0,1.0,3,1,0,0,1,eligible,2,1
P35,29,50000,Delhi,unemployed,secondary,general,transgender,0,unemployed,transgender_person,EXT001,External Affairs / Overseas Welfare,individual,12,2,0,0.8571428571428571,4,1,1,0,1,not_eligible,0,0
P35,29,50000,Delhi,unemployed,secondary,general,transgender,0,unemployed,transgender_person,RUR001,Rural Infrastructure / Energy,community,11,3,0,0.7857142857142857,3,1,1,0,0,not_eligible,0,0
P35,29,50000,Delhi,unemployed,secondary,general,transgender,0,unemployed,transgender_person,EDU001,Education / Disability,institution,10,3,1,0.7142857142857143,6,1,1,1,0,not_eligible,0,0
P35,29,50000,Delhi,unemployed,secondary,general,transgender,0,unemployed,transgender_person,EDU002,Scholarship / Education,individual,9,5,0,0.6428571428571429,7,0,1,0,1,not_eligible,0,0
P35,29,50000,Delhi,unemployed,secondary,general,transgender,0,unemployed,transgender_person,RES001,Research & Development,institution,9,4,1,0.6428571428571429,5,1,1,1,0,not_eligible,0,0
P35,29,50000,Delhi,unemployed,secondary,general,transgender,0,unemployed,transgender_person,FIN001,Financial Inclusion / Insurance,individual,13,1,0,0.9285714285714286,4,0,1,0,1,not_eligible,0,0
P35,29,50000,Delhi,unemployed,secondary,general,transgender,0,unemployed,transgender_person,AGR001,Fisheries / Social Security,individual,11,3,0,0.7857142857142857,8,1,1,0,1,not_eligible,0,0
P35,29,50000,Delhi,unemployed,secondary,general,transgender,0,unemployed,transgender_person,MED002,Health / Financial Assistance,individual,12,2,0,0.8571428571428571,5,1,1,0,1,not_eligible,0,0
P35,29,50000,Delhi,unemployed,secondary,general,transgender,0,unemployed,transgender_person,SOC002,Social Security / Healthcare,individual,10,4,0,0.7142857142857143,6,1,1,0,1,not_eligible,0,0
P35,29,50000,Delhi,unemployed,secondary,general,transgender,0,unemployed,transgender_person,EMP001,Entrepreneurship / Minority Welfare,individual,10,4,0,0.7142857142857143,6,0,1,0,1,not_eligible,0,0
P35,29,50000,Delhi,unemployed,secondary,general,transgender,0,unemployed,transgender_person,SKL001,Skill Development / Agriculture,organization,10,4,0,0.7142857142857143,4,0,1,0,0,not_eligible,0,0
P35,29,50000,Delhi,unemployed,secondary,general,transgender,0,unemployed,transgender_person,AGR002,Agriculture / Export Promotion,organization,12,2,0,0.8571428571428571,4,1,1,0,0,not_eligible,0,0
P35,29,50000,Delhi,unemployed,secondary,general,transgender,0,unemployed,transgender_person,AGR003,Agriculture / Farm Mechanization,individual,12,2,1,0.8,5,0,1,1,1,not_eligible,0,0
P35,29,50000,Delhi,unemployed,secondary,general,transgender,0,unemployed,transgender_person,RUR002,Rural Development / Land Ownership,individual,13,1,0,0.9285714285714286,3,1,1,0,1,not_eligible,0,0
P35,29,50000,Delhi,unemployed,secondary,general,transgender,0,unemployed,transgender_person,DIS001,Disability Welfare / Transport Aid,individual,9,5,0,0.6428571428571429,7,0,1,0,1,not_eligible,0,0
P35,29,50000,Delhi,unemployed,secondary,general,transgender,0,unemployed,transgender_person,SKL002,Skill Development / Entrepreneurship,individual,11,3,0,0.7857142857142857,5,1,1,0,1,not_eligible,0,0
P35,29,50000,Delhi,unemployed,secondary,general,transgender,0,unemployed,transgender_person,SOC003,Minority Welfare / Financial Assistance,individual,9,5,0,0.6428571428571429,6,0,1,0,1,not_eligible,0,0
P35,29,50000,Delhi,unemployed,secondary,general,transgender,0,unemployed,transgender_person,MIN001,Minority Welfare / Skill & Livelihood,individual,11,3,0,0.7857142857142857,4,0,1,0,1,not_eligible,0,0
P35,29,50000,Delhi,unemployed,secondary,general,transgender,0,unemployed,transgender_person,COM001,Commerce & Industry / Recognition,individual,12,2,0,0.8571428571428571,3,1,1,0,1,not_eligible,0,0
P35,29,50000,Delhi,unemployed,secondary,general,transgender,0,unemployed,transgender_person,SCI001,Science & Technology / Innovation,individual,12,2,0,0.8571428571428571,5,1,1,0,1,not_eligible,0,0
P35,29,50000,Delhi,unemployed,secondary,general,transgender,0,unemployed,transgender_person,FIN002,Financial Inclusion / Entrepreneurship,individual,12,2,0,0.8571428571428571,6,1,1,0,1,not_eligible,0,0
P35,29,50000,Delhi,unemployed,secondary,general,transgender,0,unemployed,transgender_person,MED003,Health / Financial Assistance,individual,12,2,0,0.8571428571428571,5,1,1,0,1,not_eligible,0,0
P35,29,50000,Delhi,unemployed,secondary,general,transgender,0,unemployed,transgender_person,MED004,Healthcare / Financial Assistance,individual,13,1,0,0.9285714285714286,5,1,1,0,1,not_eligible,0,0
P35,29,50000,Delhi,unemployed,secondary,general,transgender,0,unemployed,transgender_person,MED005,Healthcare / Insurance,individual,12,2,0,0.8571428571428571,4,0,1,0,1,not_eligible,0,0
P35,29,50000,Delhi,unemployed,secondary,general,transgender,0,unemployed,transgender_person,WOM001,Women & Child Development / Nutrition,individual,10,4,0,0.7142857142857143,3,0,1,0,1,not_eligible,0,0
P35,29,50000,Delhi,unemployed,secondary,general,transgender,0,unemployed,transgender_person,HEA001,Healthcare / Pharmaceuticals,individual,12,2,0,0.8571428571428571,5,0,1,0,1,not_eligible,0,0
P35,29,50000,Delhi,unemployed,secondary,general,transgender,0,unemployed,transgender_person,EDU003,Education / Nutrition,individual,9,4,1,0.6428571428571429,2,0,1,1,1,not_eligible,0,0
P35,29,50000,Delhi,unemployed,secondary,general,transgender,0,unemployed,transgender_person,EDU004,Scholarship / Disability Welfare,individual,8,5,1,0.5714285714285714,6,0,1,1,1,not_eligible,0,0
P35,29,50000,Delhi,unemployed,secondary,general,transgender,0,unemployed,transgender_person,EDU005,Scholarship / Social Justice,individual,8,5,1,0.5714285714285714,6,0,1,1,1,not_eligible,0,0
P35,29,50000,Delhi,unemployed,secondary,general,transgender,0,unemployed,transgender_person,EDU006,Scholarship / Women Education,individual,7,5,3,0.4666666666666667,5,1,1,1,1,not_eligible,0,0
P35,29,50000,Delhi,unemployed,secondary,general,transgender,0,unemployed,transgender_person,RES002,Higher Education / Research Fellowship,individual,9,3,2,0.6428571428571429,6,1,1,1,1,not_eligible,0,0
P35,29,50000,Delhi,unemployed,secondary,general,transgender,0,unemployed,transgender_person,SKI001,Skill Development / Minority Affairs,individual,10,4,0,0.7142857142857143,4,0,1,0,1,not_eligible,0,0
P35,29,50000,Delhi,unemployed,secondary,general,transgender,0,unemployed,transgender_person,WOM002,Women & Child Development / Justice,individual,12,2,0,0.8571428571428571,2,0,1,0,1,not_eligible,0,0
P35,29,50000,Delhi,unemployed,secondary,general,transgender,0,unemployed,transgender_person,EDU007,Scholarship / Education,individual,8,5,1,0.5714285714285714,6,0,1,1,1,not_eligible,0,0
P35,29,50000,Delhi,unemployed,secondary,general,transgender,0,unemployed,transgender_person,RES003,Science & Technology / Research Fellowship,individual,7,6,1,0.5,5,1,1,1,1,not_eligible,0,0
P35,29,50000,Delhi,unemployed,secondary,general,transgender,0,unemployed,transgender_person,EDU008,Higher Education / Electronics & IT Research,individual,9,3,2,0.6428571428571429,4,1,1,1,1,not_eligible,0,0
P35,29,50000,Delhi,unemployed,secondary,general,transgender,0,unemployed,transgender_person,RES004,Science & Technology / Engineering Fellowship,individual,9,4,1,0.6428571428571429,4,1,1,1,1,not_eligible,0,0
P35,29,50000,Delhi,unemployed,secondary,general,transgender,0,unemployed,transgender_person,CUL002,Culture / Arts & Performing Arts,individual,10,4,0,0.7142857142857143,5,1,1,0,1,not_eligible,0,0
P35,29,50000,Delhi,unemployed,secondary,general,transgender,0,unemployed,transgender_person,CUL003,Culture / State Recognition,individual,11,3,0,0.7857142857142857,5,1,1,0,1,not_eligible,0,0
P35,29,50000,Delhi,unemployed,secondary,general,transgender,0,unemployed,transgender_person,CUL004,Culture / Infrastructure Support,individual,11,2,1,0.7857142857142857,5,1,1,1,1,not_eligible,0,0
P36,24,100000,Gujarat,artist,graduate,general,female,0,self_employed,young_artist,MED001,Health / Social Welfare,individual,11,3,0,0.7857142857142857,9,1,1,0,1,not_eligible,0,0
P36,24,100000,Gujarat,artist,graduate,general,female,0,self_employed,young_artist,CUL001,Culture / Pension,individual,12,2,0,0.8571428571428571,8,1,1,0,1,not_eligible,0,0
P36,24,100000,Gujarat,artist,graduate,general,female,0,self_employed,young_artist,SOC001,Social Security / Pension,individual,10,4,0,0.7142857142857143,6,0,1,0,1,not_eligible,0,0
P36,24,100000,Gujarat,artist,graduate,general,female,0,self_employed,young_artist,HOU001,Housing / LGBTQ+ Welfare,individual,11,3,0,0.7857142857142857,3,1,1,0,1,not_eligible,0,0
P36,24,100000,Gujarat,artist,graduate,general,female,0,self_employed,young_artist,EXT001,External Affairs / Overseas Welfare,individual,12,2,0,0.8571428571428571,4,1,1,0,1,not_eligible,0,0
P36,24,100000,Gujarat,artist,graduate,general,female,0,self_employed,young_artist,RUR001,Rural Infrastructure / Energy,community,12,2,0,0.8571428571428571,3,1,1,0,0,not_eligible,0,0
P36,24,100000,Gujarat,artist,graduate,general,female,0,self_employed,young_artist,EDU001,Education / Disability,institution,9,4,1,0.6428571428571429,6,1,1,1,0,not_eligible,0,0
P36,24,100000,Gujarat,artist,graduate,general,female,0,self_employed,young_artist,EDU002,Scholarship / Education,individual,9,5,0,0.6428571428571429,7,0,1,0,1,not_eligible,0,0
P36,24,100000,Gujarat,artist,graduate,general,female,0,self_employed,young_artist,RES001,Research & Development,institution,9,4,1,0.6428571428571429,5,1,1,1,0,not_eligible,0,0
P36,24,100000,Gujarat,artist,graduate,general,female,0,self_employed,young_artist,FIN001,Financial Inclusion / Insurance,individual,13,1,0,0.9285714285714286,4,0,1,0,1,not_eligible,0,0
P36,24,100000,Gujarat,artist,graduate,general,female,0,self_employed,young_artist,AGR001,Fisheries / Social Security,individual,11,3,0,0.7857142857142857,8,1,1,0,1,not_eligible,0,0
P36,24,100000,Gujarat,artist,graduate,general,female,0,self_employed,young_artist,MED002,Health / Financial Assistance,individual,12,2,0,0.8571428571428571,5,1,1,0,1,not_eligible,0,0
P36,24,100000,Gujarat,artist,graduate,general,female,0,self_employed,young_artist,SOC002,Social Security / Healthcare,individual,10,4,0,0.7142857142857143,6,1,1,0,1,not_eligible,0,0
P36,24,100000,Gujarat,artist,graduate,general,female,0,self_employed,young_artist,EMP001,Entrepreneurship / Minority Welfare,individual,8,6,0,0.5714285714285714,6,0,1,0,1,not_eligible,0,0
P36,24,100000,Gujarat,artist,graduate,general,female,0,self_employed,young_artist,SKL001,Skill Development / Agriculture,organization,11,3,0,0.7857142857142857,4,0,1,0,0,not_eligible,0,0
P36,24,100000,Gujarat,artist,graduate,general,female,0,self_employed,young_artist,AGR002,Agriculture / Export Promotion,organization,12,2,0,0.8571428571428571,4,1,1,0,0,not_eligible,0,0
P36,24,100000,Gujarat,artist,graduate,general,female,0,self_employed,young_artist,AGR003,Agriculture / Farm Mechanization,individual,12,2,1,0.8,5,0,1,1,1,not_eligible,0,0
P36,24,100000,Gujarat,artist,graduate,general,female,0,self_employed,young_artist,RUR002,Rural Development / Land Ownership,individual,13,1,0,0.9285714285714286,3,1,1,0,1,not_eligible,0,0
P36,24,100000,Gujarat,artist,graduate,general,female,0,self_employed,young_artist,DIS001,Disability Welfare / Transport Aid,individual,8,6,0,0.5714285714285714,7,0,1,0,1,not_eligible,0,0
P36,24,100000,Gujarat,artist,graduate,general,female,0,self_employed,young_artist,SKL002,Skill Development / Entrepreneurship,individual,9,5,0,0.6428571428571429,5,1,1,0,1,not_eligible,0,0
P36,24,100000,Gujarat,artist,graduate,general,female,0,self_employed,young_artist,SOC003,Minority Welfare / Financial Assistance,individual,10,4,0,0.7142857142857143,6,0,1,0,1,not_eligible,0,0
P36,24,100000,Gujarat,artist,graduate,general,female,0,self_employed,young_artist,MIN001,Minority Welfare / Skill & Livelihood,individual,11,3,0,0.7857142857142857,4,0,1,0,1,not_eligible,0,0
P36,24,100000,Gujarat,artist,graduate,general,female,0,self_employed,young_artist,COM001,Commerce & Industry / Recognition,individual,12,2,0,0.8571428571428571,3,1,1,0,1,not_eligible,0,0
P36,24,100000,Gujarat,artist,graduate,general,female,0,self_employed,young_artist,SCI001,Science & Technology / Innovation,individual,12,2,0,0.8571428571428571,5,1,1,0,1,not_eligible,0,0
P36,24,100000,Gujarat,artist,graduate,general,female,0,self_employed,young_artist,FIN002,Financial Inclusion / Entrepreneurship,individual,12,2,0,0.8571428571428571,6,1,1,0,1,not_eligible,0,0
P36,24,100000,Gujarat,artist,graduate,general,female,0,self_employed,young_artist,MED003,Health / Financial Assistance,individual,12,2,0,0.8571428571428571,5,1,1,0,1,not_eligible,0,0
P36,24,100000,Gujarat,artist,graduate,general,female,0,self_employed,young_artist,MED004,Healthcare / Financial Assistance,individual,12,2,0,0.8571428571428571,5,1,1,0,1,not_eligible,0,0
P36,24,100000,Gujarat,artist,graduate,general,female,0,self_employed,young_artist,MED005,Healthcare / Insurance,individual,12,2,0,0.8571428571428571,4,0,1,0,1,not_eligible,0,0
P36,24,100000,Gujarat,artist,graduate,general,female,0,self_employed,young_artist,WOM001,Women & Child Development / Nutrition,individual,11,3,0,0.7857142857142857,3,0,1,0,1,not_eligible,0,0
P36,24,100000,Gujarat,artist,graduate,general,female,0,self_employed,young_artist,HEA001,Healthcare / Pharmaceuticals,individual,12,2,0,0.8571428571428571,5,0,1,0,1,not_eligible,0,0
P36,24,100000,Gujarat,artist,graduate,general,female,0,self_employed,young_artist,EDU003,Education / Nutrition,individual,9,4,1,0.6428571428571429,2,0,1,1,1,not_eligible,0,0
P36,24,100000,Gujarat,artist,graduate,general,female,0,self_employed,young_artist,EDU004,Scholarship / Disability Welfare,individual,8,5,1,0.5714285714285714,6,0,1,1,1,not_eligible,0,0
P36,24,100000,Gujarat,artist,graduate,general,female,0,self_employed,young_artist,EDU005,Scholarship / Social Justice,individual,8,5,1,0.5714285714285714,6,0,1,1,1,not_eligible,0,0
P36,24,100000,Gujarat,artist,graduate,general,female,0,self_employed,young_artist,EDU006,Scholarship / Women Education,individual,9,3,3,0.6,5,1,1,1,1,not_eligible,0,0
P36,24,100000,Gujarat,artist,graduate,general,female,0,self_employed,young_artist,RES002,Higher Education / Research Fellowship,individual,9,3,2,0.6428571428571429,6,1,1,1,1,not_eligible,0,0
P36,24,100000,Gujarat,artist,graduate,general,female,0,self_employed,young_artist,SKI001,Skill Development / Minority Affairs,individual,10,4,0,0.7142857142857143,4,0,1,0,1,not_eligible,0,0
P36,24,100000,Gujarat,artist,graduate,general,female,0,self_employed,young_artist,WOM002,Women & Child Development / Justice,individual,13,1,0,0.9285714285714286,2,0,1,0,1,not_eligible,0,0
P36,24,100000,Gujarat,artist,graduate,general,female,0,self_employed,young_artist,EDU007,Scholarship / Education,individual,8,5,1,0.5714285714285714,6,0,1,1,1,not_eligible,0,0
P36,24,100000,Gujarat,artist,graduate,general,female,0,self_employed,young_artist,RES003,Science & Technology / Research Fellowship,individual,8,5,1,0.5714285714285714,5,1,1,1,1,not_eligible,0,0
P36,24,100000,Gujarat,artist,graduate,general,female,0,self_employed,young_artist,EDU008,Higher Education / Electronics & IT Research,individual,10,2,2,0.7142857142857143,4,1,1,1,1,not_eligible,0,0
P36,24,100000,Gujarat,artist,graduate,general,female,0,self_employed,young_artist,RES004,Science & Technology / Engineering Fellowship,individual,9,4,1,0.6428571428571429,4,1,1,1,1,not_eligible,0,0
P36,24,100000,Gujarat,artist,graduate,general,female,0,self_employed,young_artist,CUL002,Culture / Arts & Performing Arts,individual,13,1,0,0.9285714285714286,5,1,1,0,1,not_eligible,0,0
P36,24,100000,Gujarat,artist,graduate,general,female,0,self_employed,young_artist,CUL003,Culture / State Recognition,individual,12,2,0,0.8571428571428571,5,1,1,0,1,not_eligible,0,0
P36,24,100000,Gujarat,artist,graduate,general,female,0,self_employed,young_artist,CUL004,Culture / Infrastructure Support,individual,11,2,1,0.7857142857142857,5,1,1,1,1,not_eligible,0,0
P37,0,0,Delhi,cultural institution,,,,0,,cultural_institution,MED001,Health / Social Welfare,individual,9,3,2,0.6428571428571429,9,1,1,1,1,not_eligible,0,0
P37,0,0,Delhi,cultural institution,,,,0,,cultural_institution,CUL001,Culture / Pension,individual,10,2,2,0.7142857142857143,8,1,1,1,1,not_eligible,0,0
P37,0,0,Delhi,cultural institution,,,,0,,cultural_institution,SOC001,Social Security / Pension,individual,9,1,4,0.6428571428571429,6,0,1,1,1,not_eligible,0,0
P37,0,0,Delhi,cultural institution,,,,0,,cultural_institution,HOU001,Housing / LGBTQ+ Welfare,individual,10,1,3,0.7142857142857143,3,1,1,1,1,not_eligible,0,0
P37,0,0,Delhi,cultural institution,,,,0,,cultural_institution,EXT001,External Affairs / Overseas Welfare,individual,11,2,1,0.7857142857142857,4,1,1,1,1,not_eligible,0,0
P37,0,0,Delhi,cultural institution,,,,0,,cultural_institution,RUR001,Rural Infrastructure / Energy,community,10,3,1,0.7142857142857143,3,1,1,1,0,not_eligible,0,0
P37,0,0,Delhi,cultural institution,,,,0,,cultural_institution,EDU001,Education / Disability,institution,8,3,3,0.5714285714285714,6,1,1,1,0,not_eligible,0,0
P37,0,0,Delhi,cultural institution,,,,0,,cultural_institution,EDU002,Scholarship / Education,individual,7,3,4,0.5,7,0,1,1,1,not_eligible,0,0
P37,0,0,Delhi,cultural institution,,,,0,,cultural_institution,RES001,Research & Development,institution,8,3,3,0.5714285714285714,5,1,1,1,0,not_eligible,0,0
P37,0,0,Delhi,cultural institution,,,,0,,cultural_institution,FIN001,Financial Inclusion / Insurance,individual,12,1,1,0.8571428571428571,4,0,1,1,1,not_eligible,0,0
P37,0,0,Delhi,cultural institution,,,,0,,cultural_institution,AGR001,Fisheries / Social Security,individual,10,2,2,0.7142857142857143,8,1,1,1,1,not_eligible,0,0
P37,0,0,Delhi,cultural institution,,,,0,,cultural_institution,MED002,Health / Financial Assistance,individual,11,2,1,0.7857142857142857,5,1,1,1,1,not_eligible,0,0
P37,0,0,Delhi,cultural institution,,,,0,,cultural_institution,SOC002,Social Security / Healthcare,individual,9,3,2,0.6428571428571429,6,1,1,1,1,not_eligible,0,0
P37,0,0,Delhi,cultural institution,,,,0,,cultural_institution,EMP001,Entrepreneurship / Minority Welfare,individual,7,3,4,0.5,6,0,1,1,1,not_eligible,0,0
P37,0,0,Delhi,cultural institution,,,,0,,cultural_institution,SKL001,Skill Development / Agriculture,organization,9,3,2,0.6428571428571429,4,0,1,1,0,not_eligible,0,0
P37,0,0,Delhi,cultural institution,,,,0,,cultural_institution,AGR002,Agriculture / Export Promotion,organization,11,2,1,0.7857142857142857,4,1,1,1,0,not_eligible,0,0
P37,0,0,Delhi,cultural institution,,,,0,,cultural_institution,AGR003,Agriculture / Farm Mechanization,individual,11,2,2,0.7333333333333333,5,0,1,1,1,not_eligible,0,0
P37,0,0,Delhi,cultural institution,,,,0,,cultural_institution,RUR002,Rural Development / Land Ownership,individual,12,1,1,0.8571428571428571,3,1,1,1,1,not_eligible,0,0
P37,0,0,Delhi,cultural institution,,,,0,,cultural_institution,DIS001,Disability Welfare / Transport Aid,individual,7,2,5,0.5,7,0,1,1,1,not_eligible,0,0
P37,0,0,Delhi,cultural institution,,,,0,,cultural_institution,SKL002,Skill Development / Entrepreneurship,individual,8,3,3,0.5714285714285714,5,1,1,1,1,not_eligible,0,0
P37,0,0,Delhi,cultural institution,,,,0,,cultural_institution,SOC003,Minority Welfare / Financial Assistance,individual,7,3,4,0.5,6,0,1,1,1,not_eligible,0,0
P37,0,0,Delhi,cultural institution,,,,0,,cultural_institution,MIN001,Minority Welfare / Skill & Livelihood,individual,10,2,2,0.7142857142857143,4,0,1,1,1,not_eligible,0,0
P37,0,0,Delhi,cultural institution,,,,0,,cultural_institution,COM001,Commerce & Industry / Recognition,individual,11,2,1,0.7857142857142857,3,1,1,1,1,not_eligible,0,0
P37,0,0,Delhi,cultural institution,,,,0,,cultural_institution,SCI001,Science & Technology / Innovation,individual,11,2,1,0.7857142857142857,5,1,1,1,1,not_eligible,0,0
P37,0,0,Delhi,cultural institution,,,,0,,cultural_institution,FIN002,Financial Inclusion / Entrepreneurship,individual,10,2,2,0.7142857142857143,6,1,1,1,1,not_eligible,0,0
P37,0,0,Delhi,cultural institution,,,,0,,cultural_institution,MED003,Health / Financial Assistance,individual,10,2,2,0.7142857142857143,5,1,1,1,1,not_eligible,0,0
P37,0,0,Delhi,cultural institution,,,,0,,cultural_institution,MED004,Healthcare / Financial Assistance,individual,11,1,2,0.7857142857142857,5,1,1,1,1,not_eligible,0,0
P37,0,0,Delhi,cultural institution,,,,0,,cultural_institution,MED005,Healthcare / Insurance,individual,11,2,1,0.7857142857142857,4,0,1,1,1,not_eligible,0,0
P37,0,0,Delhi,cultural institution,,,,0,,cultural_institution,WOM001,Women & Child Development / Nutrition,individual,10,1,3,0.7142857142857143,3,0,1,1,1,not_eligible,0,0
P37,0,0,Delhi,cultural institution,,,,0,,cultural_institution,HEA001,Healthcare / Pharmaceuticals,individual,11,2,1,0.7857142857142857,5,0,1,1,1,not_eligible,0,0
P37,0,0,Delhi,cultural institution,,,,0,,cultural_institution,EDU003,Education / Nutrition,individual,9,3,2,0.6428571428571429,2,0,1,1,1,not_eligible,0,0
P37,0,0,Delhi,cultural institution,,,,0,,cultural_institution,EDU004,Scholarship / Disability Welfare,individual,5,3,6,0.35714285714285715,6,0,1,1,1,not_eligible,0,0
P37,0,0,Delhi,cultural institution,,,,0,,cultural_institution,EDU005,Scholarship / Social Justice,individual,6,3,5,0.42857142857142855,6,0,1,1,1,not_eligible,0,0
P37,0,0,Delhi,cultural institution,,,,0,,cultural_institution,EDU006,Scholarship / Women Education,individual,6,3,6,0.4,5,1,1,1,1,not_eligible,0,0
P37,0,0,Delhi,cultural institution,,,,0,,cultural_institution,RES002,Higher Education / Research Fellowship,individual,5,3,6,0.35714285714285715,6,1,1,1,1,not_eligible,0,0
P37,0,0,Delhi,cultural institution,,,,0,,cultural_institution,SKI001,Skill Development / Minority Affairs,individual,9,2,3,0.6428571428571429,4,0,1,1,1,not_eligible,0,0
P37,0,0,Delhi,cultural institution,,,,0,,cultural_institution,WOM002,Women & Child Development / Justice,individual,11,1,2,0.7857142857142857,2,0,1,1,1,not_eligible,0,0
P37,0,0,Delhi,cultural institution,,,,0,,cultural_institution,EDU007,Scholarship / Education,individual,7,3,4,0.5,6,0,1,1,1,not_eligible,0,0
P37,0,0,Delhi,cultural institution,,,,0,,cultural_institution,RES003,Science & Technology / Research Fellowship,individual,7,3,4,0.5,5,1,1,1,1,not_eligible,0,0
P37,0,0,Delhi,cultural institution,,,,0,,cultural_institution,EDU008,Higher Education / Electronics & IT Research,individual,8,3,3,0.5714285714285714,4,1,1,1,1,not_eligible,0,0
P37,0,0,Delhi,cultural institution,,,,0,,cultural_institution,RES004,Science & Technology / Engineering Fellowship,individual,8,3,3,0.5714285714285714,4,1,1,1,1,not_eligible,0,0
P37,0,0,Delhi,cultural institution,,,,0,,cultural_institution,CUL002,Culture / Arts & Performing Arts,individual,10,3,1,0.7142857142857143,5,1,1,1,1,not_eligible,0,0
P37,0,0,Delhi,cultural institution,,,,0,,cultural_institution,CUL003,Culture / State Recognition,individual,10,3,1,0.7142857142857143,5,1,1,1,1,not_eligible,0,0
P37,0,0,Delhi,cultural institution,,,,0,,cultural_institution,CUL004,Culture / Infrastructure Support,individual,10,3,1,0.7142857142857143,5,1,1,1,1,not_eligible,0,0
P38,34,200000,Delhi,employee,graduate,general,female,0,employed,woman_seeking_support,MED001,Health / Social Welfare,individual,11,3,0,0.7857142857142857,9,1,1,0,1,not_eligible,0,0
P38,34,200000,Delhi,employee,graduate,general,female,0,employed,woman_seeking_support,CUL001,Culture / Pension,individual,10,4,0,0.7142857142857143,8,1,1,0,1,not_eligible,0,0
P38,34,200000,Delhi,employee,graduate,general,female,0,employed,woman_seeking_support,SOC001,Social Security / Pension,individual,10,4,0,0.7142857142857143,6,0,1,0,1,not_eligible,0,0
P38,34,200000,Delhi,employee,graduate,general,female,0,employed,woman_seeking_support,HOU001,Housing / LGBTQ+ Welfare,individual,12,2,0,0.8571428571428571,3,1,1,0,1,not_eligible,0,0
P38,34,200000,Delhi,employee,graduate,general,female,0,employed,woman_seeking_support,EXT001,External Affairs / Overseas Welfare,individual,12,2,0,0.8571428571428571,4,1,1,0,1,not_eligible,0,0
P38,34,200000,Delhi,employee,graduate,general,female,0,employed,woman_seeking_support,RUR001,Rural Infrastructure / Energy,community,11,3,0,0.7857142857142857,3,1,1,0,0,not_eligible,0,0
P38,34,200000,Delhi,employee,graduate,general,female,0,employed,woman_seeking_support,EDU001,Education / Disability,institution,9,4,1,0.6428571428571429,6,1,1,1,0,not_eligible,0,0
P38,34,200000,Delhi,employee,graduate,general,female,0,employed,woman_seeking_support,EDU002,Scholarship / Education,individual,10,4,0,0.7142857142857143,7,0,1,0,1,not_eligible,0,0
P38,34,200000,Delhi,employee,graduate,general,female,0,employed,woman_seeking_support,RES001,Research & Development,institution,10,3,1,0.7142857142857143,5,1,1,1,0,not_eligible,0,0
P38,34,200000,Delhi,employee,graduate,general,female,0,employed,woman_seeking_support,FIN001,Financial Inclusion / Insurance,individual,13,1,0,0.9285714285714286,4,0,1,0,1,not_eligible,0,0
P38,34,200000,Delhi,employee,graduate,general,female,0,employed,woman_seeking_support,AGR001,Fisheries / Social Security,individual,11,3,0,0.7857142857142857,8,1,1,0,1,not_eligible,0,0
P38,34,200000,Delhi,employee,graduate,general,female,0,employed,woman_seeking_support,MED002,Health / Financial Assistance,individual,12,2,0,0.8571428571428571,5,1,1,0,1,not_eligible,0,0
P38,34,200000,Delhi,employee,graduate,general,female,0,employed,woman_seeking_support,SOC002,Social Security / Healthcare,individual,10,4,0,0.7142857142857143,6,1,1,0,1,not_eligible,0,0
P38,34,200000,Delhi,employee,graduate,general,female,0,employed,woman_seeking_support,EMP001,Entrepreneurship / Minority Welfare,individual,9,5,0,0.6428571428571429,6,0,1,0,1,not_eligible,0,0
P38,34,200000,Delhi,employee,graduate,general,female,0,employed,woman_seeking_support,SKL001,Skill Development / Agriculture,organization,11,3,0,0.7857142857142857,4,0,1,0,0,not_eligible,0,0
P38,34,200000,Delhi,employee,graduate,general,female,0,employed,woman_seeking_support,AGR002,Agriculture / Export Promotion,organization,12,2,0,0.8571428571428571,4,1,1,0,0,not_eligible,0,0
P38,34,200000,Delhi,employee,graduate,general,female,0,employed,woman_seeking_support,AGR003,Agriculture / Farm Mechanization,individual,12,2,1,0.8,5,0,1,1,1,not_eligible,0,0
P38,34,200000,Delhi,employee,graduate,general,female,0,employed,woman_seeking_support,RUR002,Rural Development / Land Ownership,individual,13,1,0,0.9285714285714286,3,1,1,0,1,not_eligible,0,0
P38,34,200000,Delhi,employee,graduate,general,female,0,employed,woman_seeking_support,DIS001,Disability Welfare / Transport Aid,individual,8,6,0,0.5714285714285714,7,0,1,0,1,not_eligible,0,0
P38,34,200000,Delhi,employee,graduate,general,female,0,employed,woman_seeking_support,SKL002,Skill Development / Entrepreneurship,individual,10,4,0,0.7142857142857143,5,1,1,0,1,not_eligible,0,0
P38,34,200000,Delhi,employee,graduate,general,female,0,employed,woman_seeking_support,SOC003,Minority Welfare / Financial Assistance,individual,10,4,0,0.7142857142857143,6,0,1,0,1,not_eligible,0,0
P38,34,200000,Delhi,employee,graduate,general,female,0,employed,woman_seeking_support,MIN001,Minority Welfare / Skill & Livelihood,individual,11,3,0,0.7857142857142857,4,0,1,0,1,not_eligible,0,0
P38,34,200000,Delhi,employee,graduate,general,female,0,employed,woman_seeking_support,COM001,Commerce & Industry / Recognition,individual,12,2,0,0.8571428571428571,3,1,1,0,1,not_eligible,0,0
P38,34,200000,Delhi,employee,graduate,general,female,0,employed,woman_seeking_support,SCI001,Science & Technology / Innovation,individual,12,2,0,0.8571428571428571,5,1,1,0,1,not_eligible,0,0
P38,34,200000,Delhi,employee,graduate,general,female,0,employed,woman_seeking_support,FIN002,Financial Inclusion / Entrepreneurship,individual,12,2,0,0.8571428571428571,6,1,1,0,1,not_eligible,0,0
P38,34,200000,Delhi,employee,graduate,general,female,0,employed,woman_seeking_support,MED003,Health / Financial Assistance,individual,12,2,0,0.8571428571428571,5,1,1,0,1,not_eligible,0,0
P38,34,200000,Delhi,employee,graduate,general,female,0,employed,woman_seeking_support,MED004,Healthcare / Financial Assistance,individual,13,1,0,0.9285714285714286,5,1,1,0,1,not_eligible,0,0
P38,34,200000,Delhi,employee,graduate,general,female,0,employed,woman_seeking_support,MED005,Healthcare / Insurance,individual,12,2,0,0.8571428571428571,4,0,1,0,1,not_eligible,0,0
P38,34,200000,Delhi,employee,graduate,general,female,0,employed,woman_seeking_support,WOM001,Women & Child Development / Nutrition,individual,11,3,0,0.7857142857142857,3,0,1,0,1,not_eligible,0,0
P38,34,200000,Delhi,employee,graduate,general,female,0,employed,woman_seeking_support,HEA001,Healthcare / Pharmaceuticals,individual,12,2,0,0.8571428571428571,5,0,1,0,1,not_eligible,0,0
P38,34,200000,Delhi,employee,graduate,general,female,0,employed,woman_seeking_support,EDU003,Education / Nutrition,individual,9,4,1,0.6428571428571429,2,0,1,1,1,not_eligible,0,0
P38,34,200000,Delhi,employee,graduate,general,female,0,employed,woman_seeking_support,EDU004,Scholarship / Disability Welfare,individual,9,4,1,0.6428571428571429,6,0,1,1,1,not_eligible,0,0
P38,34,200000,Delhi,employee,graduate,general,female,0,employed,woman_seeking_support,EDU005,Scholarship / Social Justice,individual,8,5,1,0.5714285714285714,6,0,1,1,1,not_eligible,0,0
P38,34,200000,Delhi,employee,graduate,general,female,0,employed,woman_seeking_support,EDU006,Scholarship / Women Education,individual,8,4,3,0.5333333333333333,5,1,1,1,1,not_eligible,0,0
P38,34,200000,Delhi,employee,graduate,general,female,0,employed,woman_seeking_support,RES002,Higher Education / Research Fellowship,individual,10,2,2,0.7142857142857143,6,1,1,1,1,not_eligible,0,0
P38,34,200000,Delhi,employee,graduate,general,female,0,employed,woman_seeking_support,SKI001,Skill Development / Minority Affairs,individual,10,4,0,0.7142857142857143,4,0,1,0,1,not_eligible,0,0
P38,34,200000,Delhi,employee,graduate,general,female,0,employed,woman_seeking_support,WOM002,Women & Child Development / Justice,individual,13,1,0,0.9285714285714286,2,0,1,0,1,not_eligible,0,0
P38,34,200000,Delhi,employee,graduate,general,female,0,employed,woman_seeking_support,EDU007,Scholarship / Education,individual,8,5,1,0.5714285714285714,6,0,1,1,1,not_eligible,0,0
P38,34,200000,Delhi,employee,graduate,general,female,0,employed,woman_seeking_support,RES003,Science & Technology / Research Fellowship,individual,8,5,1,0.5714285714285714,5,1,1,1,1,not_eligible,0,0
P38,34,200000,Delhi,employee,graduate,general,female,0,employed,woman_seeking_support,EDU008,Higher Education / Electronics & IT Research,individual,10,2,2,0.7142857142857143,4,1,1,1,1,not_eligible,0,0
P38,34,200000,Delhi,employee,graduate,general,female,0,employed,woman_seeking_support,RES004,Science & Technology / Engineering Fellowship,individual,10,3,1,0.7142857142857143,4,1,1,1,1,not_eligible,0,0
P38,34,200000,Delhi,employee,graduate,general,female,0,employed,woman_seeking_support,CUL002,Culture / Arts & Performing Arts,individual,10,4,0,0.7142857142857143,5,1,1,0,1,not_eligible,0,0
P38,34,200000,Delhi,employee,graduate,general,female,0,employed,woman_seeking_support,CUL003,Culture / State Recognition,individual,11,3,0,0.7857142857142857,5,1,1,0,1,not_eligible,0,0
P38,34,200000,Delhi,employee,graduate,general,female,0,employed,woman_seeking_support,CUL004,Culture / Infrastructure Support,individual,11,2,1,0.7857142857142857,5,1,1,1,1,not_eligible,0,0
P39,31,180000,Delhi,employee,graduate,general,male,1,employed,person_with_disability,MED001,Health / Social Welfare,individual,11,3,0,0.7857142857142857,9,1,1,0,1,not_eligible,0,0
P39,31,180000,Delhi,employee,graduate,general,male,1,employed,person_with_disability,CUL001,Culture / Pension,individual,10,4,0,0.7142857142857143,8,1,1,0,1,not_eligible,0,0
P39,31,180000,Delhi,employee,graduate,general,male,1,employed,person_with_disability,SOC001,Social Security / Pension,individual,12,1,1,0.8571428571428571,6,0,1,1,1,not_eligible,0,0
P39,31,180000,Delhi,employee,graduate,general,male,1,employed,person_with_disability,HOU001,Housing / LGBTQ+ Welfare,individual,12,2,0,0.8571428571428571,3,1,1,0,1,not_eligible,0,0
P39,31,180000,Delhi,employee,graduate,general,male,1,employed,person_with_disability,EXT001,External Affairs / Overseas Welfare,individual,12,2,0,0.8571428571428571,4,1,1,0,1,not_eligible,0,0
P39,31,180000,Delhi,employee,graduate,general,male,1,employed,person_with_disability,RUR001,Rural Infrastructure / Energy,community,11,3,0,0.7857142857142857,3,1,1,0,0,not_eligible,0,0
P39,31,180000,Delhi,employee,graduate,general,male,1,employed,person_with_disability,EDU001,Education / Disability,institution,11,2,1,0.7857142857142857,6,1,1,1,0,not_eligible,0,0
P39,31,180000,Delhi,employee,graduate,general,male,1,employed,person_with_disability,EDU002,Scholarship / Education,individual,10,4,0,0.7142857142857143,7,0,1,0,1,not_eligible,0,0
P39,31,180000,Delhi,employee,graduate,general,male,1,employed,person_with_disability,RES001,Research & Development,institution,10,3,1,0.7142857142857143,5,1,1,1,0,not_eligible,0,0
P39,31,180000,Delhi,employee,graduate,general,male,1,employed,person_with_disability,FIN001,Financial Inclusion / Insurance,individual,13,1,0,0.9285714285714286,4,0,1,0,1,not_eligible,0,0
P39,31,180000,Delhi,employee,graduate,general,male,1,employed,person_with_disability,AGR001,Fisheries / Social Security,individual,11,3,0,0.7857142857142857,8,1,1,0,1,not_eligible,0,0
P39,31,180000,Delhi,employee,graduate,general,male,1,employed,person_with_disability,MED002,Health / Financial Assistance,individual,12,2,0,0.8571428571428571,5,1,1,0,1,not_eligible,0,0
P39,31,180000,Delhi,employee,graduate,general,male,1,employed,person_with_disability,SOC002,Social Security / Healthcare,individual,10,4,0,0.7142857142857143,6,1,1,0,1,not_eligible,0,0
P39,31,180000,Delhi,employee,graduate,general,male,1,employed,person_with_disability,EMP001,Entrepreneurship / Minority Welfare,individual,9,5,0,0.6428571428571429,6,0,1,0,1,not_eligible,0,0
P39,31,180000,Delhi,employee,graduate,general,male,1,employed,person_with_disability,SKL001,Skill Development / Agriculture,organization,11,3,0,0.7857142857142857,4,0,1,0,0,not_eligible,0,0
P39,31,180000,Delhi,employee,graduate,general,male,1,employed,person_with_disability,AGR002,Agriculture / Export Promotion,organization,12,2,0,0.8571428571428571,4,1,1,0,0,not_eligible,0,0
P39,31,180000,Delhi,employee,graduate,general,male,1,employed,person_with_disability,AGR003,Agriculture / Farm Mechanization,individual,12,2,1,0.8,5,0,1,1,1,not_eligible,0,0
P39,31,180000,Delhi,employee,graduate,general,male,1,employed,person_with_disability,RUR002,Rural Development / Land Ownership,individual,13,1,0,0.9285714285714286,3,1,1,0,1,not_eligible,0,0
P39,31,180000,Delhi,employee,graduate,general,male,1,employed,person_with_disability,DIS001,Disability Welfare / Transport Aid,individual,10,3,1,0.7142857142857143,7,0,1,1,1,not_eligible,0,0
P39,31,180000,Delhi,employee,graduate,general,male,1,employed,person_with_disability,SKL002,Skill Development / Entrepreneurship,individual,10,4,0,0.7142857142857143,5,1,1,0,1,not_eligible,0,0
P39,31,180000,Delhi,employee,graduate,general,male,1,employed,person_with_disability,SOC003,Minority Welfare / Financial Assistance,individual,10,4,0,0.7142857142857143,6,0,1,0,1,not_eligible,0,0
P39,31,180000,Delhi,employee,graduate,general,male,1,employed,person_with_disability,MIN001,Minority Welfare / Skill & Livelihood,individual,11,3,0,0.7857142857142857,4,0,1,0,1,not_eligible,0,0
P39,31,180000,Delhi,employee,graduate,general,male,1,employed,person_with_disability,COM001,Commerce & Industry / Recognition,individual,12,2,0,0.8571428571428571,3,1,1,0,1,not_eligible,0,0
P39,31,180000,Delhi,employee,graduate,general,male,1,employed,person_with_disability,SCI001,Science & Technology / Innovation,individual,12,2,0,0.8571428571428571,5,1,1,0,1,not_eligible,0,0
P39,31,180000,Delhi,employee,graduate,general,male,1,employed,person_with_disability,FIN002,Financial Inclusion / Entrepreneurship,individual,12,2,0,0.8571428571428571,6,1,1,0,1,not_eligible,0,0
P39,31,180000,Delhi,employee,graduate,general,male,1,employed,person_with_disability,MED003,Health / Financial Assistance,individual,12,2,0,0.8571428571428571,5,1,1,0,1,not_eligible,0,0
P39,31,180000,Delhi,employee,graduate,general,male,1,employed,person_with_disability,MED004,Healthcare / Financial Assistance,individual,13,1,0,0.9285714285714286,5,1,1,0,1,not_eligible,0,0
P39,31,180000,Delhi,employee,graduate,general,male,1,employed,person_with_disability,MED005,Healthcare / Insurance,individual,12,2,0,0.8571428571428571,4,0,1,0,1,not_eligible,0,0
P39,31,180000,Delhi,employee,graduate,general,male,1,employed,person_with_disability,WOM001,Women & Child Development / Nutrition,individual,11,3,0,0.7857142857142857,3,0,1,0,1,not_eligible,0,0
P39,31,180000,Delhi,employee,graduate,general,male,1,employed,person_with_disability,HEA001,Healthcare / Pharmaceuticals,individual,12,2,0,0.8571428571428571,5,0,1,0,1,not_eligible,0,0
P39,31,180000,Delhi,employee,graduate,general,male,1,employed,person_with_disability,EDU003,Education / Nutrition,individual,9,4,1,0.6428571428571429,2,0,1,1,1,not_eligible,0,0
P39,31,180000,Delhi,employee,graduate,general,male,1,employed,person_with_disability,EDU004,Scholarship / Disability Welfare,individual,11,1,2,0.7857142857142857,6,0,1,1,1,not_eligible,0,0
P39,31,180000,Delhi,employee,graduate,general,male,1,employed,person_with_disability,EDU005,Scholarship / Social Justice,individual,8,5,1,0.5714285714285714,6,0,1,1,1,not_eligible,0,0
P39,31,180000,Delhi,employee,graduate,general,male,1,employed,person_with_disability,EDU006,Scholarship / Women Education,individual,8,4,3,0.5333333333333333,5,1,1,1,1,not_eligible,0,0
P39,31,180000,Delhi,employee,graduate,general,male,1,employed,person_with_disability,RES002,Higher Education / Research Fellowship,individual,10,2,2,0.7142857142857143,6,1,1,1,1,not_eligible,0,0
P39,31,180000,Delhi,employee,graduate,general,male,1,employed,person_with_disability,SKI001,Skill Development / Minority Affairs,individual,10,4,0,0.7142857142857143,4,0,1,0,1,not_eligible,0,0
P39,31,180000,Delhi,employee,graduate,general,male,1,employed,person_with_disability,WOM002,Women & Child Development / Justice,individual,13,1,0,0.9285714285714286,2,0,1,0,1,not_eligible,0,0
P39,31,180000,Delhi,employee,graduate,general,male,1,employed,person_with_disability,EDU007,Scholarship / Education,individual,8,5,1,0.5714285714285714,6,0,1,1,1,not_eligible,0,0
P39,31,180000,Delhi,employee,graduate,general,male,1,employed,person_with_disability,RES003,Science & Technology / Research Fellowship,individual,8,5,1,0.5714285714285714,5,1,1,1,1,not_eligible,0,0
P39,31,180000,Delhi,employee,graduate,general,male,1,employed,person_with_disability,EDU008,Higher Education / Electronics & IT Research,individual,10,2,2,0.7142857142857143,4,1,1,1,1,not_eligible,0,0
P39,31,180000,Delhi,employee,graduate,general,male,1,employed,person_with_disability,RES004,Science & Technology / Engineering Fellowship,individual,10,3,1,0.7142857142857143,4,1,1,1,1,not_eligible,0,0
P39,31,180000,Delhi,employee,graduate,general,male,1,employed,person_with_disability,CUL002,Culture / Arts & Performing Arts,individual,10,4,0,0.7142857142857143,5,1,1,0,1,not_eligible,0,0
P39,31,180000,Delhi,employee,graduate,general,male,1,employed,person_with_disability,CUL003,Culture / State Recognition,individual,11,3,0,0.7857142857142857,5,1,1,0,1,not_eligible,0,0
P39,31,180000,Delhi,employee,graduate,general,male,1,employed,person_with_disability,CUL004,Culture / Infrastructure Support,individual,11,2,1,0.7857142857142857,5,1,1,1,1,not_eligible,0,0
P40,70,45000,West Bengal,retired,,bpl,female,0,retired,senior_citizen,MED001,Health / Social Welfare,individual,10,4,0,0.7142857142857143,9,1,1,0,1,not_eligible,0,0
P40,70,45000,West Bengal,retired,,bpl,female,0,retired,senior_citizen,CUL001,Culture / Pension,individual,12,2,0,0.8571428571428571,8,1,1,0,1,not_eligible,0,0
P40,70,45000,West Bengal,retired,,bpl,female,0,retired,senior_citizen,SOC001,Social Security / Pension,individual,11,3,0,0.7857142857142857,6,0,1,0,1,not_eligible,0,0
P40,70,45000,West Bengal,retired,,bpl,female,0,retired,senior_citizen,HOU001,Housing / LGBTQ+ Welfare,individual,10,4,0,0.7142857142857143,3,1,1,0,1,not_eligible,0,0
P40,70,45000,West Bengal,retired,,bpl,female,0,retired,senior_citizen,EXT001,External Affairs / Overseas Welfare,individual,12,2,0,0.8571428571428571,4,1,1,0,1,not_eligible,0,0
P40,70,45000,West Bengal,retired,,bpl,female,0,retired,senior_citizen,RUR001,Rural Infrastructure / Energy,community,11,3,0,0.7857142857142857,3,1,1,0,0,not_eligible,0,0
P40,70,45000,West Bengal,retired,,bpl,female,0,retired,senior_citizen,EDU001,Education / Disability,institution,9,3,2,0.6428571428571429,6,1,1,1,0,not_eligible,0,0
P40,70,45000,West Bengal,retired,,bpl,female,0,retired,senior_citizen,EDU002,Scholarship / Education,individual,8,5,1,0.5714285714285714,7,0,1,1,1,not_eligible,0,0
P40,70,45000,West Bengal,retired,,bpl,female,0,retired,senior_citizen,RES001,Research & Development,institution,8,4,2,0.5714285714285714,5,1,1,1,0,not_eligible,0,0
P40,70,45000,West Bengal,retired,,bpl,female,0,retired,senior_citizen,FIN001,Financial Inclusion / Insurance,individual,14,0,0,1.0,4,0,0,0,1,eligible,2,1
P40,70,45000,West Bengal,retired,,bpl,female,0,retired,senior_citizen,AGR001,Fisheries / Social Security,individual,10,4,0,0.7142857142857143,8,1,1,0,1,not_eligible,0,0
P40,70,45000,West Bengal,retired,,bpl,female,0,retired,senior_citizen,MED002,Health / Financial Assistance,individual,12,2,0,0.8571428571428571,5,1,1,0,1,not_eligible,0,0
P40,70,45000,West Bengal,retired,,bpl,female,0,retired,senior_citizen,SOC002,Social Security / Healthcare,individual,10,4,0,0.7142857142857143,6,1,1,0,1,not_eligible,0,0
P40,70,45000,West Bengal,retired,,bpl,female,0,retired,senior_citizen,EMP001,Entrepreneurship / Minority Welfare,individual,7,6,1,0.5,6,0,1,1,1,not_eligible,0,0
P40,70,45000,West Bengal,retired,,bpl,female,0,retired,senior_citizen,SKL001,Skill Development / Agriculture,organization,11,3,0,0.7857142857142857,4,0,1,0,0,not_eligible,0,0
P40,70,45000,West Bengal,retired,,bpl,female,0,retired,senior_citizen,AGR002,Agriculture / Export Promotion,organization,12,2,0,0.8571428571428571,4,1,1,0,0,not_eligible,0,0
P40,70,45000,West Bengal,retired,,bpl,female,0,retired,senior_citizen,AGR003,Agriculture / Farm Mechanization,individual,12,2,1,0.8,5,0,1,1,1,not_eligible,0,0
P40,70,45000,West Bengal,retired,,bpl,female,0,retired,senior_citizen,RUR002,Rural Development / Land Ownership,individual,13,1,0,0.9285714285714286,3,1,1,0,1,not_eligible,0,0
P40,70,45000,West Bengal,retired,,bpl,female,0,retired,senior_citizen,DIS001,Disability Welfare / Transport Aid,individual,9,4,1,0.6428571428571429,7,0,1,1,1,not_eligible,0,0
P40,70,45000,West Bengal,retired,,bpl,female,0,retired,senior_citizen,SKL002,Skill Development / Entrepreneurship,individual,8,5,1,0.5714285714285714,5,1,1,1,1,not_eligible,0,0
P40,70,45000,West Bengal,retired,,bpl,female,0,retired,senior_citizen,SOC003,Minority Welfare / Financial Assistance,individual,8,6,0,0.5714285714285714,6,0,1,0,1,not_eligible,0,0
P40,70,45000,West Bengal,retired,,bpl,female,0,retired,senior_citizen,MIN001,Minority Welfare / Skill & Livelihood,individual,10,4,0,0.7142857142857143,4,0,1,0,1,not_eligible,0,0
P40,70,45000,West Bengal,retired,,bpl,female,0,retired,senior_citizen,COM001,Commerce & Industry / Recognition,individual,12,2,0,0.8571428571428571,3,1,1,0,1,not_eligible,0,0
P40,70,45000,West Bengal,retired,,bpl,female,0,retired,senior_citizen,SCI001,Science & Technology / Innovation,individual,12,2,0,0.8571428571428571,5,1,1,0,1,not_eligible,0,0
P40,70,45000,West Bengal,retired,,bpl,female,0,retired,senior_citizen,FIN002,Financial Inclusion / Entrepreneurship,individual,11,3,0,0.7857142857142857,6,1,1,0,1,not_eligible,0,0
P40,70,45000,West Bengal,retired,,bpl,female,0,retired,senior_citizen,MED003,Health / Financial Assistance,individual,13,1,0,0.9285714285714286,5,1,1,0,1,not_eligible,0,0
P40,70,45000,West Bengal,retired,,bpl,female,0,retired,senior_citizen,MED004,Healthcare / Financial Assistance,individual,13,1,0,0.9285714285714286,5,1,1,0,1,not_eligible,0,0
P40,70,45000,West Bengal,retired,,bpl,female,0,retired,senior_citizen,MED005,Healthcare / Insurance,individual,13,1,0,0.9285714285714286,4,0,1,0,1,not_eligible,0,0
P40,70,45000,West Bengal,retired,,bpl,female,0,retired,senior_citizen,WOM001,Women & Child Development / Nutrition,individual,11,2,1,0.7857142857142857,3,0,1,1,1,not_eligible,0,0
P40,70,45000,West Bengal,retired,,bpl,female,0,retired,senior_citizen,HEA001,Healthcare / Pharmaceuticals,individual,13,1,0,0.9285714285714286,5,0,1,0,1,not_eligible,0,0
P40,70,45000,West Bengal,retired,,bpl,female,0,retired,senior_citizen,EDU003,Education / Nutrition,individual,9,3,2,0.6428571428571429,2,0,1,1,1,not_eligible,0,0
P40,70,45000,West Bengal,retired,,bpl,female,0,retired,senior_citizen,EDU004,Scholarship / Disability Welfare,individual,7,5,2,0.5,6,0,1,1,1,not_eligible,0,0
P40,70,45000,West Bengal,retired,,bpl,female,0,retired,senior_citizen,EDU005,Scholarship / Social Justice,individual,8,4,2,0.5714285714285714,6,0,1,1,1,not_eligible,0,0
P40,70,45000,West Bengal,retired,,bpl,female,0,retired,senior_citizen,EDU006,Scholarship / Women Education,individual,7,4,4,0.4666666666666667,5,1,1,1,1,not_eligible,0,0
P40,70,45000,West Bengal,retired,,bpl,female,0,retired,senior_citizen,RES002,Higher Education / Research Fellowship,individual,6,5,3,0.42857142857142855,6,1,1,1,1,not_eligible,0,0
P40,70,45000,West Bengal,retired,,bpl,female,0,retired,senior_citizen,SKI001,Skill Development / Minority Affairs,individual,9,4,1,0.6428571428571429,4,0,1,1,1,not_eligible,0,0
P40,70,45000,West Bengal,retired,,bpl,female,0,retired,senior_citizen,WOM002,Women & Child Development / Justice,individual,14,0,0,1.0,2,0,0,0,1,eligible,2,1
P40,70,45000,West Bengal,retired,,bpl,female,0,retired,senior_citizen,EDU007,Scholarship / Education,individual,8,4,2,0.5714285714285714,6,0,1,1,1,not_eligible,0,0
P40,70,45000,West Bengal,retired,,bpl,female,0,retired,senior_citizen,RES003,Science & Technology / Research Fellowship,individual,9,3,2,0.6428571428571429,5,1,1,1,1,not_eligible,0,0
P40,70,45000,West Bengal,retired,,bpl,female,0,retired,senior_citizen,EDU008,Higher Education / Electronics & IT Research,individual,9,2,3,0.6428571428571429,4,1,1,1,1,not_eligible,0,0
P40,70,45000,West Bengal,retired,,bpl,female,0,retired,senior_citizen,RES004,Science & Technology / Engineering Fellowship,individual,9,3,2,0.6428571428571429,4,1,1,1,1,not_eligible,0,0
P40,70,45000,West Bengal,retired,,bpl,female,0,retired,senior_citizen,CUL002,Culture / Arts & Performing Arts,individual,10,4,0,0.7142857142857143,5,1,1,0,1,not_eligible,0,0
P40,70,45000,West Bengal,retired,,bpl,female,0,retired,senior_citizen,CUL003,Culture / State Recognition,individual,10,4,0,0.7142857142857143,5,1,1,0,1,not_eligible,0,0
P40,70,45000,West Bengal,retired,,bpl,female,0,retired,senior_citizen,CUL004,Culture / Infrastructure Support,individual,11,2,1,0.7857142857142857,5,1,1,1,1,not_eligible,0,0
P41,20,100000,Maharashtra,student,post-matric,VJNT,female,1,student,individual,MED001,Health / Social Welfare,individual,10,4,0,0.7142857142857143,9,1,1,0,1,not_eligible,0,0
P41,20,100000,Maharashtra,student,post-matric,VJNT,female,1,student,individual,CUL001,Culture / Pension,individual,10,4,0,0.7142857142857143,8,1,1,0,1,not_eligible,0,0
P41,20,100000,Maharashtra,student,post-matric,VJNT,female,1,student,individual,SOC001,Social Security / Pension,individual,10,3,1,0.7142857142857143,6,0,1,1,1,not_eligible,0,0
P41,20,100000,Maharashtra,student,post-matric,VJNT,female,1,student,individual,HOU001,Housing / LGBTQ+ Welfare,individual,11,3,0,0.7857142857142857,3,1,1,0,1,not_eligible,0,0
P41,20,100000,Maharashtra,student,post-matric,VJNT,female,1,student,individual,EXT001,External Affairs / Overseas Welfare,individual,13,1,0,0.9285714285714286,4,1,1,0,1,not_eligible,0,0
P41,20,100000,Maharashtra,student,post-matric,VJNT,female,1,student,individual,RUR001,Rural Infrastructure / Energy,community,11,3,0,0.7857142857142857,3,1,1,0,0,not_eligible,0,0
P41,20,100000,Maharashtra,student,post-matric,VJNT,female,1,student,individual,EDU001,Education / Disability,institution,10,3,1,0.7142857142857143,6,1,1,1,0,not_eligible,0,0
P41,20,100000,Maharashtra,student,post-matric,VJNT,female,1,student,individual,EDU002,Scholarship / Education,individual,11,3,0,0.7857142857142857,7,0,1,0,1,not_eligible,0,0
P41,20,100000,Maharashtra,student,post-matric,VJNT,female,1,student,individual,RES001,Research & Development,institution,9,4,1,0.6428571428571429,5,1,1,1,0,not_eligible,0,0
P41,20,100000,Maharashtra,student,post-matric,VJNT,female,1,student,individual,FIN001,Financial Inclusion / Insurance,individual,13,1,0,0.9285714285714286,4,0,1,0,1,not_eligible,0,0
P41,20,100000,Maharashtra,student,post-matric,VJNT,female,1,student,individual,AGR001,Fisheries / Social Security,individual,11,3,0,0.7857142857142857,8,1,1,0,1,not_eligible,0,0
P41,20,100000,Maharashtra,student,post-matric,VJNT,female,1,student,individual,MED002,Health / Financial Assistance,individual,12,2,0,0.8571428571428571,5,1,1,0,1,not_eligible,0,0
P41,20,100000,Maharashtra,student,post-matric,VJNT,female,1,student,individual,SOC002,Social Security / Healthcare,individual,10,4,0,0.7142857142857143,6,1,1,0,1,not_eligible,0,0
P41,20,100000,Maharashtra,student,post-matric,VJNT,female,1,student,individual,EMP001,Entrepreneurship / Minority Welfare,individual,8,6,0,0.5714285714285714,6,0,1,0,1,not_eligible,0,0
P41,20,100000,Maharashtra,student,post-matric,VJNT,female,1,student,individual,SKL001,Skill Development / Agriculture,organization,11,3,0,0.7857142857142857,4,0,1,0,0,not_eligible,0,0
P41,20,100000,Maharashtra,student,post-matric,VJNT,female,1,student,individual,AGR002,Agriculture / Export Promotion,organization,12,2,0,0.8571428571428571,4,1,1,0,0,not_eligible,0,0
P41,20,100000,Maharashtra,student,post-matric,VJNT,female,1,student,individual,AGR003,Agriculture / Farm Mechanization,individual,12,2,1,0.8,5,0,1,1,1,not_eligible,0,0
P41,20,100000,Maharashtra,student,post-matric,VJNT,female,1,student,individual,RUR002,Rural Development / Land Ownership,individual,13,1,0,0.9285714285714286,3,1,1,0,1,not_eligible,0,0
P41,20,100000,Maharashtra,student,post-matric,VJNT,female,1,student,individual,DIS001,Disability Welfare / Transport Aid,individual,8,5,1,0.5714285714285714,7,0,1,1,1,not_eligible,0,0
P41,20,100000,Maharashtra,student,post-matric,VJNT,female,1,student,individual,SKL002,Skill Development / Entrepreneurship,individual,9,5,0,0.6428571428571429,5,1,1,0,1,not_eligible,0,0
P41,20,100000,Maharashtra,student,post-matric,VJNT,female,1,student,individual,SOC003,Minority Welfare / Financial Assistance,individual,9,5,0,0.6428571428571429,6,0,1,0,1,not_eligible,0,0
P41,20,100000,Maharashtra,student,post-matric,VJNT,female,1,student,individual,MIN001,Minority Welfare / Skill & Livelihood,individual,11,3,0,0.7857142857142857,4,0,1,0,1,not_eligible,0,0
P41,20,100000,Maharashtra,student,post-matric,VJNT,female,1,student,individual,COM001,Commerce & Industry / Recognition,individual,12,2,0,0.8571428571428571,3,1,1,0,1,not_eligible,0,0
P41,20,100000,Maharashtra,student,post-matric,VJNT,female,1,student,individual,SCI001,Science & Technology / Innovation,individual,12,2,0,0.8571428571428571,5,1,1,0,1,not_eligible,0,0
P41,20,100000,Maharashtra,student,post-matric,VJNT,female,1,student,individual,FIN002,Financial Inclusion / Entrepreneurship,individual,11,3,0,0.7857142857142857,6,1,1,0,1,not_eligible,0,0
P41,20,100000,Maharashtra,student,post-matric,VJNT,female,1,student,individual,MED003,Health / Financial Assistance,individual,12,2,0,0.8571428571428571,5,1,1,0,1,not_eligible,0,0
P41,20,100000,Maharashtra,student,post-matric,VJNT,female,1,student,individual,MED004,Healthcare / Financial Assistance,individual,12,2,0,0.8571428571428571,5,1,1,0,1,not_eligible,0,0
P41,20,100000,Maharashtra,student,post-matric,VJNT,female,1,student,individual,MED005,Healthcare / Insurance,individual,12,2,0,0.8571428571428571,4,0,1,0,1,not_eligible,0,0
P41,20,100000,Maharashtra,student,post-matric,VJNT,female,1,student,individual,WOM001,Women & Child Development / Nutrition,individual,11,3,0,0.7857142857142857,3,0,1,0,1,not_eligible,0,0
P41,20,100000,Maharashtra,student,post-matric,VJNT,female,1,student,individual,HEA001,Healthcare / Pharmaceuticals,individual,12,2,0,0.8571428571428571,5,0,1,0,1,not_eligible,0,0
P41,20,100000,Maharashtra,student,post-matric,VJNT,female,1,student,individual,EDU003,Education / Nutrition,individual,10,3,1,0.7142857142857143,2,0,1,1,1,not_eligible,0,0
P41,20,100000,Maharashtra,student,post-matric,VJNT,female,1,student,individual,EDU004,Scholarship / Disability Welfare,individual,9,3,2,0.6428571428571429,6,0,1,1,1,not_eligible,0,0
P41,20,100000,Maharashtra,student,post-matric,VJNT,female,1,student,individual,EDU005,Scholarship / Social Justice,individual,10,3,1,0.7142857142857143,6,0,1,1,1,not_eligible,0,0
P41,20,100000,Maharashtra,student,post-matric,VJNT,female,1,student,individual,EDU006,Scholarship / Women Education,individual,10,2,3,0.6666666666666666,5,1,1,1,1,not_eligible,0,0
P41,20,100000,Maharashtra,student,post-matric,VJNT,female,1,student,individual,RES002,Higher Education / Research Fellowship,individual,7,5,2,0.5,6,1,1,1,1,not_eligible,0,0
P41,20,100000,Maharashtra,student,post-matric,VJNT,female,1,student,individual,SKI001,Skill Development / Minority Affairs,individual,10,4,0,0.7142857142857143,4,0,1,0,1,not_eligible,0,0
P41,20,100000,Maharashtra,student,post-matric,VJNT,female,1,student,individual,WOM002,Women & Child Development / Justice,individual,13,1,0,0.9285714285714286,2,0,1,0,1,not_eligible,0,0
P41,20,100000,Maharashtra,student,post-matric,VJNT,female,1,student,individual,EDU007,Scholarship / Education,individual,10,3,1,0.7142857142857143,6,0,1,1,1,not_eligible,0,0
P41,20,100000,Maharashtra,student,post-matric,VJNT,female,1,student,individual,RES003,Science & Technology / Research Fellowship,individual,8,5,1,0.5714285714285714,5,1,1,1,1,not_eligible,0,0
P41,20,100000,Maharashtra,student,post-matric,VJNT,female,1,student,individual,EDU008,Higher Education / Electronics & IT Research,individual,9,3,2,0.6428571428571429,4,1,1,1,1,not_eligible,0,0
P41,20,100000,Maharashtra,student,post-matric,VJNT,female,1,student,individual,RES004,Science & Technology / Engineering Fellowship,individual,9,4,1,0.6428571428571429,4,1,1,1,1,not_eligible,0,0
P41,20,100000,Maharashtra,student,post-matric,VJNT,female,1,student,individual,CUL002,Culture / Arts & Performing Arts,individual,11,3,0,0.7857142857142857,5,1,1,0,1,not_eligible,0,0
P41,20,100000,Maharashtra,student,post-matric,VJNT,female,1,student,individual,CUL003,Culture / State Recognition,individual,10,4,0,0.7142857142857143,5,1,1,0,1,not_eligible,0,0
P41,20,100000,Maharashtra,student,post-matric,VJNT,female,1,student,individual,CUL004,Culture / Infrastructure Support,individual,11,2,1,0.7857142857142857,5,1,1,1,1,not_eligible,0,0
P42,18,90000,Delhi,student,pre-matric,SC,female,1,student,individual,MED001,Health / Social Welfare,individual,10,4,0,0.7142857142857143,9,1,1,0,1,not_eligible,0,0
P42,18,90000,Delhi,student,pre-matric,SC,female,1,student,individual,CUL001,Culture / Pension,individual,10,4,0,0.7142857142857143,8,1,1,0,1,not_eligible,0,0
P42,18,90000,Delhi,student,pre-matric,SC,female,1,student,individual,SOC001,Social Security / Pension,individual,10,3,1,0.7142857142857143,6,0,1,1,1,not_eligible,0,0
P42,18,90000,Delhi,student,pre-matric,SC,female,1,student,individual,HOU001,Housing / LGBTQ+ Welfare,individual,11,3,0,0.7857142857142857,3,1,1,0,1,not_eligible,0,0
P42,18,90000,Delhi,student,pre-matric,SC,female,1,student,individual,EXT001,External Affairs / Overseas Welfare,individual,13,1,0,0.9285714285714286,4,1,1,0,1,not_eligible,0,0
P42,18,90000,Delhi,student,pre-matric,SC,female,1,student,individual,RUR001,Rural Infrastructure / Energy,community,11,3,0,0.7857142857142857,3,1,1,0,0,not_eligible,0,0
P42,18,90000,Delhi,student,pre-matric,SC,female,1,student,individual,EDU001,Education / Disability,institution,10,3,1,0.7142857142857143,6,1,1,1,0,not_eligible,0,0
P42,18,90000,Delhi,student,pre-matric,SC,female,1,student,individual,EDU002,Scholarship / Education,individual,9,5,0,0.6428571428571429,7,0,1,0,1,not_eligible,0,0
P42,18,90000,Delhi,student,pre-matric,SC,female,1,student,individual,RES001,Research & Development,institution,9,4,1,0.6428571428571429,5,1,1,1,0,not_eligible,0,0
P42,18,90000,Delhi,student,pre-matric,SC,female,1,student,individual,FIN001,Financial Inclusion / Insurance,individual,13,1,0,0.9285714285714286,4,0,1,0,1,not_eligible,0,0
P42,18,90000,Delhi,student,pre-matric,SC,female,1,student,individual,AGR001,Fisheries / Social Security,individual,11,3,0,0.7857142857142857,8,1,1,0,1,not_eligible,0,0
P42,18,90000,Delhi,student,pre-matric,SC,female,1,student,individual,MED002,Health / Financial Assistance,individual,12,2,0,0.8571428571428571,5,1,1,0,1,not_eligible,0,0
P42,18,90000,Delhi,student,pre-matric,SC,female,1,student,individual,SOC002,Social Security / Healthcare,individual,10,4,0,0.7142857142857143,6,1,1,0,1,not_eligible,0,0
P42,18,90000,Delhi,student,pre-matric,SC,female,1,student,individual,EMP001,Entrepreneurship / Minority Welfare,individual,8,6,0,0.5714285714285714,6,0,1,0,1,not_eligible,0,0
P42,18,90000,Delhi,student,pre-matric,SC,female,1,student,individual,SKL001,Skill Development / Agriculture,organization,11,3,0,0.7857142857142857,4,0,1,0,0,not_eligible,0,0
P42,18,90000,Delhi,student,pre-matric,SC,female,1,student,individual,AGR002,Agriculture / Export Promotion,organization,12,2,0,0.8571428571428571,4,1,1,0,0,not_eligible,0,0
P42,18,90000,Delhi,student,pre-matric,SC,female,1,student,individual,AGR003,Agriculture / Farm Mechanization,individual,12,2,1,0.8,5,0,1,1,1,not_eligible,0,0
P42,18,90000,Delhi,student,pre-matric,SC,female,1,student,individual,RUR002,Rural Development / Land Ownership,individual,13,1,0,0.9285714285714286,3,1,1,0,1,not_eligible,0,0
P42,18,90000,Delhi,student,pre-matric,SC,female,1,student,individual,DIS001,Disability Welfare / Transport Aid,individual,8,5,1,0.5714285714285714,7,0,1,1,1,not_eligible,0,0
P42,18,90000,Delhi,student,pre-matric,SC,female,1,student,individual,SKL002,Skill Development / Entrepreneurship,individual,9,5,0,0.6428571428571429,5,1,1,0,1,not_eligible,0,0
P42,18,90000,Delhi,student,pre-matric,SC,female,1,student,individual,SOC003,Minority Welfare / Financial Assistance,individual,9,5,0,0.6428571428571429,6,0,1,0,1,not_eligible,0,0
P42,18,90000,Delhi,student,pre-matric,SC,female,1,student,individual,MIN001,Minority Welfare / Skill & Livelihood,individual,11,3,0,0.7857142857142857,4,0,1,0,1,not_eligible,0,0
P42,18,90000,Delhi,student,pre-matric,SC,female,1,student,individual,COM001,Commerce & Industry / Recognition,individual,12,2,0,0.8571428571428571,3,1,1,0,1,not_eligible,0,0
P42,18,90000,Delhi,student,pre-matric,SC,female,1,student,individual,SCI001,Science & Technology / Innovation,individual,12,2,0,0.8571428571428571,5,1,1,0,1,not_eligible,0,0
P42,18,90000,Delhi,student,pre-matric,SC,female,1,student,individual,FIN002,Financial Inclusion / Entrepreneurship,individual,12,2,0,0.8571428571428571,6,1,1,0,1,not_eligible,0,0
P42,18,90000,Delhi,student,pre-matric,SC,female,1,student,individual,MED003,Health / Financial Assistance,individual,12,2,0,0.8571428571428571,5,1,1,0,1,not_eligible,0,0
P42,18,90000,Delhi,student,pre-matric,SC,female,1,student,individual,MED004,Healthcare / Financial Assistance,individual,13,1,0,0.9285714285714286,5,1,1,0,1,not_eligible,0,0
P42,18,90000,Delhi,student,pre-matric,SC,female,1,student,individual,MED005,Healthcare / Insurance,individual,12,2,0,0.8571428571428571,4,0,1,0,1,not_eligible,0,0
P42,18,90000,Delhi,student,pre-matric,SC,female,1,student,individual,WOM001,Women & Child Development / Nutrition,individual,11,3,0,0.7857142857142857,3,0,1,0,1,not_eligible,0,0
P42,18,90000,Delhi,student,pre-matric,SC,female,1,student,individual,HEA001,Healthcare / Pharmaceuticals,individual,12,2,0,0.8571428571428571,5,0,1,0,1,not_eligible,0,0
P42,18,90000,Delhi,student,pre-matric,SC,female,1,student,individual,EDU003,Education / Nutrition,individual,10,3,1,0.7142857142857143,2,0,1,1,1,not_eligible,0,0
P42,18,90000,Delhi,student,pre-matric,SC,female,1,student,individual,EDU004,Scholarship / Disability Welfare,individual,9,3,2,0.6428571428571429,6,0,1,1,1,not_eligible,0,0
P42,18,90000,Delhi,student,pre-matric,SC,female,1,student,individual,EDU005,Scholarship / Social Justice,individual,11,2,1,0.7857142857142857,6,0,1,1,1,not_eligible,0,0
P42,18,90000,Delhi,student,pre-matric,SC,female,1,student,individual,EDU006,Scholarship / Women Education,individual,10,2,3,0.6666666666666666,5,1,1,1,1,not_eligible,0,0
P42,18,90000,Delhi,student,pre-matric,SC,female,1,student,individual,RES002,Higher Education / Research Fellowship,individual,8,4,2,0.5714285714285714,6,1,1,1,1,not_eligible,0,0
P42,18,90000,Delhi,student,pre-matric,SC,female,1,student,individual,SKI001,Skill Development / Minority Affairs,individual,10,4,0,0.7142857142857143,4,0,1,0,1,not_eligible,0,0
P42,18,90000,Delhi,student,pre-matric,SC,female,1,student,individual,WOM002,Women & Child Development / Justice,individual,13,1,0,0.9285714285714286,2,0,1,0,1,not_eligible,0,0
P42,18,90000,Delhi,student,pre-matric,SC,female,1,student,individual,EDU007,Scholarship / Education,individual,11,2,1,0.7857142857142857,6,0,1,1,1,not_eligible,0,0
P42,18,90000,Delhi,student,pre-matric,SC,female,1,student,individual,RES003,Science & Technology / Research Fellowship,individual,8,5,1,0.5714285714285714,5,1,1,1,1,not_eligible,0,0
P42,18,90000,Delhi,student,pre-matric,SC,female,1,student,individual,EDU008,Higher Education / Electronics & IT Research,individual,9,3,2,0.6428571428571429,4,1,1,1,1,not_eligible,0,0
P42,18,90000,Delhi,student,pre-matric,SC,female,1,student,individual,RES004,Science & Technology / Engineering Fellowship,individual,9,4,1,0.6428571428571429,4,1,1,1,1,not_eligible,0,0
P42,18,90000,Delhi,student,pre-matric,SC,female,1,student,individual,CUL002,Culture / Arts & Performing Arts,individual,11,3,0,0.7857142857142857,5,1,1,0,1,not_eligible,0,0
P42,18,90000,Delhi,student,pre-matric,SC,female,1,student,individual,CUL003,Culture / State Recognition,individual,10,4,0,0.7142857142857143,5,1,1,0,1,not_eligible,0,0
P42,18,90000,Delhi,student,pre-matric,SC,female,1,student,individual,CUL004,Culture / Infrastructure Support,individual,11,2,1,0.7857142857142857,5,1,1,1,1,not_eligible,0,0
P43,23,0,Delhi,Student,"['postgraduate', 'master_degree']",,female,0,student,"['student', 'single_girl_child']",MED001,Health / Social Welfare,individual,10,4,0,0.7142857142857143,9,1,1,0,1,not_eligible,0,0
P43,23,0,Delhi,Student,"['postgraduate', 'master_degree']",,female,0,student,"['student', 'single_girl_child']",CUL001,Culture / Pension,individual,10,3,1,0.7142857142857143,8,1,1,1,1,not_eligible,0,0
P43,23,0,Delhi,Student,"['postgraduate', 'master_degree']",,female,0,student,"['student', 'single_girl_child']",SOC001,Social Security / Pension,individual,10,1,3,0.7142857142857143,6,0,1,1,1,not_eligible,0,0
P43,23,0,Delhi,Student,"['postgraduate', 'master_degree']",,female,0,student,"['student', 'single_girl_child']",HOU001,Housing / LGBTQ+ Welfare,individual,11,3,0,0.7857142857142857,3,1,1,0,1,not_eligible,0,0
P43,23,0,Delhi,Student,"['postgraduate', 'master_degree']",,female,0,student,"['student', 'single_girl_child']",EXT001,External Affairs / Overseas Welfare,individual,14,0,0,1.0,4,1,0,0,1,eligible,2,1
P43,23,0,Delhi,Student,"['postgraduate', 'master_degree']",,female,0,student,"['student', 'single_girl_child']",RUR001,Rural Infrastructure / Energy,community,11,3,0,0.7857142857142857,3,1,1,0,0,not_eligible,0,0
P43,23,0,Delhi,Student,"['postgraduate', 'master_degree']",,female,0,student,"['student', 'single_girl_child']",EDU001,Education / Disability,institution,11,2,1,0.7857142857142857,6,1,1,1,0,not_eligible,0,0
P43,23,0,Delhi,Student,"['postgraduate', 'master_degree']",,female,0,student,"['student', 'single_girl_child']",EDU002,Scholarship / Education,individual,11,2,1,0.7857142857142857,7,0,1,1,1,not_eligible,0,0
P43,23,0,Delhi,Student,"['postgraduate', 'master_degree']",,female,0,student,"['student', 'single_girl_child']",RES001,Research & Development,institution,9,5,0,0.6428571428571429,5,1,1,0,0,not_eligible,0,0
P43,23,0,Delhi,Student,"['postgraduate', 'master_degree']",,female,0,student,"['student', 'single_girl_child']",FIN001,Financial Inclusion / Insurance,individual,13,1,0,0.9285714285714286,4,0,1,0,1,not_eligible,0,0
P43,23,0,Delhi,Student,"['postgraduate', 'master_degree']",,female,0,student,"['student', 'single_girl_child']",AGR001,Fisheries / Social Security,individual,11,3,0,0.7857142857142857,8,1,1,0,1,not_eligible,0,0
P43,23,0,Delhi,Student,"['postgraduate', 'master_degree']",,female,0,student,"['student', 'single_girl_child']",MED002,Health / Financial Assistance,individual,12,2,0,0.8571428571428571,5,1,1,0,1,not_eligible,0,0
P43,23,0,Delhi,Student,"['postgraduate', 'master_degree']",,female,0,student,"['student', 'single_girl_child']",SOC002,Social Security / Healthcare,individual,10,4,0,0.7142857142857143,6,1,1,0,1,not_eligible,0,0
P43,23,0,Delhi,Student,"['postgraduate', 'master_degree']",,female,0,student,"['student', 'single_girl_child']",EMP001,Entrepreneurship / Minority Welfare,individual,8,5,1,0.5714285714285714,6,0,1,1,1,not_eligible,0,0
P43,23,0,Delhi,Student,"['postgraduate', 'master_degree']",,female,0,student,"['student', 'single_girl_child']",SKL001,Skill Development / Agriculture,organization,11,3,0,0.7857142857142857,4,0,1,0,0,not_eligible,0,0
P43,23,0,Delhi,Student,"['postgraduate', 'master_degree']",,female,0,student,"['student', 'single_girl_child']",AGR002,Agriculture / Export Promotion,organization,12,2,0,0.8571428571428571,4,1,1,0,0,not_eligible,0,0
P43,23,0,Delhi,Student,"['postgraduate', 'master_degree']",,female,0,student,"['student', 'single_girl_child']",AGR003,Agriculture / Farm Mechanization,individual,12,2,0,0.8571428571428571,5,0,1,0,1,not_eligible,0,0
P43,23,0,Delhi,Student,"['postgraduate', 'master_degree']",,female,0,student,"['student', 'single_girl_child']",RUR002,Rural Development / Land Ownership,individual,13,1,0,0.9285714285714286,3,1,1,0,1,not_eligible,0,0
P43,23,0,Delhi,Student,"['postgraduate', 'master_degree']",,female,0,student,"['student', 'single_girl_child']",DIS001,Disability Welfare / Transport Aid,individual,8,3,3,0.5714285714285714,7,0,1,1,1,not_eligible,0,0
P43,23,0,Delhi,Student,"['postgraduate', 'master_degree']",,female,0,student,"['student', 'single_girl_child']",SKL002,Skill Development / Entrepreneurship,individual,10,4,0,0.7142857142857143,5,1,1,0,1,not_eligible,0,0
P43,23,0,Delhi,Student,"['postgraduate', 'master_degree']",,female,0,student,"['student', 'single_girl_child']",SOC003,Minority Welfare / Financial Assistance,individual,8,4,2,0.5714285714285714,6,0,1,1,1,not_eligible,0,0
P43,23,0,Delhi,Student,"['postgraduate', 'master_degree']",,female,0,student,"['student', 'single_girl_child']",MIN001,Minority Welfare / Skill & Livelihood,individual,11,2,1,0.7857142857142857,4,0,1,1,1,not_eligible,0,0
P43,23,0,Delhi,Student,"['postgraduate', 'master_degree']",,female,0,student,"['student', 'single_girl_child']",COM001,Commerce & Industry / Recognition,individual,12,2,0,0.8571428571428571,3,1,1,0,1,not_eligible,0,0
P43,23,0,Delhi,Student,"['postgraduate', 'master_degree']",,female,0,student,"['student', 'single_girl_child']",SCI001,Science & Technology / Innovation,individual,12,2,0,0.8571428571428571,5,1,1,0,1,not_eligible,0,0
P43,23,0,Delhi,Student,"['postgraduate', 'master_degree']",,female,0,student,"['student', 'single_girl_child']",FIN002,Financial Inclusion / Entrepreneurship,individual,11,2,1,0.7857142857142857,6,1,1,1,1,not_eligible,0,0
P43,23,0,Delhi,Student,"['postgraduate', 'master_degree']",,female,0,student,"['student', 'single_girl_child']",MED003,Health / Financial Assistance,individual,11,2,1,0.7857142857142857,5,1,1,1,1,not_eligible,0,0
P43,23,0,Delhi,Student,"['postgraduate', 'master_degree']",,female,0,student,"['student', 'single_girl_child']",MED004,Healthcare / Financial Assistance,individual,12,1,1,0.8571428571428571,5,1,1,1,1,not_eligible,0,0
P43,23,0,Delhi,Student,"['postgraduate', 'master_degree']",,female,0,student,"['student', 'single_girl_child']",MED005,Healthcare / Insurance,individual,12,2,0,0.8571428571428571,4,0,1,0,1,not_eligible,0,0
P43,23,0,Delhi,Student,"['postgraduate', 'master_degree']",,female,0,student,"['student', 'single_girl_child']",WOM001,Women & Child Development / Nutrition,individual,11,3,0,0.7857142857142857,3,0,1,0,1,not_eligible,0,0
P43,23,0,Delhi,Student,"['postgraduate', 'master_degree']",,female,0,student,"['student', 'single_girl_child']",HEA001,Healthcare / Pharmaceuticals,individual,12,2,0,0.8571428571428571,5,0,1,0,1,not_eligible,0,0
P43,23,0,Delhi,Student,"['postgraduate', 'master_degree']",,female,0,student,"['student', 'single_girl_child']",EDU003,Education / Nutrition,individual,11,3,0,0.7857142857142857,2,0,1,0,1,not_eligible,0,0
P43,23,0,Delhi,Student,"['postgraduate', 'master_degree']",,female,0,student,"['student', 'single_girl_child']",EDU004,Scholarship / Disability Welfare,individual,10,1,3,0.7142857142857143,6,0,1,1,1,not_eligible,0,0
P43,23,0,Delhi,Student,"['postgraduate', 'master_degree']",,female,0,student,"['student', 'single_girl_child']",EDU005,Scholarship / Social Justice,individual,10,2,2,0.7142857142857143,6,0,1,1,1,not_eligible,0,0
P43,23,0,Delhi,Student,"['postgraduate', 'master_degree']",,female,0,student,"['student', 'single_girl_child']",EDU006,Scholarship / Women Education,individual,15,0,0,1.0,5,1,0,0,1,eligible,2,1
P43,23,0,Delhi,Student,"['postgraduate', 'master_degree']",,female,0,student,"['student', 'single_girl_child']",RES002,Higher Education / Research Fellowship,individual,8,4,2,0.5714285714285714,6,1,1,1,1,not_eligible,0,0
P43,23,0,Delhi,Student,"['postgraduate', 'master_degree']",,female,0,student,"['student', 'single_girl_child']",SKI001,Skill Development / Minority Affairs,individual,10,3,1,0.7142857142857143,4,0,1,1,1,not_eligible,0,0
P43,23,0,Delhi,Student,"['postgraduate', 'master_degree']",,female,0,student,"['student', 'single_girl_child']",WOM002,Women & Child Development / Justice,individual,13,1,0,0.9285714285714286,2,0,1,0,1,not_eligible,0,0
P43,23,0,Delhi,Student,"['postgraduate', 'master_degree']",,female,0,student,"['student', 'single_girl_child']",EDU007,Scholarship / Education,individual,10,3,1,0.7142857142857143,6,0,1,1,1,not_eligible,0,0
P43,23,0,Delhi,Student,"['postgraduate', 'master_degree']",,female,0,student,"['student', 'single_girl_child']",RES003,Science & Technology / Research Fellowship,individual,8,6,0,0.5714285714285714,5,1,1,0,1,not_eligible,0,0
P43,23,0,Delhi,Student,"['postgraduate', 'master_degree']",,female,0,student,"['student', 'single_girl_child']",EDU008,Higher Education / Electronics & IT Research,individual,11,3,0,0.7857142857142857,4,1,1,0,1,not_eligible,0,0
P43,23,0,Delhi,Student,"['postgraduate', 'master_degree']",,female,0,student,"['student', 'single_girl_child']",RES004,Science & Technology / Engineering Fellowship,individual,10,4,0,0.7142857142857143,4,1,1,0,1,not_eligible,0,0
P43,23,0,Delhi,Student,"['postgraduate', 'master_degree']",,female,0,student,"['student', 'single_girl_child']",CUL002,Culture / Arts & Performing Arts,individual,11,3,0,0.7857142857142857,5,1,1,0,1,not_eligible,0,0
P43,23,0,Delhi,Student,"['postgraduate', 'master_degree']",,female,0,student,"['student', 'single_girl_child']",CUL003,Culture / State Recognition,individual,10,4,0,0.7142857142857143,5,1,1,0,1,not_eligible,0,0
P43,23,0,Delhi,Student,"['postgraduate', 'master_degree']",,female,0,student,"['student', 'single_girl_child']",CUL004,Culture / Infrastructure Support,individual,11,3,0,0.7857142857142857,5,1,1,0,1,not_eligible,0,0
P44,22,100000,Delhi,student,post-matric,general,female,1,student,individual,MED001,Health / Social Welfare,individual,10,4,0,0.7142857142857143,9,1,1,0,1,not_eligible,0,0
P44,22,100000,Delhi,student,post-matric,general,female,1,student,individual,CUL001,Culture / Pension,individual,10,4,0,0.7142857142857143,8,1,1,0,1,not_eligible,0,0
P44,22,100000,Delhi,student,post-matric,general,female,1,student,individual,SOC001,Social Security / Pension,individual,11,2,1,0.7857142857142857,6,0,1,1,1,not_eligible,0,0
P44,22,100000,Delhi,student,post-matric,general,female,1,student,individual,HOU001,Housing / LGBTQ+ Welfare,individual,11,3,0,0.7857142857142857,3,1,1,0,1,not_eligible,0,0
P44,22,100000,Delhi,student,post-matric,general,female,1,student,individual,EXT001,External Affairs / Overseas Welfare,individual,13,1,0,0.9285714285714286,4,1,1,0,1,not_eligible,0,0
P44,22,100000,Delhi,student,post-matric,general,female,1,student,individual,RUR001,Rural Infrastructure / Energy,community,11,3,0,0.7857142857142857,3,1,1,0,0,not_eligible,0,0
P44,22,100000,Delhi,student,post-matric,general,female,1,student,individual,EDU001,Education / Disability,institution,11,2,1,0.7857142857142857,6,1,1,1,0,not_eligible,0,0
P44,22,100000,Delhi,student,post-matric,general,female,1,student,individual,EDU002,Scholarship / Education,individual,9,5,0,0.6428571428571429,7,0,1,0,1,not_eligible,0,0
P44,22,100000,Delhi,student,post-matric,general,female,1,student,individual,RES001,Research & Development,institution,9,4,1,0.6428571428571429,5,1,1,1,0,not_eligible,0,0
P44,22,100000,Delhi,student,post-matric,general,female,1,student,individual,FIN001,Financial Inclusion / Insurance,individual,13,1,0,0.9285714285714286,4,0,1,0,1,not_eligible,0,0
P44,22,100000,Delhi,student,post-matric,general,female,1,student,individual,AGR001,Fisheries / Social Security,individual,11,3,0,0.7857142857142857,8,1,1,0,1,not_eligible,0,0
P44,22,100000,Delhi,student,post-matric,general,female,1,student,individual,MED002,Health / Financial Assistance,individual,12,2,0,0.8571428571428571,5,1,1,0,1,not_eligible,0,0
P44,22,100000,Delhi,student,post-matric,general,female,1,student,individual,SOC002,Social Security / Healthcare,individual,10,4,0,0.7142857142857143,6,1,1,0,1,not_eligible,0,0
P44,22,100000,Delhi,student,post-matric,general,female,1,student,individual,EMP001,Entrepreneurship / Minority Welfare,individual,8,6,0,0.5714285714285714,6,0,1,0,1,not_eligible,0,0
P44,22,100000,Delhi,student,post-matric,general,female,1,student,individual,SKL001,Skill Development / Agriculture,organization,11,3,0,0.7857142857142857,4,0,1,0,0,not_eligible,0,0
P44,22,100000,Delhi,student,post-matric,general,female,1,student,individual,AGR002,Agriculture / Export Promotion,organization,12,2,0,0.8571428571428571,4,1,1,0,0,not_eligible,0,0
P44,22,100000,Delhi,student,post-matric,general,female,1,student,individual,AGR003,Agriculture / Farm Mechanization,individual,12,2,1,0.8,5,0,1,1,1,not_eligible,0,0
P44,22,100000,Delhi,student,post-matric,general,female,1,student,individual,RUR002,Rural Development / Land Ownership,individual,13,1,0,0.9285714285714286,3,1,1,0,1,not_eligible,0,0
P44,22,100000,Delhi,student,post-matric,general,female,1,student,individual,DIS001,Disability Welfare / Transport Aid,individual,9,4,1,0.6428571428571429,7,0,1,1,1,not_eligible,0,0
P44,22,100000,Delhi,student,post-matric,general,female,1,student,individual,SKL002,Skill Development / Entrepreneurship,individual,9,5,0,0.6428571428571429,5,1,1,0,1,not_eligible,0,0
P44,22,100000,Delhi,student,post-matric,general,female,1,student,individual,SOC003,Minority Welfare / Financial Assistance,individual,9,5,0,0.6428571428571429,6,0,1,0,1,not_eligible,0,0
P44,22,100000,Delhi,student,post-matric,general,female,1,student,individual,MIN001,Minority Welfare / Skill & Livelihood,individual,11,3,0,0.7857142857142857,4,0,1,0,1,not_eligible,0,0
P44,22,100000,Delhi,student,post-matric,general,female,1,student,individual,COM001,Commerce & Industry / Recognition,individual,12,2,0,0.8571428571428571,3,1,1,0,1,not_eligible,0,0
P44,22,100000,Delhi,student,post-matric,general,female,1,student,individual,SCI001,Science & Technology / Innovation,individual,12,2,0,0.8571428571428571,5,1,1,0,1,not_eligible,0,0
P44,22,100000,Delhi,student,post-matric,general,female,1,student,individual,FIN002,Financial Inclusion / Entrepreneurship,individual,12,2,0,0.8571428571428571,6,1,1,0,1,not_eligible,0,0
P44,22,100000,Delhi,student,post-matric,general,female,1,student,individual,MED003,Health / Financial Assistance,individual,12,2,0,0.8571428571428571,5,1,1,0,1,not_eligible,0,0
P44,22,100000,Delhi,student,post-matric,general,female,1,student,individual,MED004,Healthcare / Financial Assistance,individual,13,1,0,0.9285714285714286,5,1,1,0,1,not_eligible,0,0
P44,22,100000,Delhi,student,post-matric,general,female,1,student,individual,MED005,Healthcare / Insurance,individual,12,2,0,0.8571428571428571,4,0,1,0,1,not_eligible,0,0
P44,22,100000,Delhi,student,post-matric,general,female,1,student,individual,WOM001,Women & Child Development / Nutrition,individual,11,3,0,0.7857142857142857,3,0,1,0,1,not_eligible,0,0
P44,22,100000,Delhi,student,post-matric,general,female,1,student,individual,HEA001,Healthcare / Pharmaceuticals,individual,12,2,0,0.8571428571428571,5,0,1,0,1,not_eligible,0,0
P44,22,100000,Delhi,student,post-matric,general,female,1,student,individual,EDU003,Education / Nutrition,individual,10,3,1,0.7142857142857143,2,0,1,1,1,not_eligible,0,0
P44,22,100000,Delhi,student,post-matric,general,female,1,student,individual,EDU004,Scholarship / Disability Welfare,individual,10,2,2,0.7142857142857143,6,0,1,1,1,not_eligible,0,0
P44,22,100000,Delhi,student,post-matric,general,female,1,student,individual,EDU005,Scholarship / Social Justice,individual,10,3,1,0.7142857142857143,6,0,1,1,1,not_eligible,0,0
P44,22,100000,Delhi,student,post-matric,general,female,1,student,individual,EDU006,Scholarship / Women Education,individual,10,2,3,0.6666666666666666,5,1,1,1,1,not_eligible,0,0
P44,22,100000,Delhi,student,post-matric,general,female,1,student,individual,RES002,Higher Education / Research Fellowship,individual,8,4,2,0.5714285714285714,6,1,1,1,1,not_eligible,0,0
P44,22,100000,Delhi,student,post-matric,general,female,1,student,individual,SKI001,Skill Development / Minority Affairs,individual,10,4,0,0.7142857142857143,4,0,1,0,1,not_eligible,0,0
P44,22,100000,Delhi,student,post-matric,general,female,1,student,individual,WOM002,Women & Child Development / Justice,individual,13,1,0,0.9285714285714286,2,0,1,0,1,not_eligible,0,0
P44,22,100000,Delhi,student,post-matric,general,female,1,student,individual,EDU007,Scholarship / Education,individual,10,3,1,0.7142857142857143,6,0,1,1,1,not_eligible,0,0
P44,22,100000,Delhi,student,post-matric,general,female,1,student,individual,RES003,Science & Technology / Research Fellowship,individual,8,5,1,0.5714285714285714,5,1,1,1,1,not_eligible,0,0
P44,22,100000,Delhi,student,post-matric,general,female,1,student,individual,EDU008,Higher Education / Electronics & IT Research,individual,9,3,2,0.6428571428571429,4,1,1,1,1,not_eligible,0,0
P44,22,100000,Delhi,student,post-matric,general,female,1,student,individual,RES004,Science & Technology / Engineering Fellowship,individual,9,4,1,0.6428571428571429,4,1,1,1,1,not_eligible,0,0
P44,22,100000,Delhi,student,post-matric,general,female,1,student,individual,CUL002,Culture / Arts & Performing Arts,individual,11,3,0,0.7857142857142857,5,1,1,0,1,not_eligible,0,0
P44,22,100000,Delhi,student,post-matric,general,female,1,student,individual,CUL003,Culture / State Recognition,individual,10,4,0,0.7142857142857143,5,1,1,0,1,not_eligible,0,0
P44,22,100000,Delhi,student,post-matric,general,female,1,student,individual,CUL004,Culture / Infrastructure Support,individual,11,2,1,0.7857142857142857,5,1,1,1,1,not_eligible,0,0
P45,68,60000,Delhi,retired,not_applicable,general,female,1,retired,individual,MED001,Health / Social Welfare,individual,10,4,0,0.7142857142857143,9,1,1,0,1,not_eligible,0,0
P45,68,60000,Delhi,retired,not_applicable,general,female,1,retired,individual,CUL001,Culture / Pension,individual,11,3,0,0.7857142857142857,8,1,1,0,1,not_eligible,0,0
P45,68,60000,Delhi,retired,not_applicable,general,female,1,retired,individual,SOC001,Social Security / Pension,individual,11,2,1,0.7857142857142857,6,0,1,1,1,not_eligible,0,0
P45,68,60000,Delhi,retired,not_applicable,general,female,1,retired,individual,HOU001,Housing / LGBTQ+ Welfare,individual,10,4,0,0.7142857142857143,3,1,1,0,1,not_eligible,0,0
P45,68,60000,Delhi,retired,not_applicable,general,female,1,retired,individual,EXT001,External Affairs / Overseas Welfare,individual,12,2,0,0.8571428571428571,4,1,1,0,1,not_eligible,0,0
P45,68,60000,Delhi,retired,not_applicable,general,female,1,retired,individual,RUR001,Rural Infrastructure / Energy,community,11,3,0,0.7857142857142857,3,1,1,0,0,not_eligible,0,0
P45,68,60000,Delhi,retired,not_applicable,general,female,1,retired,individual,EDU001,Education / Disability,institution,10,3,1,0.7142857142857143,6,1,1,1,0,not_eligible,0,0
P45,68,60000,Delhi,retired,not_applicable,general,female,1,retired,individual,EDU002,Scholarship / Education,individual,8,6,0,0.5714285714285714,7,0,1,0,1,not_eligible,0,0
P45,68,60000,Delhi,retired,not_applicable,general,female,1,retired,individual,RES001,Research & Development,institution,8,5,1,0.5714285714285714,5,1,1,1,0,not_eligible,0,0
P45,68,60000,Delhi,retired,not_applicable,general,female,1,retired,individual,FIN001,Financial Inclusion / Insurance,individual,13,1,0,0.9285714285714286,4,0,1,0,1,not_eligible,0,0
P45,68,60000,Delhi,retired,not_applicable,general,female,1,retired,individual,AGR001,Fisheries / Social Security,individual,10,4,0,0.7142857142857143,8,1,1,0,1,not_eligible,0,0
P45,68,60000,Delhi,retired,not_applicable,general,female,1,retired,individual,MED002,Health / Financial Assistance,individual,12,2,0,0.8571428571428571,5,1,1,0,1,not_eligible,0,0
P45,68,60000,Delhi,retired,not_applicable,general,female,1,retired,individual,SOC002,Social Security / Healthcare,individual,9,5,0,0.6428571428571429,6,1,1,0,1,not_eligible,0,0
P45,68,60000,Delhi,retired,not_applicable,general,female,1,retired,individual,EMP001,Entrepreneurship / Minority Welfare,individual,7,7,0,0.5,6,0,1,0,1,not_eligible,0,0
P45,68,60000,Delhi,retired,not_applicable,general,female,1,retired,individual,SKL001,Skill Development / Agriculture,organization,11,3,0,0.7857142857142857,4,0,1,0,0,not_eligible,0,0
P45,68,60000,Delhi,retired,not_applicable,general,female,1,retired,individual,AGR002,Agriculture / Export Promotion,organization,12,2,0,0.8571428571428571,4,1,1,0,0,not_eligible,0,0
P45,68,60000,Delhi,retired,not_applicable,general,female,1,retired,individual,AGR003,Agriculture / Farm Mechanization,individual,12,2,1,0.8,5,0,1,1,1,not_eligible,0,0
P45,68,60000,Delhi,retired,not_applicable,general,female,1,retired,individual,RUR002,Rural Development / Land Ownership,individual,13,1,0,0.9285714285714286,3,1,1,0,1,not_eligible,0,0
P45,68,60000,Delhi,retired,not_applicable,general,female,1,retired,individual,DIS001,Disability Welfare / Transport Aid,individual,10,3,1,0.7142857142857143,7,0,1,1,1,not_eligible,0,0
P45,68,60000,Delhi,retired,not_applicable,general,female,1,retired,individual,SKL002,Skill Development / Entrepreneurship,individual,8,6,0,0.5714285714285714,5,1,1,0,1,not_eligible,0,0
P45,68,60000,Delhi,retired,not_applicable,general,female,1,retired,individual,SOC003,Minority Welfare / Financial Assistance,individual,8,6,0,0.5714285714285714,6,0,1,0,1,not_eligible,0,0
P45,68,60000,Delhi,retired,not_applicable,general,female,1,retired,individual,MIN001,Minority Welfare / Skill & Livelihood,individual,10,4,0,0.7142857142857143,4,0,1,0,1,not_eligible,0,0
P45,68,60000,Delhi,retired,not_applicable,general,female,1,retired,individual,COM001,Commerce & Industry / Recognition,individual,12,2,0,0.8571428571428571,3,1,1,0,1,not_eligible,0,0
P45,68,60000,Delhi,retired,not_applicable,general,female,1,retired,individual,SCI001,Science & Technology / Innovation,individual,12,2,0,0.8571428571428571,5,1,1,0,1,not_eligible,0,0
P45,68,60000,Delhi,retired,not_applicable,general,female,1,retired,individual,FIN002,Financial Inclusion / Entrepreneurship,individual,12,2,0,0.8571428571428571,6,1,1,0,1,not_eligible,0,0
P45,68,60000,Delhi,retired,not_applicable,general,female,1,retired,individual,MED003,Health / Financial Assistance,individual,12,2,0,0.8571428571428571,5,1,1,0,1,not_eligible,0,0
P45,68,60000,Delhi,retired,not_applicable,general,female,1,retired,individual,MED004,Healthcare / Financial Assistance,individual,13,1,0,0.9285714285714286,5,1,1,0,1,not_eligible,0,0
P45,68,60000,Delhi,retired,not_applicable,general,female,1,retired,individual,MED005,Healthcare / Insurance,individual,12,2,0,0.8571428571428571,4,0,1,0,1,not_eligible,0,0
P45,68,60000,Delhi,retired,not_applicable,general,female,1,retired,individual,WOM001,Women & Child Development / Nutrition,individual,11,3,0,0.7857142857142857,3,0,1,0,1,not_eligible,0,0
P45,68,60000,Delhi,retired,not_applicable,general,female,1,retired,individual,HEA001,Healthcare / Pharmaceuticals,individual,12,2,0,0.8571428571428571,5,0,1,0,1,not_eligible,0,0
P45,68,60000,Delhi,retired,not_applicable,general,female,1,retired,individual,EDU003,Education / Nutrition,individual,9,4,1,0.6428571428571429,2,0,1,1,1,not_eligible,0,0
P45,68,60000,Delhi,retired,not_applicable,general,female,1,retired,individual,EDU004,Scholarship / Disability Welfare,individual,8,4,2,0.5714285714285714,6,0,1,1,1,not_eligible,0,0
P45,68,60000,Delhi,retired,not_applicable,general,female,1,retired,individual,EDU005,Scholarship / Social Justice,individual,8,5,1,0.5714285714285714,6,0,1,1,1,not_eligible,0,0
P45,68,60000,Delhi,retired,not_applicable,general,female,1,retired,individual,EDU006,Scholarship / Women Education,individual,7,5,3,0.4666666666666667,5,1,1,1,1,not_eligible,0,0
P45,68,60000,Delhi,retired,not_applicable,general,female,1,retired,individual,RES002,Higher Education / Research Fellowship,individual,7,5,2,0.5,6,1,1,1,1,not_eligible,0,0
P45,68,60000,Delhi,retired,not_applicable,general,female,1,retired,individual,SKI001,Skill Development / Minority Affairs,individual,9,5,0,0.6428571428571429,4,0,1,0,1,not_eligible,0,0
P45,68,60000,Delhi,retired,not_applicable,general,female,1,retired,individual,WOM002,Women & Child Development / Justice,individual,13,1,0,0.9285714285714286,2,0,1,0,1,not_eligible,0,0
P45,68,60000,Delhi,retired,not_applicable,general,female,1,retired,individual,EDU007,Scholarship / Education,individual,8,5,1,0.5714285714285714,6,0,1,1,1,not_eligible,0,0
P45,68,60000,Delhi,retired,not_applicable,general,female,1,retired,individual,RES003,Science & Technology / Research Fellowship,individual,9,4,1,0.6428571428571429,5,1,1,1,1,not_eligible,0,0
P45,68,60000,Delhi,retired,not_applicable,general,female,1,retired,individual,EDU008,Higher Education / Electronics & IT Research,individual,9,3,2,0.6428571428571429,4,1,1,1,1,not_eligible,0,0
P45,68,60000,Delhi,retired,not_applicable,general,female,1,retired,individual,RES004,Science & Technology / Engineering Fellowship,individual,9,4,1,0.6428571428571429,4,1,1,1,1,not_eligible,0,0
P45,68,60000,Delhi,retired,not_applicable,general,female,1,retired,individual,CUL002,Culture / Arts & Performing Arts,individual,10,4,0,0.7142857142857143,5,1,1,0,1,not_eligible,0,0
P45,68,60000,Delhi,retired,not_applicable,general,female,1,retired,individual,CUL003,Culture / State Recognition,individual,10,4,0,0.7142857142857143,5,1,1,0,1,not_eligible,0,0
P45,68,60000,Delhi,retired,not_applicable,general,female,1,retired,individual,CUL004,Culture / Infrastructure Support,individual,11,2,1,0.7857142857142857,5,1,1,1,1,not_eligible,0,0
P46,26,180000,Delhi,student,PhD,general,female,1,student,individual,MED001,Health / Social Welfare,individual,10,4,0,0.7142857142857143,9,1,1,0,1,not_eligible,0,0
P46,26,180000,Delhi,student,PhD,general,female,1,student,individual,CUL001,Culture / Pension,individual,10,4,0,0.7142857142857143,8,1,1,0,1,not_eligible,0,0
P46,26,180000,Delhi,student,PhD,general,female,1,student,individual,SOC001,Social Security / Pension,individual,10,3,1,0.7142857142857143,6,0,1,1,1,not_eligible,0,0
P46,26,180000,Delhi,student,PhD,general,female,1,student,individual,HOU001,Housing / LGBTQ+ Welfare,individual,11,3,0,0.7857142857142857,3,1,1,0,1,not_eligible,0,0
P46,26,180000,Delhi,student,PhD,general,female,1,student,individual,EXT001,External Affairs / Overseas Welfare,individual,13,1,0,0.9285714285714286,4,1,1,0,1,not_eligible,0,0
P46,26,180000,Delhi,student,PhD,general,female,1,student,individual,RUR001,Rural Infrastructure / Energy,community,11,3,0,0.7857142857142857,3,1,1,0,0,not_eligible,0,0
P46,26,180000,Delhi,student,PhD,general,female,1,student,individual,EDU001,Education / Disability,institution,10,3,1,0.7142857142857143,6,1,1,1,0,not_eligible,0,0
P46,26,180000,Delhi,student,PhD,general,female,1,student,individual,EDU002,Scholarship / Education,individual,10,4,0,0.7142857142857143,7,0,1,0,1,not_eligible,0,0
P46,26,180000,Delhi,student,PhD,general,female,1,student,individual,RES001,Research & Development,institution,10,3,1,0.7142857142857143,5,1,1,1,0,not_eligible,0,0
P46,26,180000,Delhi,student,PhD,general,female,1,student,individual,FIN001,Financial Inclusion / Insurance,individual,13,1,0,0.9285714285714286,4,0,1,0,1,not_eligible,0,0
P46,26,180000,Delhi,student,PhD,general,female,1,student,individual,AGR001,Fisheries / Social Security,individual,11,3,0,0.7857142857142857,8,1,1,0,1,not_eligible,0,0
P46,26,180000,Delhi,student,PhD,general,female,1,student,individual,MED002,Health / Financial Assistance,individual,12,2,0,0.8571428571428571,5,1,1,0,1,not_eligible,0,0
P46,26,180000,Delhi,student,PhD,general,female,1,student,individual,SOC002,Social Security / Healthcare,individual,10,4,0,0.7142857142857143,6,1,1,0,1,not_eligible,0,0
P46,26,180000,Delhi,student,PhD,general,female,1,student,individual,EMP001,Entrepreneurship / Minority Welfare,individual,8,6,0,0.5714285714285714,6,0,1,0,1,not_eligible,0,0
P46,26,180000,Delhi,student,PhD,general,female,1,student,individual,SKL001,Skill Development / Agriculture,organization,11,3,0,0.7857142857142857,4,0,1,0,0,not_eligible,0,0
P46,26,180000,Delhi,student,PhD,general,female,1,student,individual,AGR002,Agriculture / Export Promotion,organization,12,2,0,0.8571428571428571,4,1,1,0,0,not_eligible,0,0
P46,26,180000,Delhi,student,PhD,general,female,1,student,individual,AGR003,Agriculture / Farm Mechanization,individual,12,2,1,0.8,5,0,1,1,1,not_eligible,0,0
P46,26,180000,Delhi,student,PhD,general,female,1,student,individual,RUR002,Rural Development / Land Ownership,individual,13,1,0,0.9285714285714286,3,1,1,0,1,not_eligible,0,0
P46,26,180000,Delhi,student,PhD,general,female,1,student,individual,DIS001,Disability Welfare / Transport Aid,individual,8,5,1,0.5714285714285714,7,0,1,1,1,not_eligible,0,0
P46,26,180000,Delhi,student,PhD,general,female,1,student,individual,SKL002,Skill Development / Entrepreneurship,individual,9,5,0,0.6428571428571429,5,1,1,0,1,not_eligible,0,0
P46,26,180000,Delhi,student,PhD,general,female,1,student,individual,SOC003,Minority Welfare / Financial Assistance,individual,9,5,0,0.6428571428571429,6,0,1,0,1,not_eligible,0,0
P46,26,180000,Delhi,student,PhD,general,female,1,student,individual,MIN001,Minority Welfare / Skill & Livelihood,individual,11,3,0,0.7857142857142857,4,0,1,0,1,not_eligible,0,0
P46,26,180000,Delhi,student,PhD,general,female,1,student,individual,COM001,Commerce & Industry / Recognition,individual,12,2,0,0.8571428571428571,3,1,1,0,1,not_eligible,0,0
P46,26,180000,Delhi,student,PhD,general,female,1,student,individual,SCI001,Science & Technology / Innovation,individual,12,2,0,0.8571428571428571,5,1,1,0,1,not_eligible,0,0
P46,26,180000,Delhi,student,PhD,general,female,1,student,individual,FIN002,Financial Inclusion / Entrepreneurship,individual,12,2,0,0.8571428571428571,6,1,1,0,1,not_eligible,0,0
P46,26,180000,Delhi,student,PhD,general,female,1,student,individual,MED003,Health / Financial Assistance,individual,12,2,0,0.8571428571428571,5,1,1,0,1,not_eligible,0,0
P46,26,180000,Delhi,student,PhD,general,female,1,student,individual,MED004,Healthcare / Financial Assistance,individual,13,1,0,0.9285714285714286,5,1,1,0,1,not_eligible,0,0
P46,26,180000,Delhi,student,PhD,general,female,1,student,individual,MED005,Healthcare / Insurance,individual,12,2,0,0.8571428571428571,4,0,1,0,1,not_eligible,0,0
P46,26,180000,Delhi,student,PhD,general,female,1,student,individual,WOM001,Women & Child Development / Nutrition,individual,11,3,0,0.7857142857142857,3,0,1,0,1,not_eligible,0,0
P46,26,180000,Delhi,student,PhD,general,female,1,student,individual,HEA001,Healthcare / Pharmaceuticals,individual,12,2,0,0.8571428571428571,5,0,1,0,1,not_eligible,0,0
P46,26,180000,Delhi,student,PhD,general,female,1,student,individual,EDU003,Education / Nutrition,individual,10,3,1,0.7142857142857143,2,0,1,1,1,not_eligible,0,0
P46,26,180000,Delhi,student,PhD,general,female,1,student,individual,EDU004,Scholarship / Disability Welfare,individual,9,3,2,0.6428571428571429,6,0,1,1,1,not_eligible,0,0
P46,26,180000,Delhi,student,PhD,general,female,1,student,individual,EDU005,Scholarship / Social Justice,individual,10,3,1,0.7142857142857143,6,0,1,1,1,not_eligible,0,0
P46,26,180000,Delhi,student,PhD,general,female,1,student,individual,EDU006,Scholarship / Women Education,individual,10,2,3,0.6666666666666666,5,1,1,1,1,not_eligible,0,0
P46,26,180000,Delhi,student,PhD,general,female,1,student,individual,RES002,Higher Education / Research Fellowship,individual,9,3,2,0.6428571428571429,6,1,1,1,1,not_eligible,0,0
P46,26,180000,Delhi,student,PhD,general,female,1,student,individual,SKI001,Skill Development / Minority Affairs,individual,10,4,0,0.7142857142857143,4,0,1,0,1,not_eligible,0,0
P46,26,180000,Delhi,student,PhD,general,female,1,student,individual,WOM002,Women & Child Development / Justice,individual,13,1,0,0.9285714285714286,2,0,1,0,1,not_eligible,0,0
P46,26,180000,Delhi,student,PhD,general,female,1,student,individual,EDU007,Scholarship / Education,individual,10,3,1,0.7142857142857143,6,0,1,1,1,not_eligible,0,0
P46,26,180000,Delhi,student,PhD,general,female,1,student,individual,RES003,Science & Technology / Research Fellowship,individual,9,4,1,0.6428571428571429,5,1,1,1,1,not_eligible,0,0
P46,26,180000,Delhi,student,PhD,general,female,1,student,individual,EDU008,Higher Education / Electronics & IT Research,individual,9,3,2,0.6428571428571429,4,1,1,1,1,not_eligible,0,0
P46,26,180000,Delhi,student,PhD,general,female,1,student,individual,RES004,Science & Technology / Engineering Fellowship,individual,10,3,1,0.7142857142857143,4,1,1,1,1,not_eligible,0,0
P46,26,180000,Delhi,student,PhD,general,female,1,student,individual,CUL002,Culture / Arts & Performing Arts,individual,10,4,0,0.7142857142857143,5,1,1,0,1,not_eligible,0,0
P46,26,180000,Delhi,student,PhD,general,female,1,student,individual,CUL003,Culture / State Recognition,individual,11,3,0,0.7857142857142857,5,1,1,0,1,not_eligible,0,0
P46,26,180000,Delhi,student,PhD,general,female,1,student,individual,CUL004,Culture / Infrastructure Support,individual,11,2,1,0.7857142857142857,5,1,1,1,1,not_eligible,0,0
P47,39,900000,Delhi,faculty,PhD,general,female,1,employed,faculty,MED001,Health / Social Welfare,individual,11,3,0,0.7857142857142857,9,1,1,0,1,not_eligible,0,0
P47,39,900000,Delhi,faculty,PhD,general,female,1,employed,faculty,CUL001,Culture / Pension,individual,10,4,0,0.7142857142857143,8,1,1,0,1,not_eligible,0,0
P47,39,900000,Delhi,faculty,PhD,general,female,1,employed,faculty,SOC001,Social Security / Pension,individual,10,3,1,0.7142857142857143,6,0,1,1,1,not_eligible,0,0
P47,39,900000,Delhi,faculty,PhD,general,female,1,employed,faculty,HOU001,Housing / LGBTQ+ Welfare,individual,12,2,0,0.8571428571428571,3,1,1,0,1,not_eligible,0,0
P47,39,900000,Delhi,faculty,PhD,general,female,1,employed,faculty,EXT001,External Affairs / Overseas Welfare,individual,12,2,0,0.8571428571428571,4,1,1,0,1,not_eligible,0,0
P47,39,900000,Delhi,faculty,PhD,general,female,1,employed,faculty,RUR001,Rural Infrastructure / Energy,community,11,3,0,0.7857142857142857,3,1,1,0,0,not_eligible,0,0
P47,39,900000,Delhi,faculty,PhD,general,female,1,employed,faculty,EDU001,Education / Disability,institution,9,4,1,0.6428571428571429,6,1,1,1,0,not_eligible,0,0
P47,39,900000,Delhi,faculty,PhD,general,female,1,employed,faculty,EDU002,Scholarship / Education,individual,10,4,0,0.7142857142857143,7,0,1,0,1,not_eligible,0,0
P47,39,900000,Delhi,faculty,PhD,general,female,1,employed,faculty,RES001,Research & Development,institution,13,0,1,0.9285714285714286,5,1,0,1,0,possibly_eligible,0,1
P47,39,900000,Delhi,faculty,PhD,general,female,1,employed,faculty,FIN001,Financial Inclusion / Insurance,individual,13,1,0,0.9285714285714286,4,0,1,0,1,not_eligible,0,0
P47,39,900000,Delhi,faculty,PhD,general,female,1,employed,faculty,AGR001,Fisheries / Social Security,individual,11,3,0,0.7857142857142857,8,1,1,0,1,not_eligible,0,0
P47,39,900000,Delhi,faculty,PhD,general,female,1,employed,faculty,MED002,Health / Financial Assistance,individual,12,2,0,0.8571428571428571,5,1,1,0,1,not_eligible,0,0
P47,39,900000,Delhi,faculty,PhD,general,female,1,employed,faculty,SOC002,Social Security / Healthcare,individual,10,4,0,0.7142857142857143,6,1,1,0,1,not_eligible,0,0
P47,39,900000,Delhi,faculty,PhD,general,female,1,employed,faculty,EMP001,Entrepreneurship / Minority Welfare,individual,9,5,0,0.6428571428571429,6,0,1,0,1,not_eligible,0,0
P47,39,900000,Delhi,faculty,PhD,general,female,1,employed,faculty,SKL001,Skill Development / Agriculture,organization,11,3,0,0.7857142857142857,4,0,1,0,0,not_eligible,0,0
P47,39,900000,Delhi,faculty,PhD,general,female,1,employed,faculty,AGR002,Agriculture / Export Promotion,organization,12,2,0,0.8571428571428571,4,1,1,0,0,not_eligible,0,0
P47,39,900000,Delhi,faculty,PhD,general,female,1,employed,faculty,AGR003,Agriculture / Farm Mechanization,individual,12,2,1,0.8,5,0,1,1,1,not_eligible,0,0
P47,39,900000,Delhi,faculty,PhD,general,female,1,employed,faculty,RUR002,Rural Development / Land Ownership,individual,13,1,0,0.9285714285714286,3,1,1,0,1,not_eligible,0,0
P47,39,900000,Delhi,faculty,PhD,general,female,1,employed,faculty,DIS001,Disability Welfare / Transport Aid,individual,8,5,1,0.5714285714285714,7,0,1,1,1,not_eligible,0,0
P47,39,900000,Delhi,faculty,PhD,general,female,1,employed,faculty,SKL002,Skill Development / Entrepreneurship,individual,10,4,0,0.7142857142857143,5,1,1,0,1,not_eligible,0,0
P47,39,900000,Delhi,faculty,PhD,general,female,1,employed,faculty,SOC003,Minority Welfare / Financial Assistance,individual,9,5,0,0.6428571428571429,6,0,1,0,1,not_eligible,0,0
P47,39,900000,Delhi,faculty,PhD,general,female,1,employed,faculty,MIN001,Minority Welfare / Skill & Livelihood,individual,11,3,0,0.7857142857142857,4,0,1,0,1,not_eligible,0,0
P47,39,900000,Delhi,faculty,PhD,general,female,1,employed,faculty,COM001,Commerce & Industry / Recognition,individual,12,2,0,0.8571428571428571,3,1,1,0,1,not_eligible,0,0
P47,39,900000,Delhi,faculty,PhD,general,female,1,employed,faculty,SCI001,Science & Technology / Innovation,individual,12,2,0,0.8571428571428571,5,1,1,0,1,not_eligible,0,0
P47,39,900000,Delhi,faculty,PhD,general,female,1,employed,faculty,FIN002,Financial Inclusion / Entrepreneurship,individual,12,2,0,0.8571428571428571,6,1,1,0,1,not_eligible,0,0
P47,39,900000,Delhi,faculty,PhD,general,female,1,employed,faculty,MED003,Health / Financial Assistance,individual,11,3,0,0.7857142857142857,5,1,1,0,1,not_eligible,0,0
P47,39,900000,Delhi,faculty,PhD,general,female,1,employed,faculty,MED004,Healthcare / Financial Assistance,individual,12,2,0,0.8571428571428571,5,1,1,0,1,not_eligible,0,0
P47,39,900000,Delhi,faculty,PhD,general,female,1,employed,faculty,MED005,Healthcare / Insurance,individual,12,2,0,0.8571428571428571,4,0,1,0,1,not_eligible,0,0
P47,39,900000,Delhi,faculty,PhD,general,female,1,employed,faculty,WOM001,Women & Child Development / Nutrition,individual,11,3,0,0.7857142857142857,3,0,1,0,1,not_eligible,0,0
P47,39,900000,Delhi,faculty,PhD,general,female,1,employed,faculty,HEA001,Healthcare / Pharmaceuticals,individual,12,2,0,0.8571428571428571,5,0,1,0,1,not_eligible,0,0
P47,39,900000,Delhi,faculty,PhD,general,female,1,employed,faculty,EDU003,Education / Nutrition,individual,9,4,1,0.6428571428571429,2,0,1,1,1,not_eligible,0,0
P47,39,900000,Delhi,faculty,PhD,general,female,1,employed,faculty,EDU004,Scholarship / Disability Welfare,individual,7,5,2,0.5,6,0,1,1,1,not_eligible,0,0
P47,39,900000,Delhi,faculty,PhD,general,female,1,employed,faculty,EDU005,Scholarship / Social Justice,individual,7,6,1,0.5,6,0,1,1,1,not_eligible,0,0
P47,39,900000,Delhi,faculty,PhD,general,female,1,employed,faculty,EDU006,Scholarship / Women Education,individual,7,5,3,0.4666666666666667,5,1,1,1,1,not_eligible,0,0
P47,39,900000,Delhi,faculty,PhD,general,female,1,employed,faculty,RES002,Higher Education / Research Fellowship,individual,8,4,2,0.5714285714285714,6,1,1,1,1,not_eligible,0,0
P47,39,900000,Delhi,faculty,PhD,general,female,1,employed,faculty,SKI001,Skill Development / Minority Affairs,individual,10,4,0,0.7142857142857143,4,0,1,0,1,not_eligible,0,0
P47,39,900000,Delhi,faculty,PhD,general,female,1,employed,faculty,WOM002,Women & Child Development / Justice,individual,13,1,0,0.9285714285714286,2,0,1,0,1,not_eligible,0,0
P47,39,900000,Delhi,faculty,PhD,general,female,1,employed,faculty,EDU007,Scholarship / Education,individual,7,6,1,0.5,6,0,1,1,1,not_eligible,0,0
P47,39,900000,Delhi,faculty,PhD,general,female,1,employed,faculty,RES003,Science & Technology / Research Fellowship,individual,9,4,1,0.6428571428571429,5,1,1,1,1,not_eligible,0,0
P47,39,900000,Delhi,faculty,PhD,general,female,1,employed,faculty,EDU008,Higher Education / Electronics & IT Research,individual,9,3,2,0.6428571428571429,4,1,1,1,1,not_eligible,0,0
P47,39,900000,Delhi,faculty,PhD,general,female,1,employed,faculty,RES004,Science & Technology / Engineering Fellowship,individual,13,0,1,0.9285714285714286,4,1,0,1,1,possibly_eligible,1,1
P47,39,900000,Delhi,faculty,PhD,general,female,1,employed,faculty,CUL002,Culture / Arts & Performing Arts,individual,10,4,0,0.7142857142857143,5,1,1,0,1,not_eligible,0,0
P47,39,900000,Delhi,faculty,PhD,general,female,1,employed,faculty,CUL003,Culture / State Recognition,individual,11,3,0,0.7857142857142857,5,1,1,0,1,not_eligible,0,0
P47,39,900000,Delhi,faculty,PhD,general,female,1,employed,faculty,CUL004,Culture / Infrastructure Support,individual,11,2,1,0.7857142857142857,5,1,1,1,1,not_eligible,0,0
P48,42,180000,Assam,fisherman,not_applicable,general,male,1,self-employed,fisherman,MED001,Health / Social Welfare,individual,11,3,0,0.7857142857142857,9,1,1,0,1,not_eligible,0,0
P48,42,180000,Assam,fisherman,not_applicable,general,male,1,self-employed,fisherman,CUL001,Culture / Pension,individual,10,4,0,0.7142857142857143,8,1,1,0,1,not_eligible,0,0
P48,42,180000,Assam,fisherman,not_applicable,general,male,1,self-employed,fisherman,SOC001,Social Security / Pension,individual,10,3,1,0.7142857142857143,6,0,1,1,1,not_eligible,0,0
P48,42,180000,Assam,fisherman,not_applicable,general,male,1,self-employed,fisherman,HOU001,Housing / LGBTQ+ Welfare,individual,11,3,0,0.7857142857142857,3,1,1,0,1,not_eligible,0,0
P48,42,180000,Assam,fisherman,not_applicable,general,male,1,self-employed,fisherman,EXT001,External Affairs / Overseas Welfare,individual,12,2,0,0.8571428571428571,4,1,1,0,1,not_eligible,0,0
P48,42,180000,Assam,fisherman,not_applicable,general,male,1,self-employed,fisherman,RUR001,Rural Infrastructure / Energy,community,11,3,0,0.7857142857142857,3,1,1,0,0,not_eligible,0,0
P48,42,180000,Assam,fisherman,not_applicable,general,male,1,self-employed,fisherman,EDU001,Education / Disability,institution,9,4,1,0.6428571428571429,6,1,1,1,0,not_eligible,0,0
P48,42,180000,Assam,fisherman,not_applicable,general,male,1,self-employed,fisherman,EDU002,Scholarship / Education,individual,8,6,0,0.5714285714285714,7,0,1,0,1,not_eligible,0,0
P48,42,180000,Assam,fisherman,not_applicable,general,male,1,self-employed,fisherman,RES001,Research & Development,institution,9,4,1,0.6428571428571429,5,1,1,1,0,not_eligible,0,0
P48,42,180000,Assam,fisherman,not_applicable,general,male,1,self-employed,fisherman,FIN001,Financial Inclusion / Insurance,individual,13,1,0,0.9285714285714286,4,0,1,0,1,not_eligible,0,0
P48,42,180000,Assam,fisherman,not_applicable,general,male,1,self-employed,fisherman,AGR001,Fisheries / Social Security,individual,12,2,0,0.8571428571428571,8,1,1,0,1,not_eligible,0,0
P48,42,180000,Assam,fisherman,not_applicable,general,male,1,self-employed,fisherman,MED002,Health / Financial Assistance,individual,12,2,0,0.8571428571428571,5,1,1,0,1,not_eligible,0,0
P48,42,180000,Assam,fisherman,not_applicable,general,male,1,self-employed,fisherman,SOC002,Social Security / Healthcare,individual,10,4,0,0.7142857142857143,6,1,1,0,1,not_eligible,0,0
P48,42,180000,Assam,fisherman,not_applicable,general,male,1,self-employed,fisherman,EMP001,Entrepreneurship / Minority Welfare,individual,8,6,0,0.5714285714285714,6,0,1,0,1,not_eligible,0,0
P48,42,180000,Assam,fisherman,not_applicable,general,male,1,self-employed,fisherman,SKL001,Skill Development / Agriculture,organization,12,2,0,0.8571428571428571,4,0,1,0,0,not_eligible,0,0
P48,42,180000,Assam,fisherman,not_applicable,general,male,1,self-employed,fisherman,AGR002,Agriculture / Export Promotion,organization,12,2,0,0.8571428571428571,4,1,1,0,0,not_eligible,0,0
P48,42,180000,Assam,fisherman,not_applicable,general,male,1,self-employed,fisherman,AGR003,Agriculture / Farm Mechanization,individual,13,1,1,0.8666666666666667,5,0,1,1,1,not_eligible,0,0
P48,42,180000,Assam,fisherman,not_applicable,general,male,1,self-employed,fisherman,RUR002,Rural Development / Land Ownership,individual,13,1,0,0.9285714285714286,3,1,1,0,1,not_eligible,0,0
P48,42,180000,Assam,fisherman,not_applicable,general,male,1,self-employed,fisherman,DIS001,Disability Welfare / Transport Aid,individual,8,5,1,0.5714285714285714,7,0,1,1,1,not_eligible,0,0
P48,42,180000,Assam,fisherman,not_applicable,general,male,1,self-employed,fisherman,SKL002,Skill Development / Entrepreneurship,individual,8,6,0,0.5714285714285714,5,1,1,0,1,not_eligible,0,0
P48,42,180000,Assam,fisherman,not_applicable,general,male,1,self-employed,fisherman,SOC003,Minority Welfare / Financial Assistance,individual,9,5,0,0.6428571428571429,6,0,1,0,1,not_eligible,0,0
P48,42,180000,Assam,fisherman,not_applicable,general,male,1,self-employed,fisherman,MIN001,Minority Welfare / Skill & Livelihood,individual,11,3,0,0.7857142857142857,4,0,1,0,1,not_eligible,0,0
P48,42,180000,Assam,fisherman,not_applicable,general,male,1,self-employed,fisherman,COM001,Commerce & Industry / Recognition,individual,12,2,0,0.8571428571428571,3,1,1,0,1,not_eligible,0,0
P48,42,180000,Assam,fisherman,not_applicable,general,male,1,self-employed,fisherman,SCI001,Science & Technology / Innovation,individual,12,2,0,0.8571428571428571,5,1,1,0,1,not_eligible,0,0
P48,42,180000,Assam,fisherman,not_applicable,general,male,1,self-employed,fisherman,FIN002,Financial Inclusion / Entrepreneurship,individual,12,2,0,0.8571428571428571,6,1,1,0,1,not_eligible,0,0
P48,42,180000,Assam,fisherman,not_applicable,general,male,1,self-employed,fisherman,MED003,Health / Financial Assistance,individual,12,2,0,0.8571428571428571,5,1,1,0,1,not_eligible,0,0
P48,42,180000,Assam,fisherman,not_applicable,general,male,1,self-employed,fisherman,MED004,Healthcare / Financial Assistance,individual,12,2,0,0.8571428571428571,5,1,1,0,1,not_eligible,0,0
P48,42,180000,Assam,fisherman,not_applicable,general,male,1,self-employed,fisherman,MED005,Healthcare / Insurance,individual,12,2,0,0.8571428571428571,4,0,1,0,1,not_eligible,0,0
P48,42,180000,Assam,fisherman,not_applicable,general,male,1,self-employed,fisherman,WOM001,Women & Child Development / Nutrition,individual,11,3,0,0.7857142857142857,3,0,1,0,1,not_eligible,0,0
P48,42,180000,Assam,fisherman,not_applicable,general,male,1,self-employed,fisherman,HEA001,Healthcare / Pharmaceuticals,individual,12,2,0,0.8571428571428571,5,0,1,0,1,not_eligible,0,0
P48,42,180000,Assam,fisherman,not_applicable,general,male,1,self-employed,fisherman,EDU003,Education / Nutrition,individual,9,4,1,0.6428571428571429,2,0,1,1,1,not_eligible,0,0
P48,42,180000,Assam,fisherman,not_applicable,general,male,1,self-employed,fisherman,EDU004,Scholarship / Disability Welfare,individual,7,5,2,0.5,6,0,1,1,1,not_eligible,0,0
P48,42,180000,Assam,fisherman,not_applicable,general,male,1,self-employed,fisherman,EDU005,Scholarship / Social Justice,individual,8,5,1,0.5714285714285714,6,0,1,1,1,not_eligible,0,0
P48,42,180000,Assam,fisherman,not_applicable,general,male,1,self-employed,fisherman,EDU006,Scholarship / Women Education,individual,7,5,3,0.4666666666666667,5,1,1,1,1,not_eligible,0,0
P48,42,180000,Assam,fisherman,not_applicable,general,male,1,self-employed,fisherman,RES002,Higher Education / Research Fellowship,individual,7,5,2,0.5,6,1,1,1,1,not_eligible,0,0
P48,42,180000,Assam,fisherman,not_applicable,general,male,1,self-employed,fisherman,SKI001,Skill Development / Minority Affairs,individual,10,4,0,0.7142857142857143,4,0,1,0,1,not_eligible,0,0
P48,42,180000,Assam,fisherman,not_applicable,general,male,1,self-employed,fisherman,WOM002,Women & Child Development / Justice,individual,13,1,0,0.9285714285714286,2,0,1,0,1,not_eligible,0,0
P48,42,180000,Assam,fisherman,not_applicable,general,male,1,self-employed,fisherman,EDU007,Scholarship / Education,individual,8,5,1,0.5714285714285714,6,0,1,1,1,not_eligible,0,0
P48,42,180000,Assam,fisherman,not_applicable,general,male,1,self-employed,fisherman,RES003,Science & Technology / Research Fellowship,individual,8,5,1,0.5714285714285714,5,1,1,1,1,not_eligible,0,0
P48,42,180000,Assam,fisherman,not_applicable,general,male,1,self-employed,fisherman,EDU008,Higher Education / Electronics & IT Research,individual,9,3,2,0.6428571428571429,4,1,1,1,1,not_eligible,0,0
P48,42,180000,Assam,fisherman,not_applicable,general,male,1,self-employed,fisherman,RES004,Science & Technology / Engineering Fellowship,individual,9,4,1,0.6428571428571429,4,1,1,1,1,not_eligible,0,0
P48,42,180000,Assam,fisherman,not_applicable,general,male,1,self-employed,fisherman,CUL002,Culture / Arts & Performing Arts,individual,10,4,0,0.7142857142857143,5,1,1,0,1,not_eligible,0,0
P48,42,180000,Assam,fisherman,not_applicable,general,male,1,self-employed,fisherman,CUL003,Culture / State Recognition,individual,10,4,0,0.7142857142857143,5,1,1,0,1,not_eligible,0,0
P48,42,180000,Assam,fisherman,not_applicable,general,male,1,self-employed,fisherman,CUL004,Culture / Infrastructure Support,individual,11,2,1,0.7857142857142857,5,1,1,1,1,not_eligible,0,0
P49,35,150000,Nagaland,worker,graduate,general,female,1,employed,individual,MED001,Health / Social Welfare,individual,12,2,0,0.8571428571428571,9,1,1,0,1,not_eligible,0,0
P49,35,150000,Nagaland,worker,graduate,general,female,1,employed,individual,CUL001,Culture / Pension,individual,10,4,0,0.7142857142857143,8,1,1,0,1,not_eligible,0,0
P49,35,150000,Nagaland,worker,graduate,general,female,1,employed,individual,SOC001,Social Security / Pension,individual,10,3,1,0.7142857142857143,6,0,1,1,1,not_eligible,0,0
P49,35,150000,Nagaland,worker,graduate,general,female,1,employed,individual,HOU001,Housing / LGBTQ+ Welfare,individual,12,2,0,0.8571428571428571,3,1,1,0,1,not_eligible,0,0
P49,35,150000,Nagaland,worker,graduate,general,female,1,employed,individual,EXT001,External Affairs / Overseas Welfare,individual,13,1,0,0.9285714285714286,4,1,1,0,1,not_eligible,0,0
P49,35,150000,Nagaland,worker,graduate,general,female,1,employed,individual,RUR001,Rural Infrastructure / Energy,community,11,3,0,0.7857142857142857,3,1,1,0,0,not_eligible,0,0
P49,35,150000,Nagaland,worker,graduate,general,female,1,employed,individual,EDU001,Education / Disability,institution,9,4,1,0.6428571428571429,6,1,1,1,0,not_eligible,0,0
P49,35,150000,Nagaland,worker,graduate,general,female,1,employed,individual,EDU002,Scholarship / Education,individual,10,4,0,0.7142857142857143,7,0,1,0,1,not_eligible,0,0
P49,35,150000,Nagaland,worker,graduate,general,female,1,employed,individual,RES001,Research & Development,institution,10,3,1,0.7142857142857143,5,1,1,1,0,not_eligible,0,0
P49,35,150000,Nagaland,worker,graduate,general,female,1,employed,individual,FIN001,Financial Inclusion / Insurance,individual,13,1,0,0.9285714285714286,4,0,1,0,1,not_eligible,0,0
P49,35,150000,Nagaland,worker,graduate,general,female,1,employed,individual,AGR001,Fisheries / Social Security,individual,11,3,0,0.7857142857142857,8,1,1,0,1,not_eligible,0,0
P49,35,150000,Nagaland,worker,graduate,general,female,1,employed,individual,MED002,Health / Financial Assistance,individual,12,2,0,0.8571428571428571,5,1,1,0,1,not_eligible,0,0
P49,35,150000,Nagaland,worker,graduate,general,female,1,employed,individual,SOC002,Social Security / Healthcare,individual,10,4,0,0.7142857142857143,6,1,1,0,1,not_eligible,0,0
P49,35,150000,Nagaland,worker,graduate,general,female,1,employed,individual,EMP001,Entrepreneurship / Minority Welfare,individual,9,5,0,0.6428571428571429,6,0,1,0,1,not_eligible,0,0
P49,35,150000,Nagaland,worker,graduate,general,female,1,employed,individual,SKL001,Skill Development / Agriculture,organization,11,3,0,0.7857142857142857,4,0,1,0,0,not_eligible,0,0
P49,35,150000,Nagaland,worker,graduate,general,female,1,employed,individual,AGR002,Agriculture / Export Promotion,organization,12,2,0,0.8571428571428571,4,1,1,0,0,not_eligible,0,0
P49,35,150000,Nagaland,worker,graduate,general,female,1,employed,individual,AGR003,Agriculture / Farm Mechanization,individual,12,2,1,0.8,5,0,1,1,1,not_eligible,0,0
P49,35,150000,Nagaland,worker,graduate,general,female,1,employed,individual,RUR002,Rural Development / Land Ownership,individual,13,1,0,0.9285714285714286,3,1,1,0,1,not_eligible,0,0
P49,35,150000,Nagaland,worker,graduate,general,female,1,employed,individual,DIS001,Disability Welfare / Transport Aid,individual,8,5,1,0.5714285714285714,7,0,1,1,1,not_eligible,0,0
P49,35,150000,Nagaland,worker,graduate,general,female,1,employed,individual,SKL002,Skill Development / Entrepreneurship,individual,10,4,0,0.7142857142857143,5,1,1,0,1,not_eligible,0,0
P49,35,150000,Nagaland,worker,graduate,general,female,1,employed,individual,SOC003,Minority Welfare / Financial Assistance,individual,10,4,0,0.7142857142857143,6,0,1,0,1,not_eligible,0,0
P49,35,150000,Nagaland,worker,graduate,general,female,1,employed,individual,MIN001,Minority Welfare / Skill & Livelihood,individual,11,3,0,0.7857142857142857,4,0,1,0,1,not_eligible,0,0
P49,35,150000,Nagaland,worker,graduate,general,female,1,employed,individual,COM001,Commerce & Industry / Recognition,individual,12,2,0,0.8571428571428571,3,1,1,0,1,not_eligible,0,0
P49,35,150000,Nagaland,worker,graduate,general,female,1,employed,individual,SCI001,Science & Technology / Innovation,individual,12,2,0,0.8571428571428571,5,1,1,0,1,not_eligible,0,0
P49,35,150000,Nagaland,worker,graduate,general,female,1,employed,individual,FIN002,Financial Inclusion / Entrepreneurship,individual,12,2,0,0.8571428571428571,6,1,1,0,1,not_eligible,0,0
P49,35,150000,Nagaland,worker,graduate,general,female,1,employed,individual,MED003,Health / Financial Assistance,individual,12,2,0,0.8571428571428571,5,1,1,0,1,not_eligible,0,0
P49,35,150000,Nagaland,worker,graduate,general,female,1,employed,individual,MED004,Healthcare / Financial Assistance,individual,12,2,0,0.8571428571428571,5,1,1,0,1,not_eligible,0,0
P49,35,150000,Nagaland,worker,graduate,general,female,1,employed,individual,MED005,Healthcare / Insurance,individual,13,1,0,0.9285714285714286,4,0,1,0,1,not_eligible,0,0
P49,35,150000,Nagaland,worker,graduate,general,female,1,employed,individual,WOM001,Women & Child Development / Nutrition,individual,11,3,0,0.7857142857142857,3,0,1,0,1,not_eligible,0,0
P49,35,150000,Nagaland,worker,graduate,general,female,1,employed,individual,HEA001,Healthcare / Pharmaceuticals,individual,12,2,0,0.8571428571428571,5,0,1,0,1,not_eligible,0,0
P49,35,150000,Nagaland,worker,graduate,general,female,1,employed,individual,EDU003,Education / Nutrition,individual,9,4,1,0.6428571428571429,2,0,1,1,1,not_eligible,0,0
P49,35,150000,Nagaland,worker,graduate,general,female,1,employed,individual,EDU004,Scholarship / Disability Welfare,individual,9,3,2,0.6428571428571429,6,0,1,1,1,not_eligible,0,0
P49,35,150000,Nagaland,worker,graduate,general,female,1,employed,individual,EDU005,Scholarship / Social Justice,individual,8,5,1,0.5714285714285714,6,0,1,1,1,not_eligible,0,0
P49,35,150000,Nagaland,worker,graduate,general,female,1,employed,individual,EDU006,Scholarship / Women Education,individual,8,4,3,0.5333333333333333,5,1,1,1,1,not_eligible,0,0
P49,35,150000,Nagaland,worker,graduate,general,female,1,employed,individual,RES002,Higher Education / Research Fellowship,individual,10,2,2,0.7142857142857143,6,1,1,1,1,not_eligible,0,0
P49,35,150000,Nagaland,worker,graduate,general,female,1,employed,individual,SKI001,Skill Development / Minority Affairs,individual,10,4,0,0.7142857142857143,4,0,1,0,1,not_eligible,0,0
P49,35,150000,Nagaland,worker,graduate,general,female,1,employed,individual,WOM002,Women & Child Development / Justice,individual,13,1,0,0.9285714285714286,2,0,1,0,1,not_eligible,0,0
P49,35,150000,Nagaland,worker,graduate,general,female,1,employed,individual,EDU007,Scholarship / Education,individual,8,5,1,0.5714285714285714,6,0,1,1,1,not_eligible,0,0
P49,35,150000,Nagaland,worker,graduate,general,female,1,employed,individual,RES003,Science & Technology / Research Fellowship,individual,8,5,1,0.5714285714285714,5,1,1,1,1,not_eligible,0,0
P49,35,150000,Nagaland,worker,graduate,general,female,1,employed,individual,EDU008,Higher Education / Electronics & IT Research,individual,10,2,2,0.7142857142857143,4,1,1,1,1,not_eligible,0,0
P49,35,150000,Nagaland,worker,graduate,general,female,1,employed,individual,RES004,Science & Technology / Engineering Fellowship,individual,10,3,1,0.7142857142857143,4,1,1,1,1,not_eligible,0,0
P49,35,150000,Nagaland,worker,graduate,general,female,1,employed,individual,CUL002,Culture / Arts & Performing Arts,individual,10,4,0,0.7142857142857143,5,1,1,0,1,not_eligible,0,0
P49,35,150000,Nagaland,worker,graduate,general,female,1,employed,individual,CUL003,Culture / State Recognition,individual,11,3,0,0.7857142857142857,5,1,1,0,1,not_eligible,0,0
P49,35,150000,Nagaland,worker,graduate,general,female,1,employed,individual,CUL004,Culture / Infrastructure Support,individual,11,2,1,0.7857142857142857,5,1,1,1,1,not_eligible,0,0
P50,15,50000,Delhi,student,school,general,female,1,student,individual,MED001,Health / Social Welfare,individual,9,5,0,0.6428571428571429,9,1,1,0,1,not_eligible,0,0
P50,15,50000,Delhi,student,school,general,female,1,student,individual,CUL001,Culture / Pension,individual,10,4,0,0.7142857142857143,8,1,1,0,1,not_eligible,0,0
P50,15,50000,Delhi,student,school,general,female,1,student,individual,SOC001,Social Security / Pension,individual,9,4,1,0.6428571428571429,6,0,1,1,1,not_eligible,0,0
P50,15,50000,Delhi,student,school,general,female,1,student,individual,HOU001,Housing / LGBTQ+ Welfare,individual,10,4,0,0.7142857142857143,3,1,1,0,1,not_eligible,0,0
P50,15,50000,Delhi,student,school,general,female,1,student,individual,EXT001,External Affairs / Overseas Welfare,individual,13,1,0,0.9285714285714286,4,1,1,0,1,not_eligible,0,0
P50,15,50000,Delhi,student,school,general,female,1,student,individual,RUR001,Rural Infrastructure / Energy,community,11,3,0,0.7857142857142857,3,1,1,0,0,not_eligible,0,0
P50,15,50000,Delhi,student,school,general,female,1,student,individual,EDU001,Education / Disability,institution,10,3,1,0.7142857142857143,6,1,1,1,0,not_eligible,0,0
P50,15,50000,Delhi,student,school,general,female,1,student,individual,EDU002,Scholarship / Education,individual,9,5,0,0.6428571428571429,7,0,1,0,1,not_eligible,0,0
P50,15,50000,Delhi,student,school,general,female,1,student,individual,RES001,Research & Development,institution,9,4,1,0.6428571428571429,5,1,1,1,0,not_eligible,0,0
P50,15,50000,Delhi,student,school,general,female,1,student,individual,FIN001,Financial Inclusion / Insurance,individual,12,2,0,0.8571428571428571,4,0,1,0,1,not_eligible,0,0
P50,15,50000,Delhi,student,school,general,female,1,student,individual,AGR001,Fisheries / Social Security,individual,10,4,0,0.7142857142857143,8,1,1,0,1,not_eligible,0,0
P50,15,50000,Delhi,student,school,general,female,1,student,individual,MED002,Health / Financial Assistance,individual,12,2,0,0.8571428571428571,5,1,1,0,1,not_eligible,0,0
P50,15,50000,Delhi,student,school,general,female,1,student,individual,SOC002,Social Security / Healthcare,individual,9,5,0,0.6428571428571429,6,1,1,0,1,not_eligible,0,0
P50,15,50000,Delhi,student,school,general,female,1,student,individual,EMP001,Entrepreneurship / Minority Welfare,individual,7,7,0,0.5,6,0,1,0,1,not_eligible,0,0
P50,15,50000,Delhi,student,school,general,female,1,student,individual,SKL001,Skill Development / Agriculture,organization,10,4,0,0.7142857142857143,4,0,1,0,0,not_eligible,0,0
P50,15,50000,Delhi,student,school,general,female,1,student,individual,AGR002,Agriculture / Export Promotion,organization,11,3,0,0.7857142857142857,4,1,1,0,0,not_eligible,0,0
P50,15,50000,Delhi,student,school,general,female,1,student,individual,AGR003,Agriculture / Farm Mechanization,individual,11,3,1,0.7333333333333333,5,0,1,1,1,not_eligible,0,0
P50,15,50000,Delhi,student,school,general,female,1,student,individual,RUR002,Rural Development / Land Ownership,individual,12,2,0,0.8571428571428571,3,1,1,0,1,not_eligible,0,0
P50,15,50000,Delhi,student,school,general,female,1,student,individual,DIS001,Disability Welfare / Transport Aid,individual,9,4,1,0.6428571428571429,7,0,1,1,1,not_eligible,0,0
P50,15,50000,Delhi,student,school,general,female,1,student,individual,SKL002,Skill Development / Entrepreneurship,individual,8,6,0,0.5714285714285714,5,1,1,0,1,not_eligible,0,0
P50,15,50000,Delhi,student,school,general,female,1,student,individual,SOC003,Minority Welfare / Financial Assistance,individual,8,6,0,0.5714285714285714,6,0,1,0,1,not_eligible,0,0
P50,15,50000,Delhi,student,school,general,female,1,student,individual,MIN001,Minority Welfare / Skill & Livelihood,individual,10,4,0,0.7142857142857143,4,0,1,0,1,not_eligible,0,0
P50,15,50000,Delhi,student,school,general,female,1,student,individual,COM001,Commerce & Industry / Recognition,individual,12,2,0,0.8571428571428571,3,1,1,0,1,not_eligible,0,0
P50,15,50000,Delhi,student,school,general,female,1,student,individual,SCI001,Science & Technology / Innovation,individual,11,3,0,0.7857142857142857,5,1,1,0,1,not_eligible,0,0
P50,15,50000,Delhi,student,school,general,female,1,student,individual,FIN002,Financial Inclusion / Entrepreneurship,individual,11,3,0,0.7857142857142857,6,1,1,0,1,not_eligible,0,0
P50,15,50000,Delhi,student,school,general,female,1,student,individual,MED003,Health / Financial Assistance,individual,12,2,0,0.8571428571428571,5,1,1,0,1,not_eligible,0,0
P50,15,50000,Delhi,student,school,general,female,1,student,individual,MED004,Healthcare / Financial Assistance,individual,13,1,0,0.9285714285714286,5,1,1,0,1,not_eligible,0,0
P50,15,50000,Delhi,student,school,general,female,1,student,individual,MED005,Healthcare / Insurance,individual,12,2,0,0.8571428571428571,4,0,1,0,1,not_eligible,0,0
P50,15,50000,Delhi,student,school,general,female,1,student,individual,WOM001,Women & Child Development / Nutrition,individual,12,2,0,0.8571428571428571,3,0,1,0,1,not_eligible,0,0
P50,15,50000,Delhi,student,school,general,female,1,student,individual,HEA001,Healthcare / Pharmaceuticals,individual,12,2,0,0.8571428571428571,5,0,1,0,1,not_eligible,0,0
P50,15,50000,Delhi,student,school,general,female,1,student,individual,EDU003,Education / Nutrition,individual,10,3,1,0.7142857142857143,2,0,1,1,1,not_eligible,0,0
P50,15,50000,Delhi,student,school,general,female,1,student,individual,EDU004,Scholarship / Disability Welfare,individual,9,3,2,0.6428571428571429,6,0,1,1,1,not_eligible,0,0
P50,15,50000,Delhi,student,school,general,female,1,student,individual,EDU005,Scholarship / Social Justice,individual,10,3,1,0.7142857142857143,6,0,1,1,1,not_eligible,0,0
P50,15,50000,Delhi,student,school,general,female,1,student,individual,EDU006,Scholarship / Women Education,individual,10,2,3,0.6666666666666666,5,1,1,1,1,not_eligible,0,0
P50,15,50000,Delhi,student,school,general,female,1,student,individual,RES002,Higher Education / Research Fellowship,individual,8,4,2,0.5714285714285714,6,1,1,1,1,not_eligible,0,0
P50,15,50000,Delhi,student,school,general,female,1,student,individual,SKI001,Skill Development / Minority Affairs,individual,10,4,0,0.7142857142857143,4,0,1,0,1,not_eligible,0,0
P50,15,50000,Delhi,student,school,general,female,1,student,individual,WOM002,Women & Child Development / Justice,individual,12,2,0,0.8571428571428571,2,0,1,0,1,not_eligible,0,0
P50,15,50000,Delhi,student,school,general,female,1,student,individual,EDU007,Scholarship / Education,individual,11,2,1,0.7857142857142857,6,0,1,1,1,not_eligible,0,0
P50,15,50000,Delhi,student,school,general,female,1,student,individual,RES003,Science & Technology / Research Fellowship,individual,8,5,1,0.5714285714285714,5,1,1,1,1,not_eligible,0,0
P50,15,50000,Delhi,student,school,general,female,1,student,individual,EDU008,Higher Education / Electronics & IT Research,individual,9,3,2,0.6428571428571429,4,1,1,1,1,not_eligible,0,0
P50,15,50000,Delhi,student,school,general,female,1,student,individual,RES004,Science & Technology / Engineering Fellowship,individual,9,4,1,0.6428571428571429,4,1,1,1,1,not_eligible,0,0
P50,15,50000,Delhi,student,school,general,female,1,student,individual,CUL002,Culture / Arts & Performing Arts,individual,10,4,0,0.7142857142857143,5,1,1,0,1,not_eligible,0,0
P50,15,50000,Delhi,student,school,general,female,1,student,individual,CUL003,Culture / State Recognition,individual,10,4,0,0.7142857142857143,5,1,1,0,1,not_eligible,0,0
P50,15,50000,Delhi,student,school,general,female,1,student,individual,CUL004,Culture / Infrastructure Support,individual,11,2,1,0.7857142857142857,5,1,1,1,1,not_eligible,0,0
P51,30,250000,Bihar,entrepreneur,graduate,minority,male,1,self-employed,business,MED001,Health / Social Welfare,individual,11,3,0,0.7857142857142857,9,1,1,0,1,not_eligible,0,0
P51,30,250000,Bihar,entrepreneur,graduate,minority,male,1,self-employed,business,CUL001,Culture / Pension,individual,10,4,0,0.7142857142857143,8,1,1,0,1,not_eligible,0,0
P51,30,250000,Bihar,entrepreneur,graduate,minority,male,1,self-employed,business,SOC001,Social Security / Pension,individual,10,3,1,0.7142857142857143,6,0,1,1,1,not_eligible,0,0
P51,30,250000,Bihar,entrepreneur,graduate,minority,male,1,self-employed,business,HOU001,Housing / LGBTQ+ Welfare,individual,11,3,0,0.7857142857142857,3,1,1,0,1,not_eligible,0,0
P51,30,250000,Bihar,entrepreneur,graduate,minority,male,1,self-employed,business,EXT001,External Affairs / Overseas Welfare,individual,12,2,0,0.8571428571428571,4,1,1,0,1,not_eligible,0,0
P51,30,250000,Bihar,entrepreneur,graduate,minority,male,1,self-employed,business,RUR001,Rural Infrastructure / Energy,community,11,3,0,0.7857142857142857,3,1,1,0,0,not_eligible,0,0
P51,30,250000,Bihar,entrepreneur,graduate,minority,male,1,self-employed,business,EDU001,Education / Disability,institution,9,4,1,0.6428571428571429,6,1,1,1,0,not_eligible,0,0
P51,30,250000,Bihar,entrepreneur,graduate,minority,male,1,self-employed,business,EDU002,Scholarship / Education,individual,9,5,0,0.6428571428571429,7,0,1,0,1,not_eligible,0,0
P51,30,250000,Bihar,entrepreneur,graduate,minority,male,1,self-employed,business,RES001,Research & Development,institution,9,4,1,0.6428571428571429,5,1,1,1,0,not_eligible,0,0
P51,30,250000,Bihar,entrepreneur,graduate,minority,male,1,self-employed,business,FIN001,Financial Inclusion / Insurance,individual,13,1,0,0.9285714285714286,4,0,1,0,1,not_eligible,0,0
P51,30,250000,Bihar,entrepreneur,graduate,minority,male,1,self-employed,business,AGR001,Fisheries / Social Security,individual,11,3,0,0.7857142857142857,8,1,1,0,1,not_eligible,0,0
P51,30,250000,Bihar,entrepreneur,graduate,minority,male,1,self-employed,business,MED002,Health / Financial Assistance,individual,12,2,0,0.8571428571428571,5,1,1,0,1,not_eligible,0,0
P51,30,250000,Bihar,entrepreneur,graduate,minority,male,1,self-employed,business,SOC002,Social Security / Healthcare,individual,10,4,0,0.7142857142857143,6,1,1,0,1,not_eligible,0,0
P51,30,250000,Bihar,entrepreneur,graduate,minority,male,1,self-employed,business,EMP001,Entrepreneurship / Minority Welfare,individual,11,3,0,0.7857142857142857,6,0,1,0,1,not_eligible,0,0
P51,30,250000,Bihar,entrepreneur,graduate,minority,male,1,self-employed,business,SKL001,Skill Development / Agriculture,organization,12,2,0,0.8571428571428571,4,0,1,0,0,not_eligible,0,0
P51,30,250000,Bihar,entrepreneur,graduate,minority,male,1,self-employed,business,AGR002,Agriculture / Export Promotion,organization,12,2,0,0.8571428571428571,4,1,1,0,0,not_eligible,0,0
P51,30,250000,Bihar,entrepreneur,graduate,minority,male,1,self-employed,business,AGR003,Agriculture / Farm Mechanization,individual,12,2,1,0.8,5,0,1,1,1,not_eligible,0,0
P51,30,250000,Bihar,entrepreneur,graduate,minority,male,1,self-employed,business,RUR002,Rural Development / Land Ownership,individual,13,1,0,0.9285714285714286,3,1,1,0,1,not_eligible,0,0
P51,30,250000,Bihar,entrepreneur,graduate,minority,male,1,self-employed,business,DIS001,Disability Welfare / Transport Aid,individual,8,5,1,0.5714285714285714,7,0,1,1,1,not_eligible,0,0
P51,30,250000,Bihar,entrepreneur,graduate,minority,male,1,self-employed,business,SKL002,Skill Development / Entrepreneurship,individual,10,4,0,0.7142857142857143,5,1,1,0,1,not_eligible,0,0
P51,30,250000,Bihar,entrepreneur,graduate,minority,male,1,self-employed,business,SOC003,Minority Welfare / Financial Assistance,individual,10,4,0,0.7142857142857143,6,0,1,0,1,not_eligible,0,0
P51,30,250000,Bihar,entrepreneur,graduate,minority,male,1,self-employed,business,MIN001,Minority Welfare / Skill & Livelihood,individual,12,2,0,0.8571428571428571,4,0,1,0,1,not_eligible,0,0
P51,30,250000,Bihar,entrepreneur,graduate,minority,male,1,self-employed,business,COM001,Commerce & Industry / Recognition,individual,12,2,0,0.8571428571428571,3,1,1,0,1,not_eligible,0,0
P51,30,250000,Bihar,entrepreneur,graduate,minority,male,1,self-employed,business,SCI001,Science & Technology / Innovation,individual,13,1,0,0.9285714285714286,5,1,1,0,1,not_eligible,0,0
P51,30,250000,Bihar,entrepreneur,graduate,minority,male,1,self-employed,business,FIN002,Financial Inclusion / Entrepreneurship,individual,12,2,0,0.8571428571428571,6,1,1,0,1,not_eligible,0,0
P51,30,250000,Bihar,entrepreneur,graduate,minority,male,1,self-employed,business,MED003,Health / Financial Assistance,individual,11,3,0,0.7857142857142857,5,1,1,0,1,not_eligible,0,0
P51,30,250000,Bihar,entrepreneur,graduate,minority,male,1,self-employed,business,MED004,Healthcare / Financial Assistance,individual,12,2,0,0.8571428571428571,5,1,1,0,1,not_eligible,0,0
P51,30,250000,Bihar,entrepreneur,graduate,minority,male,1,self-employed,business,MED005,Healthcare / Insurance,individual,12,2,0,0.8571428571428571,4,0,1,0,1,not_eligible,0,0
P51,30,250000,Bihar,entrepreneur,graduate,minority,male,1,self-employed,business,WOM001,Women & Child Development / Nutrition,individual,11,3,0,0.7857142857142857,3,0,1,0,1,not_eligible,0,0
P51,30,250000,Bihar,entrepreneur,graduate,minority,male,1,self-employed,business,HEA001,Healthcare / Pharmaceuticals,individual,13,1,0,0.9285714285714286,5,0,1,0,1,not_eligible,0,0
P51,30,250000,Bihar,entrepreneur,graduate,minority,male,1,self-employed,business,EDU003,Education / Nutrition,individual,9,4,1,0.6428571428571429,2,0,1,1,1,not_eligible,0,0
P51,30,250000,Bihar,entrepreneur,graduate,minority,male,1,self-employed,business,EDU004,Scholarship / Disability Welfare,individual,8,4,2,0.5714285714285714,6,0,1,1,1,not_eligible,0,0
P51,30,250000,Bihar,entrepreneur,graduate,minority,male,1,self-employed,business,EDU005,Scholarship / Social Justice,individual,8,5,1,0.5714285714285714,6,0,1,1,1,not_eligible,0,0
P51,30,250000,Bihar,entrepreneur,graduate,minority,male,1,self-employed,business,EDU006,Scholarship / Women Education,individual,9,3,3,0.6,5,1,1,1,1,not_eligible,0,0
P51,30,250000,Bihar,entrepreneur,graduate,minority,male,1,self-employed,business,RES002,Higher Education / Research Fellowship,individual,9,3,2,0.6428571428571429,6,1,1,1,1,not_eligible,0,0
P51,30,250000,Bihar,entrepreneur,graduate,minority,male,1,self-employed,business,SKI001,Skill Development / Minority Affairs,individual,11,3,0,0.7857142857142857,4,0,1,0,1,not_eligible,0,0
P51,30,250000,Bihar,entrepreneur,graduate,minority,male,1,self-employed,business,WOM002,Women & Child Development / Justice,individual,13,1,0,0.9285714285714286,2,0,1,0,1,not_eligible,0,0
P51,30,250000,Bihar,entrepreneur,graduate,minority,male,1,self-employed,business,EDU007,Scholarship / Education,individual,8,5,1,0.5714285714285714,6,0,1,1,1,not_eligible,0,0
P51,30,250000,Bihar,entrepreneur,graduate,minority,male,1,self-employed,business,RES003,Science & Technology / Research Fellowship,individual,8,5,1,0.5714285714285714,5,1,1,1,1,not_eligible,0,0
P51,30,250000,Bihar,entrepreneur,graduate,minority,male,1,self-employed,business,EDU008,Higher Education / Electronics & IT Research,individual,10,2,2,0.7142857142857143,4,1,1,1,1,not_eligible,0,0
P51,30,250000,Bihar,entrepreneur,graduate,minority,male,1,self-employed,business,RES004,Science & Technology / Engineering Fellowship,individual,9,4,1,0.6428571428571429,4,1,1,1,1,not_eligible,0,0
P51,30,250000,Bihar,entrepreneur,graduate,minority,male,1,self-employed,business,CUL002,Culture / Arts & Performing Arts,individual,10,4,0,0.7142857142857143,5,1,1,0,1,not_eligible,0,0
P51,30,250000,Bihar,entrepreneur,graduate,minority,male,1,self-employed,business,CUL003,Culture / State Recognition,individual,11,3,0,0.7857142857142857,5,1,1,0,1,not_eligible,0,0
P51,30,250000,Bihar,entrepreneur,graduate,minority,male,1,self-employed,business,CUL004,Culture / Infrastructure Support,individual,11,2,1,0.7857142857142857,5,1,1,1,1,not_eligible,0,0
P52,34,700000,Delhi,researcher,PhD,general,female,1,employed,individual,MED001,Health / Social Welfare,individual,11,3,0,0.7857142857142857,9,1,1,0,1,not_eligible,0,0
P52,34,700000,Delhi,researcher,PhD,general,female,1,employed,individual,CUL001,Culture / Pension,individual,10,4,0,0.7142857142857143,8,1,1,0,1,not_eligible,0,0
P52,34,700000,Delhi,researcher,PhD,general,female,1,employed,individual,SOC001,Social Security / Pension,individual,10,3,1,0.7142857142857143,6,0,1,1,1,not_eligible,0,0
P52,34,700000,Delhi,researcher,PhD,general,female,1,employed,individual,HOU001,Housing / LGBTQ+ Welfare,individual,12,2,0,0.8571428571428571,3,1,1,0,1,not_eligible,0,0
P52,34,700000,Delhi,researcher,PhD,general,female,1,employed,individual,EXT001,External Affairs / Overseas Welfare,individual,12,2,0,0.8571428571428571,4,1,1,0,1,not_eligible,0,0
P52,34,700000,Delhi,researcher,PhD,general,female,1,employed,individual,RUR001,Rural Infrastructure / Energy,community,11,3,0,0.7857142857142857,3,1,1,0,0,not_eligible,0,0
P52,34,700000,Delhi,researcher,PhD,general,female,1,employed,individual,EDU001,Education / Disability,institution,9,4,1,0.6428571428571429,6,1,1,1,0,not_eligible,0,0
P52,34,700000,Delhi,researcher,PhD,general,female,1,employed,individual,EDU002,Scholarship / Education,individual,10,4,0,0.7142857142857143,7,0,1,0,1,not_eligible,0,0
P52,34,700000,Delhi,researcher,PhD,general,female,1,employed,individual,RES001,Research & Development,institution,11,2,1,0.7857142857142857,5,1,1,1,0,not_eligible,0,0
P52,34,700000,Delhi,researcher,PhD,general,female,1,employed,individual,FIN001,Financial Inclusion / Insurance,individual,13,1,0,0.9285714285714286,4,0,1,0,1,not_eligible,0,0
P52,34,700000,Delhi,researcher,PhD,general,female,1,employed,individual,AGR001,Fisheries / Social Security,individual,11,3,0,0.7857142857142857,8,1,1,0,1,not_eligible,0,0
P52,34,700000,Delhi,researcher,PhD,general,female,1,employed,individual,MED002,Health / Financial Assistance,individual,12,2,0,0.8571428571428571,5,1,1,0,1,not_eligible,0,0
P52,34,700000,Delhi,researcher,PhD,general,female,1,employed,individual,SOC002,Social Security / Healthcare,individual,10,4,0,0.7142857142857143,6,1,1,0,1,not_eligible,0,0
P52,34,700000,Delhi,researcher,PhD,general,female,1,employed,individual,EMP001,Entrepreneurship / Minority Welfare,individual,9,5,0,0.6428571428571429,6,0,1,0,1,not_eligible,0,0
P52,34,700000,Delhi,researcher,PhD,general,female,1,employed,individual,SKL001,Skill Development / Agriculture,organization,11,3,0,0.7857142857142857,4,0,1,0,0,not_eligible,0,0
P52,34,700000,Delhi,researcher,PhD,general,female,1,employed,individual,AGR002,Agriculture / Export Promotion,organization,12,2,0,0.8571428571428571,4,1,1,0,0,not_eligible,0,0
P52,34,700000,Delhi,researcher,PhD,general,female,1,employed,individual,AGR003,Agriculture / Farm Mechanization,individual,12,2,1,0.8,5,0,1,1,1,not_eligible,0,0
P52,34,700000,Delhi,researcher,PhD,general,female,1,employed,individual,RUR002,Rural Development / Land Ownership,individual,13,1,0,0.9285714285714286,3,1,1,0,1,not_eligible,0,0
P52,34,700000,Delhi,researcher,PhD,general,female,1,employed,individual,DIS001,Disability Welfare / Transport Aid,individual,8,5,1,0.5714285714285714,7,0,1,1,1,not_eligible,0,0
P52,34,700000,Delhi,researcher,PhD,general,female,1,employed,individual,SKL002,Skill Development / Entrepreneurship,individual,10,4,0,0.7142857142857143,5,1,1,0,1,not_eligible,0,0
P52,34,700000,Delhi,researcher,PhD,general,female,1,employed,individual,SOC003,Minority Welfare / Financial Assistance,individual,9,5,0,0.6428571428571429,6,0,1,0,1,not_eligible,0,0
P52,34,700000,Delhi,researcher,PhD,general,female,1,employed,individual,MIN001,Minority Welfare / Skill & Livelihood,individual,11,3,0,0.7857142857142857,4,0,1,0,1,not_eligible,0,0
P52,34,700000,Delhi,researcher,PhD,general,female,1,employed,individual,COM001,Commerce & Industry / Recognition,individual,12,2,0,0.8571428571428571,3,1,1,0,1,not_eligible,0,0
P52,34,700000,Delhi,researcher,PhD,general,female,1,employed,individual,SCI001,Science & Technology / Innovation,individual,13,1,0,0.9285714285714286,5,1,1,0,1,not_eligible,0,0
P52,34,700000,Delhi,researcher,PhD,general,female,1,employed,individual,FIN002,Financial Inclusion / Entrepreneurship,individual,12,2,0,0.8571428571428571,6,1,1,0,1,not_eligible,0,0
P52,34,700000,Delhi,researcher,PhD,general,female,1,employed,individual,MED003,Health / Financial Assistance,individual,11,3,0,0.7857142857142857,5,1,1,0,1,not_eligible,0,0
P52,34,700000,Delhi,researcher,PhD,general,female,1,employed,individual,MED004,Healthcare / Financial Assistance,individual,12,2,0,0.8571428571428571,5,1,1,0,1,not_eligible,0,0
P52,34,700000,Delhi,researcher,PhD,general,female,1,employed,individual,MED005,Healthcare / Insurance,individual,12,2,0,0.8571428571428571,4,0,1,0,1,not_eligible,0,0
P52,34,700000,Delhi,researcher,PhD,general,female,1,employed,individual,WOM001,Women & Child Development / Nutrition,individual,11,3,0,0.7857142857142857,3,0,1,0,1,not_eligible,0,0
P52,34,700000,Delhi,researcher,PhD,general,female,1,employed,individual,HEA001,Healthcare / Pharmaceuticals,individual,12,2,0,0.8571428571428571,5,0,1,0,1,not_eligible,0,0
P52,34,700000,Delhi,researcher,PhD,general,female,1,employed,individual,EDU003,Education / Nutrition,individual,9,4,1,0.6428571428571429,2,0,1,1,1,not_eligible,0,0
P52,34,700000,Delhi,researcher,PhD,general,female,1,employed,individual,EDU004,Scholarship / Disability Welfare,individual,7,5,2,0.5,6,0,1,1,1,not_eligible,0,0
P52,34,700000,Delhi,researcher,PhD,general,female,1,employed,individual,EDU005,Scholarship / Social Justice,individual,7,6,1,0.5,6,0,1,1,1,not_eligible,0,0
P52,34,700000,Delhi,researcher,PhD,general,female,1,employed,individual,EDU006,Scholarship / Women Education,individual,7,5,3,0.4666666666666667,5,1,1,1,1,not_eligible,0,0
P52,34,700000,Delhi,researcher,PhD,general,female,1,employed,individual,RES002,Higher Education / Research Fellowship,individual,9,3,2,0.6428571428571429,6,1,1,1,1,not_eligible,0,0
P52,34,700000,Delhi,researcher,PhD,general,female,1,employed,individual,SKI001,Skill Development / Minority Affairs,individual,10,4,0,0.7142857142857143,4,0,1,0,1,not_eligible,0,0
P52,34,700000,Delhi,researcher,PhD,general,female,1,employed,individual,WOM002,Women & Child Development / Justice,individual,13,1,0,0.9285714285714286,2,0,1,0,1,not_eligible,0,0
P52,34,700000,Delhi,researcher,PhD,general,female,1,employed,individual,EDU007,Scholarship / Education,individual,7,6,1,0.5,6,0,1,1,1,not_eligible,0,0
P52,34,700000,Delhi,researcher,PhD,general,female,1,employed,individual,RES003,Science & Technology / Research Fellowship,individual,10,3,1,0.7142857142857143,5,1,1,1,1,not_eligible,0,0
P52,34,700000,Delhi,researcher,PhD,general,female,1,employed,individual,EDU008,Higher Education / Electronics & IT Research,individual,9,3,2,0.6428571428571429,4,1,1,1,1,not_eligible,0,0
P52,34,700000,Delhi,researcher,PhD,general,female,1,employed,individual,RES004,Science & Technology / Engineering Fellowship,individual,11,2,1,0.7857142857142857,4,1,1,1,1,not_eligible,0,0
P52,34,700000,Delhi,researcher,PhD,general,female,1,employed,individual,CUL002,Culture / Arts & Performing Arts,individual,10,4,0,0.7142857142857143,5,1,1,0,1,not_eligible,0,0
P52,34,700000,Delhi,researcher,PhD,general,female,1,employed,individual,CUL003,Culture / State Recognition,individual,11,3,0,0.7857142857142857,5,1,1,0,1,not_eligible,0,0
P52,34,700000,Delhi,researcher,PhD,general,female,1,employed,individual,CUL004,Culture / Infrastructure Support,individual,11,2,1,0.7857142857142857,5,1,1,1,1,not_eligible,0,0
